Standard Cell,Instance Name,Parent Module
sky130_fd_sc_hd__inv_2,_06243_,picorv32_pcpi_fast_mul
sky130_fd_sc_hd__and4bb_2,_06244_,picorv32_pcpi_fast_mul
sky130_fd_sc_hd__or3_2,_06245_,picorv32_pcpi_fast_mul
sky130_fd_sc_hd__or3b_2,_06246_,picorv32_pcpi_fast_mul
sky130_fd_sc_hd__or4b_2,_06247_,picorv32_pcpi_fast_mul
sky130_fd_sc_hd__or4b_2,_06248_,picorv32_pcpi_fast_mul
sky130_fd_sc_hd__inv_2,_06249_,picorv32_pcpi_fast_mul
sky130_fd_sc_hd__and4_2,_06250_,picorv32_pcpi_fast_mul
sky130_fd_sc_hd__o21a_2,_06251_,picorv32_pcpi_fast_mul
sky130_fd_sc_hd__mux2_1,_06252_,picorv32_pcpi_fast_mul
sky130_fd_sc_hd__mux2_1,_06253_,picorv32_pcpi_fast_mul
sky130_fd_sc_hd__mux2_1,_06254_,picorv32_pcpi_fast_mul
sky130_fd_sc_hd__mux2_1,_06255_,picorv32_pcpi_fast_mul
sky130_fd_sc_hd__mux2_1,_06256_,picorv32_pcpi_fast_mul
sky130_fd_sc_hd__mux2_1,_06257_,picorv32_pcpi_fast_mul
sky130_fd_sc_hd__mux2_1,_06258_,picorv32_pcpi_fast_mul
sky130_fd_sc_hd__mux2_1,_06259_,picorv32_pcpi_fast_mul
sky130_fd_sc_hd__mux2_1,_06260_,picorv32_pcpi_fast_mul
sky130_fd_sc_hd__mux2_1,_06261_,picorv32_pcpi_fast_mul
sky130_fd_sc_hd__mux2_1,_06262_,picorv32_pcpi_fast_mul
sky130_fd_sc_hd__mux2_1,_06263_,picorv32_pcpi_fast_mul
sky130_fd_sc_hd__mux2_1,_06264_,picorv32_pcpi_fast_mul
sky130_fd_sc_hd__mux2_1,_06265_,picorv32_pcpi_fast_mul
sky130_fd_sc_hd__mux2_1,_06266_,picorv32_pcpi_fast_mul
sky130_fd_sc_hd__mux2_1,_06267_,picorv32_pcpi_fast_mul
sky130_fd_sc_hd__mux2_1,_06268_,picorv32_pcpi_fast_mul
sky130_fd_sc_hd__mux2_1,_06269_,picorv32_pcpi_fast_mul
sky130_fd_sc_hd__mux2_1,_06270_,picorv32_pcpi_fast_mul
sky130_fd_sc_hd__mux2_1,_06271_,picorv32_pcpi_fast_mul
sky130_fd_sc_hd__mux2_1,_06272_,picorv32_pcpi_fast_mul
sky130_fd_sc_hd__mux2_1,_06273_,picorv32_pcpi_fast_mul
sky130_fd_sc_hd__mux2_1,_06274_,picorv32_pcpi_fast_mul
sky130_fd_sc_hd__mux2_1,_06275_,picorv32_pcpi_fast_mul
sky130_fd_sc_hd__mux2_1,_06276_,picorv32_pcpi_fast_mul
sky130_fd_sc_hd__mux2_1,_06277_,picorv32_pcpi_fast_mul
sky130_fd_sc_hd__mux2_1,_06278_,picorv32_pcpi_fast_mul
sky130_fd_sc_hd__mux2_1,_06279_,picorv32_pcpi_fast_mul
sky130_fd_sc_hd__mux2_1,_06280_,picorv32_pcpi_fast_mul
sky130_fd_sc_hd__mux2_1,_06281_,picorv32_pcpi_fast_mul
sky130_fd_sc_hd__mux2_1,_06282_,picorv32_pcpi_fast_mul
sky130_fd_sc_hd__mux2_1,_06283_,picorv32_pcpi_fast_mul
sky130_fd_sc_hd__and2_2,_06284_,picorv32_pcpi_fast_mul
sky130_fd_sc_hd__a22oi_2,_06285_,picorv32_pcpi_fast_mul
sky130_fd_sc_hd__and3_2,_06286_,picorv32_pcpi_fast_mul
sky130_fd_sc_hd__nor2_2,_06287_,picorv32_pcpi_fast_mul
sky130_fd_sc_hd__and4_2,_06288_,picorv32_pcpi_fast_mul
sky130_fd_sc_hd__a22oi_2,_06289_,picorv32_pcpi_fast_mul
sky130_fd_sc_hd__nor2_2,_06290_,picorv32_pcpi_fast_mul
sky130_fd_sc_hd__nand2_2,_06291_,picorv32_pcpi_fast_mul
sky130_fd_sc_hd__xnor2_2,_06292_,picorv32_pcpi_fast_mul
sky130_fd_sc_hd__nand2_2,_06293_,picorv32_pcpi_fast_mul
sky130_fd_sc_hd__or2_2,_06294_,picorv32_pcpi_fast_mul
sky130_fd_sc_hd__and2_2,_06295_,picorv32_pcpi_fast_mul
sky130_fd_sc_hd__and4_2,_06296_,picorv32_pcpi_fast_mul
sky130_fd_sc_hd__a22oi_2,_06297_,picorv32_pcpi_fast_mul
sky130_fd_sc_hd__nor2_2,_06298_,picorv32_pcpi_fast_mul
sky130_fd_sc_hd__nand2_2,_06299_,picorv32_pcpi_fast_mul
sky130_fd_sc_hd__xnor2_2,_06300_,picorv32_pcpi_fast_mul
sky130_fd_sc_hd__o21ba_2,_06301_,picorv32_pcpi_fast_mul
sky130_fd_sc_hd__nand2b_2,_06302_,picorv32_pcpi_fast_mul
sky130_fd_sc_hd__xnor2_2,_06303_,picorv32_pcpi_fast_mul
sky130_fd_sc_hd__nand3_2,_06304_,picorv32_pcpi_fast_mul
sky130_fd_sc_hd__a21o_2,_06305_,picorv32_pcpi_fast_mul
sky130_fd_sc_hd__nand2_2,_06306_,picorv32_pcpi_fast_mul
sky130_fd_sc_hd__nor2_2,_06307_,picorv32_pcpi_fast_mul
sky130_fd_sc_hd__and2_2,_06308_,picorv32_pcpi_fast_mul
sky130_fd_sc_hd__nor2_2,_06309_,picorv32_pcpi_fast_mul
sky130_fd_sc_hd__and4_2,_06310_,picorv32_pcpi_fast_mul
sky130_fd_sc_hd__a22oi_2,_06311_,picorv32_pcpi_fast_mul
sky130_fd_sc_hd__nor2_2,_06312_,picorv32_pcpi_fast_mul
sky130_fd_sc_hd__nand2_2,_06313_,picorv32_pcpi_fast_mul
sky130_fd_sc_hd__xnor2_2,_06314_,picorv32_pcpi_fast_mul
sky130_fd_sc_hd__o21ba_2,_06315_,picorv32_pcpi_fast_mul
sky130_fd_sc_hd__nand2b_2,_06316_,picorv32_pcpi_fast_mul
sky130_fd_sc_hd__xnor2_2,_06317_,picorv32_pcpi_fast_mul
sky130_fd_sc_hd__a22oi_2,_06318_,picorv32_pcpi_fast_mul
sky130_fd_sc_hd__and4_2,_06319_,picorv32_pcpi_fast_mul
sky130_fd_sc_hd__or2_2,_06320_,picorv32_pcpi_fast_mul
sky130_fd_sc_hd__inv_2,_06321_,picorv32_pcpi_fast_mul
sky130_fd_sc_hd__nand2_2,_06322_,picorv32_pcpi_fast_mul
sky130_fd_sc_hd__or2_2,_06323_,picorv32_pcpi_fast_mul
sky130_fd_sc_hd__nand2_2,_06324_,picorv32_pcpi_fast_mul
sky130_fd_sc_hd__nand2_2,_06325_,picorv32_pcpi_fast_mul
sky130_fd_sc_hd__a21o_2,_06326_,picorv32_pcpi_fast_mul
sky130_fd_sc_hd__xnor2_2,_06327_,picorv32_pcpi_fast_mul
sky130_fd_sc_hd__nand2_2,_06328_,picorv32_pcpi_fast_mul
sky130_fd_sc_hd__or2_2,_06329_,picorv32_pcpi_fast_mul
sky130_fd_sc_hd__and2_2,_06330_,picorv32_pcpi_fast_mul
sky130_fd_sc_hd__and4_2,_06331_,picorv32_pcpi_fast_mul
sky130_fd_sc_hd__a22oi_2,_06332_,picorv32_pcpi_fast_mul
sky130_fd_sc_hd__nand2_2,_06333_,picorv32_pcpi_fast_mul
sky130_fd_sc_hd__or3_2,_06334_,picorv32_pcpi_fast_mul
sky130_fd_sc_hd__o21ai_2,_06335_,picorv32_pcpi_fast_mul
sky130_fd_sc_hd__o21bai_2,_06336_,picorv32_pcpi_fast_mul
sky130_fd_sc_hd__and3_2,_06337_,picorv32_pcpi_fast_mul
sky130_fd_sc_hd__a21o_2,_06338_,picorv32_pcpi_fast_mul
sky130_fd_sc_hd__and2b_2,_06339_,picorv32_pcpi_fast_mul
sky130_fd_sc_hd__a22oi_2,_06340_,picorv32_pcpi_fast_mul
sky130_fd_sc_hd__and4_2,_06341_,picorv32_pcpi_fast_mul
sky130_fd_sc_hd__nor2_2,_06342_,picorv32_pcpi_fast_mul
sky130_fd_sc_hd__nand2_2,_06343_,picorv32_pcpi_fast_mul
sky130_fd_sc_hd__and3_2,_06344_,picorv32_pcpi_fast_mul
sky130_fd_sc_hd__xnor2_2,_06345_,picorv32_pcpi_fast_mul
sky130_fd_sc_hd__xnor2_2,_06346_,picorv32_pcpi_fast_mul
sky130_fd_sc_hd__a21oi_2,_06347_,picorv32_pcpi_fast_mul
sky130_fd_sc_hd__nand3_2,_06348_,picorv32_pcpi_fast_mul
sky130_fd_sc_hd__and2b_2,_06349_,picorv32_pcpi_fast_mul
sky130_fd_sc_hd__xnor2_2,_06350_,picorv32_pcpi_fast_mul
sky130_fd_sc_hd__or2_2,_06351_,picorv32_pcpi_fast_mul
sky130_fd_sc_hd__nand2_2,_06352_,picorv32_pcpi_fast_mul
sky130_fd_sc_hd__nand2_2,_06353_,picorv32_pcpi_fast_mul
sky130_fd_sc_hd__or2_2,_06354_,picorv32_pcpi_fast_mul
sky130_fd_sc_hd__nand2_2,_06355_,picorv32_pcpi_fast_mul
sky130_fd_sc_hd__and2_2,_06356_,picorv32_pcpi_fast_mul
sky130_fd_sc_hd__and4_2,_06357_,picorv32_pcpi_fast_mul
sky130_fd_sc_hd__a22oi_2,_06358_,picorv32_pcpi_fast_mul
sky130_fd_sc_hd__nand2_2,_06359_,picorv32_pcpi_fast_mul
sky130_fd_sc_hd__or3_2,_06360_,picorv32_pcpi_fast_mul
sky130_fd_sc_hd__o21ai_2,_06361_,picorv32_pcpi_fast_mul
sky130_fd_sc_hd__o21bai_2,_06362_,picorv32_pcpi_fast_mul
sky130_fd_sc_hd__nand3_2,_06363_,picorv32_pcpi_fast_mul
sky130_fd_sc_hd__a21o_2,_06364_,picorv32_pcpi_fast_mul
sky130_fd_sc_hd__a22oi_2,_06365_,picorv32_pcpi_fast_mul
sky130_fd_sc_hd__and4_2,_06366_,picorv32_pcpi_fast_mul
sky130_fd_sc_hd__nor2_2,_06367_,picorv32_pcpi_fast_mul
sky130_fd_sc_hd__nand2_2,_06368_,picorv32_pcpi_fast_mul
sky130_fd_sc_hd__xnor2_2,_06369_,picorv32_pcpi_fast_mul
sky130_fd_sc_hd__nand3_2,_06370_,picorv32_pcpi_fast_mul
sky130_fd_sc_hd__a21o_2,_06371_,picorv32_pcpi_fast_mul
sky130_fd_sc_hd__a21o_2,_06372_,picorv32_pcpi_fast_mul
sky130_fd_sc_hd__nand3_2,_06373_,picorv32_pcpi_fast_mul
sky130_fd_sc_hd__inv_2,_06374_,picorv32_pcpi_fast_mul
sky130_fd_sc_hd__a21o_2,_06375_,picorv32_pcpi_fast_mul
sky130_fd_sc_hd__o211a_2,_06376_,picorv32_pcpi_fast_mul
sky130_fd_sc_hd__a211oi_2,_06377_,picorv32_pcpi_fast_mul
sky130_fd_sc_hd__nor2_2,_06378_,picorv32_pcpi_fast_mul
sky130_fd_sc_hd__and3_2,_06379_,picorv32_pcpi_fast_mul
sky130_fd_sc_hd__a21oi_2,_06380_,picorv32_pcpi_fast_mul
sky130_fd_sc_hd__nor2_2,_06381_,picorv32_pcpi_fast_mul
sky130_fd_sc_hd__a21o_2,_06382_,picorv32_pcpi_fast_mul
sky130_fd_sc_hd__nand2_2,_06383_,picorv32_pcpi_fast_mul
sky130_fd_sc_hd__xnor2_2,_06384_,picorv32_pcpi_fast_mul
sky130_fd_sc_hd__and3_2,_06385_,picorv32_pcpi_fast_mul
sky130_fd_sc_hd__a21oi_2,_06386_,picorv32_pcpi_fast_mul
sky130_fd_sc_hd__nor2_2,_06387_,picorv32_pcpi_fast_mul
sky130_fd_sc_hd__and4_2,_06388_,picorv32_pcpi_fast_mul
sky130_fd_sc_hd__a22oi_2,_06389_,picorv32_pcpi_fast_mul
sky130_fd_sc_hd__nand2_2,_06390_,picorv32_pcpi_fast_mul
sky130_fd_sc_hd__or3_2,_06391_,picorv32_pcpi_fast_mul
sky130_fd_sc_hd__o21ai_2,_06392_,picorv32_pcpi_fast_mul
sky130_fd_sc_hd__o21bai_2,_06393_,picorv32_pcpi_fast_mul
sky130_fd_sc_hd__nand3_2,_06394_,picorv32_pcpi_fast_mul
sky130_fd_sc_hd__a21o_2,_06395_,picorv32_pcpi_fast_mul
sky130_fd_sc_hd__a22oi_2,_06396_,picorv32_pcpi_fast_mul
sky130_fd_sc_hd__and4_2,_06397_,picorv32_pcpi_fast_mul
sky130_fd_sc_hd__nor2_2,_06398_,picorv32_pcpi_fast_mul
sky130_fd_sc_hd__nand2_2,_06399_,picorv32_pcpi_fast_mul
sky130_fd_sc_hd__xnor2_2,_06400_,picorv32_pcpi_fast_mul
sky130_fd_sc_hd__nand3_2,_06401_,picorv32_pcpi_fast_mul
sky130_fd_sc_hd__a21o_2,_06402_,picorv32_pcpi_fast_mul
sky130_fd_sc_hd__a21bo_2,_06403_,picorv32_pcpi_fast_mul
sky130_fd_sc_hd__nand3_2,_06404_,picorv32_pcpi_fast_mul
sky130_fd_sc_hd__a21o_2,_06405_,picorv32_pcpi_fast_mul
sky130_fd_sc_hd__a31o_2,_06406_,picorv32_pcpi_fast_mul
sky130_fd_sc_hd__and4_2,_06407_,picorv32_pcpi_fast_mul
sky130_fd_sc_hd__a22oi_2,_06408_,picorv32_pcpi_fast_mul
sky130_fd_sc_hd__or2_2,_06409_,picorv32_pcpi_fast_mul
sky130_fd_sc_hd__and2b_2,_06410_,picorv32_pcpi_fast_mul
sky130_fd_sc_hd__xnor2_2,_06411_,picorv32_pcpi_fast_mul
sky130_fd_sc_hd__and3_2,_06412_,picorv32_pcpi_fast_mul
sky130_fd_sc_hd__nand3_2,_06413_,picorv32_pcpi_fast_mul
sky130_fd_sc_hd__a21oi_2,_06414_,picorv32_pcpi_fast_mul
sky130_fd_sc_hd__nor2_2,_06415_,picorv32_pcpi_fast_mul
sky130_fd_sc_hd__a21boi_2,_06416_,picorv32_pcpi_fast_mul
sky130_fd_sc_hd__or3_2,_06417_,picorv32_pcpi_fast_mul
sky130_fd_sc_hd__xnor2_2,_06418_,picorv32_pcpi_fast_mul
sky130_fd_sc_hd__o211ai_2,_06419_,picorv32_pcpi_fast_mul
sky130_fd_sc_hd__xnor2_2,_06420_,picorv32_pcpi_fast_mul
sky130_fd_sc_hd__xnor2_2,_06421_,picorv32_pcpi_fast_mul
sky130_fd_sc_hd__xnor2_2,_06422_,picorv32_pcpi_fast_mul
sky130_fd_sc_hd__or3_2,_06423_,picorv32_pcpi_fast_mul
sky130_fd_sc_hd__nand2_2,_06424_,picorv32_pcpi_fast_mul
sky130_fd_sc_hd__and4_2,_06425_,picorv32_pcpi_fast_mul
sky130_fd_sc_hd__a22oi_2,_06426_,picorv32_pcpi_fast_mul
sky130_fd_sc_hd__or3_2,_06427_,picorv32_pcpi_fast_mul
sky130_fd_sc_hd__o21ai_2,_06428_,picorv32_pcpi_fast_mul
sky130_fd_sc_hd__o21bai_2,_06429_,picorv32_pcpi_fast_mul
sky130_fd_sc_hd__nand3_2,_06430_,picorv32_pcpi_fast_mul
sky130_fd_sc_hd__a21o_2,_06431_,picorv32_pcpi_fast_mul
sky130_fd_sc_hd__a22oi_2,_06432_,picorv32_pcpi_fast_mul
sky130_fd_sc_hd__and4_2,_06433_,picorv32_pcpi_fast_mul
sky130_fd_sc_hd__nor2_2,_06434_,picorv32_pcpi_fast_mul
sky130_fd_sc_hd__nand2_2,_06435_,picorv32_pcpi_fast_mul
sky130_fd_sc_hd__xnor2_2,_06436_,picorv32_pcpi_fast_mul
sky130_fd_sc_hd__nand3_2,_06437_,picorv32_pcpi_fast_mul
sky130_fd_sc_hd__a21o_2,_06438_,picorv32_pcpi_fast_mul
sky130_fd_sc_hd__a21bo_2,_06439_,picorv32_pcpi_fast_mul
sky130_fd_sc_hd__and3_2,_06440_,picorv32_pcpi_fast_mul
sky130_fd_sc_hd__a21oi_2,_06441_,picorv32_pcpi_fast_mul
sky130_fd_sc_hd__a31o_2,_06442_,picorv32_pcpi_fast_mul
sky130_fd_sc_hd__and4_2,_06443_,picorv32_pcpi_fast_mul
sky130_fd_sc_hd__a22oi_2,_06444_,picorv32_pcpi_fast_mul
sky130_fd_sc_hd__nor2_2,_06445_,picorv32_pcpi_fast_mul
sky130_fd_sc_hd__nand2_2,_06446_,picorv32_pcpi_fast_mul
sky130_fd_sc_hd__xnor2_2,_06447_,picorv32_pcpi_fast_mul
sky130_fd_sc_hd__and2_2,_06448_,picorv32_pcpi_fast_mul
sky130_fd_sc_hd__xor2_2,_06449_,picorv32_pcpi_fast_mul
sky130_fd_sc_hd__and2_2,_06450_,picorv32_pcpi_fast_mul
sky130_fd_sc_hd__xnor2_2,_06451_,picorv32_pcpi_fast_mul
sky130_fd_sc_hd__nor3_2,_06452_,picorv32_pcpi_fast_mul
sky130_fd_sc_hd__o21a_2,_06453_,picorv32_pcpi_fast_mul
sky130_fd_sc_hd__a211o_2,_06454_,picorv32_pcpi_fast_mul
sky130_fd_sc_hd__o211ai_2,_06455_,picorv32_pcpi_fast_mul
sky130_fd_sc_hd__and3_2,_06456_,picorv32_pcpi_fast_mul
sky130_fd_sc_hd__nand3_2,_06457_,picorv32_pcpi_fast_mul
sky130_fd_sc_hd__a21oi_2,_06458_,picorv32_pcpi_fast_mul
sky130_fd_sc_hd__a211o_2,_06459_,picorv32_pcpi_fast_mul
sky130_fd_sc_hd__o211ai_2,_06460_,picorv32_pcpi_fast_mul
sky130_fd_sc_hd__and4bb_2,_06461_,picorv32_pcpi_fast_mul
sky130_fd_sc_hd__o2bb2a_2,_06462_,picorv32_pcpi_fast_mul
sky130_fd_sc_hd__or2_2,_06463_,picorv32_pcpi_fast_mul
sky130_fd_sc_hd__xnor2_2,_06464_,picorv32_pcpi_fast_mul
sky130_fd_sc_hd__or3_2,_06465_,picorv32_pcpi_fast_mul
sky130_fd_sc_hd__nand2_2,_06466_,picorv32_pcpi_fast_mul
sky130_fd_sc_hd__or4_2,_06467_,picorv32_pcpi_fast_mul
sky130_fd_sc_hd__and2_2,_06468_,picorv32_pcpi_fast_mul
sky130_fd_sc_hd__o211a_2,_06469_,picorv32_pcpi_fast_mul
sky130_fd_sc_hd__a211oi_2,_06470_,picorv32_pcpi_fast_mul
sky130_fd_sc_hd__nor2_2,_06471_,picorv32_pcpi_fast_mul
sky130_fd_sc_hd__o21ba_2,_06472_,picorv32_pcpi_fast_mul
sky130_fd_sc_hd__nand2_2,_06473_,picorv32_pcpi_fast_mul
sky130_fd_sc_hd__and4_2,_06474_,picorv32_pcpi_fast_mul
sky130_fd_sc_hd__a22oi_2,_06475_,picorv32_pcpi_fast_mul
sky130_fd_sc_hd__nor2_2,_06476_,picorv32_pcpi_fast_mul
sky130_fd_sc_hd__xnor2_2,_06477_,picorv32_pcpi_fast_mul
sky130_fd_sc_hd__nand2b_2,_06478_,picorv32_pcpi_fast_mul
sky130_fd_sc_hd__xnor2_2,_06479_,picorv32_pcpi_fast_mul
sky130_fd_sc_hd__o21ba_2,_06480_,picorv32_pcpi_fast_mul
sky130_fd_sc_hd__nand2b_2,_06481_,picorv32_pcpi_fast_mul
sky130_fd_sc_hd__xnor2_2,_06482_,picorv32_pcpi_fast_mul
sky130_fd_sc_hd__and4_2,_06483_,picorv32_pcpi_fast_mul
sky130_fd_sc_hd__a22oi_2,_06484_,picorv32_pcpi_fast_mul
sky130_fd_sc_hd__nor2_2,_06485_,picorv32_pcpi_fast_mul
sky130_fd_sc_hd__nand2_2,_06486_,picorv32_pcpi_fast_mul
sky130_fd_sc_hd__xnor2_2,_06487_,picorv32_pcpi_fast_mul
sky130_fd_sc_hd__nand2_2,_06488_,picorv32_pcpi_fast_mul
sky130_fd_sc_hd__and4_2,_06489_,picorv32_pcpi_fast_mul
sky130_fd_sc_hd__a22oi_2,_06490_,picorv32_pcpi_fast_mul
sky130_fd_sc_hd__or3_2,_06491_,picorv32_pcpi_fast_mul
sky130_fd_sc_hd__o21ai_2,_06492_,picorv32_pcpi_fast_mul
sky130_fd_sc_hd__o21bai_2,_06493_,picorv32_pcpi_fast_mul
sky130_fd_sc_hd__nand3_2,_06494_,picorv32_pcpi_fast_mul
sky130_fd_sc_hd__a21o_2,_06495_,picorv32_pcpi_fast_mul
sky130_fd_sc_hd__nand3_2,_06496_,picorv32_pcpi_fast_mul
sky130_fd_sc_hd__a21o_2,_06497_,picorv32_pcpi_fast_mul
sky130_fd_sc_hd__a21bo_2,_06498_,picorv32_pcpi_fast_mul
sky130_fd_sc_hd__nand3_2,_06499_,picorv32_pcpi_fast_mul
sky130_fd_sc_hd__a21o_2,_06500_,picorv32_pcpi_fast_mul
sky130_fd_sc_hd__nand3_2,_06501_,picorv32_pcpi_fast_mul
sky130_fd_sc_hd__a21o_2,_06502_,picorv32_pcpi_fast_mul
sky130_fd_sc_hd__o211a_2,_06503_,picorv32_pcpi_fast_mul
sky130_fd_sc_hd__o211ai_2,_06504_,picorv32_pcpi_fast_mul
sky130_fd_sc_hd__a211o_2,_06505_,picorv32_pcpi_fast_mul
sky130_fd_sc_hd__and3_2,_06506_,picorv32_pcpi_fast_mul
sky130_fd_sc_hd__a21oi_2,_06507_,picorv32_pcpi_fast_mul
sky130_fd_sc_hd__a211o_2,_06508_,picorv32_pcpi_fast_mul
sky130_fd_sc_hd__o211ai_2,_06509_,picorv32_pcpi_fast_mul
sky130_fd_sc_hd__and3b_2,_06510_,picorv32_pcpi_fast_mul
sky130_fd_sc_hd__a21bo_2,_06511_,picorv32_pcpi_fast_mul
sky130_fd_sc_hd__nand2b_2,_06512_,picorv32_pcpi_fast_mul
sky130_fd_sc_hd__inv_2,_06513_,picorv32_pcpi_fast_mul
sky130_fd_sc_hd__or3_2,_06514_,picorv32_pcpi_fast_mul
sky130_fd_sc_hd__o21ba_2,_06515_,picorv32_pcpi_fast_mul
sky130_fd_sc_hd__o21ba_2,_06516_,picorv32_pcpi_fast_mul
sky130_fd_sc_hd__a22oi_2,_06517_,picorv32_pcpi_fast_mul
sky130_fd_sc_hd__and4_2,_06518_,picorv32_pcpi_fast_mul
sky130_fd_sc_hd__nor2_2,_06519_,picorv32_pcpi_fast_mul
sky130_fd_sc_hd__nand2_2,_06520_,picorv32_pcpi_fast_mul
sky130_fd_sc_hd__xnor2_2,_06521_,picorv32_pcpi_fast_mul
sky130_fd_sc_hd__nand2b_2,_06522_,picorv32_pcpi_fast_mul
sky130_fd_sc_hd__xnor2_2,_06523_,picorv32_pcpi_fast_mul
sky130_fd_sc_hd__nand2b_2,_06524_,picorv32_pcpi_fast_mul
sky130_fd_sc_hd__xnor2_2,_06525_,picorv32_pcpi_fast_mul
sky130_fd_sc_hd__and4_2,_06526_,picorv32_pcpi_fast_mul
sky130_fd_sc_hd__a22oi_2,_06527_,picorv32_pcpi_fast_mul
sky130_fd_sc_hd__nor2_2,_06528_,picorv32_pcpi_fast_mul
sky130_fd_sc_hd__nand2_2,_06529_,picorv32_pcpi_fast_mul
sky130_fd_sc_hd__xnor2_2,_06530_,picorv32_pcpi_fast_mul
sky130_fd_sc_hd__nand2_2,_06531_,picorv32_pcpi_fast_mul
sky130_fd_sc_hd__and4_2,_06532_,picorv32_pcpi_fast_mul
sky130_fd_sc_hd__a22oi_2,_06533_,picorv32_pcpi_fast_mul
sky130_fd_sc_hd__or3_2,_06534_,picorv32_pcpi_fast_mul
sky130_fd_sc_hd__o21ai_2,_06535_,picorv32_pcpi_fast_mul
sky130_fd_sc_hd__o21bai_2,_06536_,picorv32_pcpi_fast_mul
sky130_fd_sc_hd__nand3_2,_06537_,picorv32_pcpi_fast_mul
sky130_fd_sc_hd__a21o_2,_06538_,picorv32_pcpi_fast_mul
sky130_fd_sc_hd__nand3_2,_06539_,picorv32_pcpi_fast_mul
sky130_fd_sc_hd__a21o_2,_06540_,picorv32_pcpi_fast_mul
sky130_fd_sc_hd__a21bo_2,_06541_,picorv32_pcpi_fast_mul
sky130_fd_sc_hd__nand3_2,_06542_,picorv32_pcpi_fast_mul
sky130_fd_sc_hd__a21o_2,_06543_,picorv32_pcpi_fast_mul
sky130_fd_sc_hd__and3_2,_06544_,picorv32_pcpi_fast_mul
sky130_fd_sc_hd__nand3_2,_06545_,picorv32_pcpi_fast_mul
sky130_fd_sc_hd__a21oi_2,_06546_,picorv32_pcpi_fast_mul
sky130_fd_sc_hd__a211o_2,_06547_,picorv32_pcpi_fast_mul
sky130_fd_sc_hd__o211ai_2,_06548_,picorv32_pcpi_fast_mul
sky130_fd_sc_hd__a22oi_2,_06549_,picorv32_pcpi_fast_mul
sky130_fd_sc_hd__and4_2,_06550_,picorv32_pcpi_fast_mul
sky130_fd_sc_hd__or2_2,_06551_,picorv32_pcpi_fast_mul
sky130_fd_sc_hd__a21oi_2,_06552_,picorv32_pcpi_fast_mul
sky130_fd_sc_hd__and3_2,_06553_,picorv32_pcpi_fast_mul
sky130_fd_sc_hd__nor2_2,_06554_,picorv32_pcpi_fast_mul
sky130_fd_sc_hd__nand3_2,_06555_,picorv32_pcpi_fast_mul
sky130_fd_sc_hd__a21o_2,_06556_,picorv32_pcpi_fast_mul
sky130_fd_sc_hd__o211ai_2,_06557_,picorv32_pcpi_fast_mul
sky130_fd_sc_hd__a211o_2,_06558_,picorv32_pcpi_fast_mul
sky130_fd_sc_hd__and3_2,_06559_,picorv32_pcpi_fast_mul
sky130_fd_sc_hd__a21oi_2,_06560_,picorv32_pcpi_fast_mul
sky130_fd_sc_hd__or3_2,_06561_,picorv32_pcpi_fast_mul
sky130_fd_sc_hd__o21ai_2,_06562_,picorv32_pcpi_fast_mul
sky130_fd_sc_hd__and2_2,_06563_,picorv32_pcpi_fast_mul
sky130_fd_sc_hd__a21oi_2,_06564_,picorv32_pcpi_fast_mul
sky130_fd_sc_hd__nand3_2,_06565_,picorv32_pcpi_fast_mul
sky130_fd_sc_hd__a21o_2,_06566_,picorv32_pcpi_fast_mul
sky130_fd_sc_hd__a21oi_2,_06567_,picorv32_pcpi_fast_mul
sky130_fd_sc_hd__nand3_2,_06568_,picorv32_pcpi_fast_mul
sky130_fd_sc_hd__and2b_2,_06569_,picorv32_pcpi_fast_mul
sky130_fd_sc_hd__o21ba_2,_06570_,picorv32_pcpi_fast_mul
sky130_fd_sc_hd__xnor2_2,_06571_,picorv32_pcpi_fast_mul
sky130_fd_sc_hd__nor3_2,_06572_,picorv32_pcpi_fast_mul
sky130_fd_sc_hd__xor2_2,_06573_,picorv32_pcpi_fast_mul
sky130_fd_sc_hd__and3_2,_06574_,picorv32_pcpi_fast_mul
sky130_fd_sc_hd__a22oi_2,_06575_,picorv32_pcpi_fast_mul
sky130_fd_sc_hd__and4_2,_06576_,picorv32_pcpi_fast_mul
sky130_fd_sc_hd__nor2_2,_06577_,picorv32_pcpi_fast_mul
sky130_fd_sc_hd__nand2_2,_06578_,picorv32_pcpi_fast_mul
sky130_fd_sc_hd__xnor2_2,_06579_,picorv32_pcpi_fast_mul
sky130_fd_sc_hd__and2_2,_06580_,picorv32_pcpi_fast_mul
sky130_fd_sc_hd__nor2_2,_06581_,picorv32_pcpi_fast_mul
sky130_fd_sc_hd__or2_2,_06582_,picorv32_pcpi_fast_mul
sky130_fd_sc_hd__a21oi_2,_06583_,picorv32_pcpi_fast_mul
sky130_fd_sc_hd__and3_2,_06584_,picorv32_pcpi_fast_mul
sky130_fd_sc_hd__nor2_2,_06585_,picorv32_pcpi_fast_mul
sky130_fd_sc_hd__o21ba_2,_06586_,picorv32_pcpi_fast_mul
sky130_fd_sc_hd__o21ba_2,_06587_,picorv32_pcpi_fast_mul
sky130_fd_sc_hd__a22oi_2,_06588_,picorv32_pcpi_fast_mul
sky130_fd_sc_hd__and4_2,_06589_,picorv32_pcpi_fast_mul
sky130_fd_sc_hd__nor2_2,_06590_,picorv32_pcpi_fast_mul
sky130_fd_sc_hd__nand2_2,_06591_,picorv32_pcpi_fast_mul
sky130_fd_sc_hd__xnor2_2,_06592_,picorv32_pcpi_fast_mul
sky130_fd_sc_hd__nand2b_2,_06593_,picorv32_pcpi_fast_mul
sky130_fd_sc_hd__xnor2_2,_06594_,picorv32_pcpi_fast_mul
sky130_fd_sc_hd__nand2b_2,_06595_,picorv32_pcpi_fast_mul
sky130_fd_sc_hd__xnor2_2,_06596_,picorv32_pcpi_fast_mul
sky130_fd_sc_hd__nand2_2,_06597_,picorv32_pcpi_fast_mul
sky130_fd_sc_hd__and4_2,_06598_,picorv32_pcpi_fast_mul
sky130_fd_sc_hd__a22oi_2,_06599_,picorv32_pcpi_fast_mul
sky130_fd_sc_hd__nor2_2,_06600_,picorv32_pcpi_fast_mul
sky130_fd_sc_hd__xnor2_2,_06601_,picorv32_pcpi_fast_mul
sky130_fd_sc_hd__nand2_2,_06602_,picorv32_pcpi_fast_mul
sky130_fd_sc_hd__and4_2,_06603_,picorv32_pcpi_fast_mul
sky130_fd_sc_hd__a22oi_2,_06604_,picorv32_pcpi_fast_mul
sky130_fd_sc_hd__or3_2,_06605_,picorv32_pcpi_fast_mul
sky130_fd_sc_hd__o21ai_2,_06606_,picorv32_pcpi_fast_mul
sky130_fd_sc_hd__o21bai_2,_06607_,picorv32_pcpi_fast_mul
sky130_fd_sc_hd__nand3_2,_06608_,picorv32_pcpi_fast_mul
sky130_fd_sc_hd__a21o_2,_06609_,picorv32_pcpi_fast_mul
sky130_fd_sc_hd__nand3_2,_06610_,picorv32_pcpi_fast_mul
sky130_fd_sc_hd__a21o_2,_06611_,picorv32_pcpi_fast_mul
sky130_fd_sc_hd__a21bo_2,_06612_,picorv32_pcpi_fast_mul
sky130_fd_sc_hd__nand3_2,_06613_,picorv32_pcpi_fast_mul
sky130_fd_sc_hd__a21o_2,_06614_,picorv32_pcpi_fast_mul
sky130_fd_sc_hd__and3_2,_06615_,picorv32_pcpi_fast_mul
sky130_fd_sc_hd__nand3_2,_06616_,picorv32_pcpi_fast_mul
sky130_fd_sc_hd__a21oi_2,_06617_,picorv32_pcpi_fast_mul
sky130_fd_sc_hd__a211o_2,_06618_,picorv32_pcpi_fast_mul
sky130_fd_sc_hd__o211ai_2,_06619_,picorv32_pcpi_fast_mul
sky130_fd_sc_hd__and3_2,_06620_,picorv32_pcpi_fast_mul
sky130_fd_sc_hd__a21oi_2,_06621_,picorv32_pcpi_fast_mul
sky130_fd_sc_hd__a211o_2,_06622_,picorv32_pcpi_fast_mul
sky130_fd_sc_hd__o211ai_2,_06623_,picorv32_pcpi_fast_mul
sky130_fd_sc_hd__and3_2,_06624_,picorv32_pcpi_fast_mul
sky130_fd_sc_hd__a21oi_2,_06625_,picorv32_pcpi_fast_mul
sky130_fd_sc_hd__nor2_2,_06626_,picorv32_pcpi_fast_mul
sky130_fd_sc_hd__a21bo_2,_06627_,picorv32_pcpi_fast_mul
sky130_fd_sc_hd__nand2_2,_06628_,picorv32_pcpi_fast_mul
sky130_fd_sc_hd__xnor2_2,_06629_,picorv32_pcpi_fast_mul
sky130_fd_sc_hd__nand2_2,_06630_,picorv32_pcpi_fast_mul
sky130_fd_sc_hd__a21boi_2,_06631_,picorv32_pcpi_fast_mul
sky130_fd_sc_hd__xnor2_2,_06632_,picorv32_pcpi_fast_mul
sky130_fd_sc_hd__and2b_2,_06633_,picorv32_pcpi_fast_mul
sky130_fd_sc_hd__xnor2_2,_06634_,picorv32_pcpi_fast_mul
sky130_fd_sc_hd__a21o_2,_06635_,picorv32_pcpi_fast_mul
sky130_fd_sc_hd__xor2_2,_06636_,picorv32_pcpi_fast_mul
sky130_fd_sc_hd__or2_2,_06637_,picorv32_pcpi_fast_mul
sky130_fd_sc_hd__nor2_2,_06638_,picorv32_pcpi_fast_mul
sky130_fd_sc_hd__a22oi_2,_06639_,picorv32_pcpi_fast_mul
sky130_fd_sc_hd__and4_2,_06640_,picorv32_pcpi_fast_mul
sky130_fd_sc_hd__nor2_2,_06641_,picorv32_pcpi_fast_mul
sky130_fd_sc_hd__nand2_2,_06642_,picorv32_pcpi_fast_mul
sky130_fd_sc_hd__xnor2_2,_06643_,picorv32_pcpi_fast_mul
sky130_fd_sc_hd__o21ba_2,_06644_,picorv32_pcpi_fast_mul
sky130_fd_sc_hd__and2b_2,_06645_,picorv32_pcpi_fast_mul
sky130_fd_sc_hd__xnor2_2,_06646_,picorv32_pcpi_fast_mul
sky130_fd_sc_hd__nand2_2,_06647_,picorv32_pcpi_fast_mul
sky130_fd_sc_hd__xor2_2,_06648_,picorv32_pcpi_fast_mul
sky130_fd_sc_hd__a21oi_2,_06649_,picorv32_pcpi_fast_mul
sky130_fd_sc_hd__and3_2,_06650_,picorv32_pcpi_fast_mul
sky130_fd_sc_hd__nor2_2,_06651_,picorv32_pcpi_fast_mul
sky130_fd_sc_hd__xnor2_2,_06652_,picorv32_pcpi_fast_mul
sky130_fd_sc_hd__o21ba_2,_06653_,picorv32_pcpi_fast_mul
sky130_fd_sc_hd__o21ba_2,_06654_,picorv32_pcpi_fast_mul
sky130_fd_sc_hd__a22oi_2,_06655_,picorv32_pcpi_fast_mul
sky130_fd_sc_hd__and4_2,_06656_,picorv32_pcpi_fast_mul
sky130_fd_sc_hd__nor2_2,_06657_,picorv32_pcpi_fast_mul
sky130_fd_sc_hd__nand2_2,_06658_,picorv32_pcpi_fast_mul
sky130_fd_sc_hd__xnor2_2,_06659_,picorv32_pcpi_fast_mul
sky130_fd_sc_hd__and2b_2,_06660_,picorv32_pcpi_fast_mul
sky130_fd_sc_hd__xnor2_2,_06661_,picorv32_pcpi_fast_mul
sky130_fd_sc_hd__and2b_2,_06662_,picorv32_pcpi_fast_mul
sky130_fd_sc_hd__xnor2_2,_06663_,picorv32_pcpi_fast_mul
sky130_fd_sc_hd__nand2_2,_06664_,picorv32_pcpi_fast_mul
sky130_fd_sc_hd__and4_2,_06665_,picorv32_pcpi_fast_mul
sky130_fd_sc_hd__a22oi_2,_06666_,picorv32_pcpi_fast_mul
sky130_fd_sc_hd__nor2_2,_06667_,picorv32_pcpi_fast_mul
sky130_fd_sc_hd__xnor2_2,_06668_,picorv32_pcpi_fast_mul
sky130_fd_sc_hd__nand2_2,_06669_,picorv32_pcpi_fast_mul
sky130_fd_sc_hd__and4_2,_06670_,picorv32_pcpi_fast_mul
sky130_fd_sc_hd__a22oi_2,_06671_,picorv32_pcpi_fast_mul
sky130_fd_sc_hd__or3_2,_06672_,picorv32_pcpi_fast_mul
sky130_fd_sc_hd__o21ai_2,_06673_,picorv32_pcpi_fast_mul
sky130_fd_sc_hd__o21bai_2,_06674_,picorv32_pcpi_fast_mul
sky130_fd_sc_hd__nand3_2,_06675_,picorv32_pcpi_fast_mul
sky130_fd_sc_hd__a21o_2,_06676_,picorv32_pcpi_fast_mul
sky130_fd_sc_hd__nand3_2,_06677_,picorv32_pcpi_fast_mul
sky130_fd_sc_hd__a21o_2,_06678_,picorv32_pcpi_fast_mul
sky130_fd_sc_hd__a21bo_2,_06679_,picorv32_pcpi_fast_mul
sky130_fd_sc_hd__nand3_2,_06680_,picorv32_pcpi_fast_mul
sky130_fd_sc_hd__a21o_2,_06681_,picorv32_pcpi_fast_mul
sky130_fd_sc_hd__and3_2,_06682_,picorv32_pcpi_fast_mul
sky130_fd_sc_hd__nand3_2,_06683_,picorv32_pcpi_fast_mul
sky130_fd_sc_hd__a21oi_2,_06684_,picorv32_pcpi_fast_mul
sky130_fd_sc_hd__a211oi_2,_06685_,picorv32_pcpi_fast_mul
sky130_fd_sc_hd__inv_2,_06686_,picorv32_pcpi_fast_mul
sky130_fd_sc_hd__o211a_2,_06687_,picorv32_pcpi_fast_mul
sky130_fd_sc_hd__nor2_2,_06688_,picorv32_pcpi_fast_mul
sky130_fd_sc_hd__or3_2,_06689_,picorv32_pcpi_fast_mul
sky130_fd_sc_hd__xnor2_2,_06690_,picorv32_pcpi_fast_mul
sky130_fd_sc_hd__a21bo_2,_06691_,picorv32_pcpi_fast_mul
sky130_fd_sc_hd__and2_2,_06692_,picorv32_pcpi_fast_mul
sky130_fd_sc_hd__xor2_2,_06693_,picorv32_pcpi_fast_mul
sky130_fd_sc_hd__xnor2_2,_06694_,picorv32_pcpi_fast_mul
sky130_fd_sc_hd__a21boi_2,_06695_,picorv32_pcpi_fast_mul
sky130_fd_sc_hd__nor2_2,_06696_,picorv32_pcpi_fast_mul
sky130_fd_sc_hd__xnor2_2,_06697_,picorv32_pcpi_fast_mul
sky130_fd_sc_hd__nor2_2,_06698_,picorv32_pcpi_fast_mul
sky130_fd_sc_hd__or2_2,_06699_,picorv32_pcpi_fast_mul
sky130_fd_sc_hd__xnor2_2,_06700_,picorv32_pcpi_fast_mul
sky130_fd_sc_hd__nor3_2,_06701_,picorv32_pcpi_fast_mul
sky130_fd_sc_hd__inv_2,_06702_,picorv32_pcpi_fast_mul
sky130_fd_sc_hd__xnor2_2,_06703_,picorv32_pcpi_fast_mul
sky130_fd_sc_hd__nand2b_2,_06704_,picorv32_pcpi_fast_mul
sky130_fd_sc_hd__xnor2_2,_06705_,picorv32_pcpi_fast_mul
sky130_fd_sc_hd__a21o_2,_06706_,picorv32_pcpi_fast_mul
sky130_fd_sc_hd__xor2_2,_06707_,picorv32_pcpi_fast_mul
sky130_fd_sc_hd__a21o_2,_06708_,picorv32_pcpi_fast_mul
sky130_fd_sc_hd__a31oi_2,_06709_,picorv32_pcpi_fast_mul
sky130_fd_sc_hd__a22oi_2,_06710_,picorv32_pcpi_fast_mul
sky130_fd_sc_hd__and4_2,_06711_,picorv32_pcpi_fast_mul
sky130_fd_sc_hd__or2_2,_06712_,picorv32_pcpi_fast_mul
sky130_fd_sc_hd__a22oi_2,_06713_,picorv32_pcpi_fast_mul
sky130_fd_sc_hd__and4_2,_06714_,picorv32_pcpi_fast_mul
sky130_fd_sc_hd__nor2_2,_06715_,picorv32_pcpi_fast_mul
sky130_fd_sc_hd__nand2_2,_06716_,picorv32_pcpi_fast_mul
sky130_fd_sc_hd__xnor2_2,_06717_,picorv32_pcpi_fast_mul
sky130_fd_sc_hd__o21ba_2,_06718_,picorv32_pcpi_fast_mul
sky130_fd_sc_hd__nand2b_2,_06719_,picorv32_pcpi_fast_mul
sky130_fd_sc_hd__xnor2_2,_06720_,picorv32_pcpi_fast_mul
sky130_fd_sc_hd__nand2b_2,_06721_,picorv32_pcpi_fast_mul
sky130_fd_sc_hd__xnor2_2,_06722_,picorv32_pcpi_fast_mul
sky130_fd_sc_hd__o21a_2,_06723_,picorv32_pcpi_fast_mul
sky130_fd_sc_hd__nor3_2,_06724_,picorv32_pcpi_fast_mul
sky130_fd_sc_hd__nor3_2,_06725_,picorv32_pcpi_fast_mul
sky130_fd_sc_hd__o21a_2,_06726_,picorv32_pcpi_fast_mul
sky130_fd_sc_hd__o21ba_2,_06727_,picorv32_pcpi_fast_mul
sky130_fd_sc_hd__o21ba_2,_06728_,picorv32_pcpi_fast_mul
sky130_fd_sc_hd__a22oi_2,_06729_,picorv32_pcpi_fast_mul
sky130_fd_sc_hd__and4_2,_06730_,picorv32_pcpi_fast_mul
sky130_fd_sc_hd__nor2_2,_06731_,picorv32_pcpi_fast_mul
sky130_fd_sc_hd__nand2_2,_06732_,picorv32_pcpi_fast_mul
sky130_fd_sc_hd__xnor2_2,_06733_,picorv32_pcpi_fast_mul
sky130_fd_sc_hd__nand2b_2,_06734_,picorv32_pcpi_fast_mul
sky130_fd_sc_hd__xnor2_2,_06735_,picorv32_pcpi_fast_mul
sky130_fd_sc_hd__nand2b_2,_06736_,picorv32_pcpi_fast_mul
sky130_fd_sc_hd__xnor2_2,_06737_,picorv32_pcpi_fast_mul
sky130_fd_sc_hd__a22oi_2,_06738_,picorv32_pcpi_fast_mul
sky130_fd_sc_hd__and4_2,_06739_,picorv32_pcpi_fast_mul
sky130_fd_sc_hd__nor2_2,_06740_,picorv32_pcpi_fast_mul
sky130_fd_sc_hd__nand2_2,_06741_,picorv32_pcpi_fast_mul
sky130_fd_sc_hd__xnor2_2,_06742_,picorv32_pcpi_fast_mul
sky130_fd_sc_hd__nand2_2,_06743_,picorv32_pcpi_fast_mul
sky130_fd_sc_hd__and4_2,_06744_,picorv32_pcpi_fast_mul
sky130_fd_sc_hd__a22oi_2,_06745_,picorv32_pcpi_fast_mul
sky130_fd_sc_hd__or3_2,_06746_,picorv32_pcpi_fast_mul
sky130_fd_sc_hd__o21ai_2,_06747_,picorv32_pcpi_fast_mul
sky130_fd_sc_hd__o21bai_2,_06748_,picorv32_pcpi_fast_mul
sky130_fd_sc_hd__nand3_2,_06749_,picorv32_pcpi_fast_mul
sky130_fd_sc_hd__a21o_2,_06750_,picorv32_pcpi_fast_mul
sky130_fd_sc_hd__nand3_2,_06751_,picorv32_pcpi_fast_mul
sky130_fd_sc_hd__a21o_2,_06752_,picorv32_pcpi_fast_mul
sky130_fd_sc_hd__a21bo_2,_06753_,picorv32_pcpi_fast_mul
sky130_fd_sc_hd__nand3_2,_06754_,picorv32_pcpi_fast_mul
sky130_fd_sc_hd__a21o_2,_06755_,picorv32_pcpi_fast_mul
sky130_fd_sc_hd__and3_2,_06756_,picorv32_pcpi_fast_mul
sky130_fd_sc_hd__nand3_2,_06757_,picorv32_pcpi_fast_mul
sky130_fd_sc_hd__a21oi_2,_06758_,picorv32_pcpi_fast_mul
sky130_fd_sc_hd__a211o_2,_06759_,picorv32_pcpi_fast_mul
sky130_fd_sc_hd__o211ai_2,_06760_,picorv32_pcpi_fast_mul
sky130_fd_sc_hd__or4bb_2,_06761_,picorv32_pcpi_fast_mul
sky130_fd_sc_hd__a2bb2o_2,_06762_,picorv32_pcpi_fast_mul
sky130_fd_sc_hd__nand2_2,_06763_,picorv32_pcpi_fast_mul
sky130_fd_sc_hd__a21oi_2,_06764_,picorv32_pcpi_fast_mul
sky130_fd_sc_hd__and3_2,_06765_,picorv32_pcpi_fast_mul
sky130_fd_sc_hd__nor2_2,_06766_,picorv32_pcpi_fast_mul
sky130_fd_sc_hd__xnor2_2,_06767_,picorv32_pcpi_fast_mul
sky130_fd_sc_hd__a21o_2,_06768_,picorv32_pcpi_fast_mul
sky130_fd_sc_hd__nand2b_2,_06769_,picorv32_pcpi_fast_mul
sky130_fd_sc_hd__xnor2_2,_06770_,picorv32_pcpi_fast_mul
sky130_fd_sc_hd__nand2_2,_06771_,picorv32_pcpi_fast_mul
sky130_fd_sc_hd__xnor2_2,_06772_,picorv32_pcpi_fast_mul
sky130_fd_sc_hd__or3b_2,_06773_,picorv32_pcpi_fast_mul
sky130_fd_sc_hd__or2_2,_06774_,picorv32_pcpi_fast_mul
sky130_fd_sc_hd__o211a_2,_06775_,picorv32_pcpi_fast_mul
sky130_fd_sc_hd__a21bo_2,_06776_,picorv32_pcpi_fast_mul
sky130_fd_sc_hd__xor2_2,_06777_,picorv32_pcpi_fast_mul
sky130_fd_sc_hd__a2bb2o_2,_06778_,picorv32_pcpi_fast_mul
sky130_fd_sc_hd__o21ai_2,_06779_,picorv32_pcpi_fast_mul
sky130_fd_sc_hd__or3_2,_06780_,picorv32_pcpi_fast_mul
sky130_fd_sc_hd__and2_2,_06781_,picorv32_pcpi_fast_mul
sky130_fd_sc_hd__nand2_2,_06782_,picorv32_pcpi_fast_mul
sky130_fd_sc_hd__a22oi_2,_06783_,picorv32_pcpi_fast_mul
sky130_fd_sc_hd__and4_2,_06784_,picorv32_pcpi_fast_mul
sky130_fd_sc_hd__nor2_2,_06785_,picorv32_pcpi_fast_mul
sky130_fd_sc_hd__nand2_2,_06786_,picorv32_pcpi_fast_mul
sky130_fd_sc_hd__xnor2_2,_06787_,picorv32_pcpi_fast_mul
sky130_fd_sc_hd__a22oi_2,_06788_,picorv32_pcpi_fast_mul
sky130_fd_sc_hd__and4_2,_06789_,picorv32_pcpi_fast_mul
sky130_fd_sc_hd__nor2_2,_06790_,picorv32_pcpi_fast_mul
sky130_fd_sc_hd__nand2_2,_06791_,picorv32_pcpi_fast_mul
sky130_fd_sc_hd__xnor2_2,_06792_,picorv32_pcpi_fast_mul
sky130_fd_sc_hd__o21ba_2,_06793_,picorv32_pcpi_fast_mul
sky130_fd_sc_hd__and2b_2,_06794_,picorv32_pcpi_fast_mul
sky130_fd_sc_hd__xnor2_2,_06795_,picorv32_pcpi_fast_mul
sky130_fd_sc_hd__and2_2,_06796_,picorv32_pcpi_fast_mul
sky130_fd_sc_hd__xnor2_2,_06797_,picorv32_pcpi_fast_mul
sky130_fd_sc_hd__a21o_2,_06798_,picorv32_pcpi_fast_mul
sky130_fd_sc_hd__nand3_2,_06799_,picorv32_pcpi_fast_mul
sky130_fd_sc_hd__nand3_2,_06800_,picorv32_pcpi_fast_mul
sky130_fd_sc_hd__a21o_2,_06801_,picorv32_pcpi_fast_mul
sky130_fd_sc_hd__o21ba_2,_06802_,picorv32_pcpi_fast_mul
sky130_fd_sc_hd__o21ba_2,_06803_,picorv32_pcpi_fast_mul
sky130_fd_sc_hd__a22oi_2,_06804_,picorv32_pcpi_fast_mul
sky130_fd_sc_hd__and4_2,_06805_,picorv32_pcpi_fast_mul
sky130_fd_sc_hd__nor2_2,_06806_,picorv32_pcpi_fast_mul
sky130_fd_sc_hd__nand2_2,_06807_,picorv32_pcpi_fast_mul
sky130_fd_sc_hd__xnor2_2,_06808_,picorv32_pcpi_fast_mul
sky130_fd_sc_hd__nand2b_2,_06809_,picorv32_pcpi_fast_mul
sky130_fd_sc_hd__xnor2_2,_06810_,picorv32_pcpi_fast_mul
sky130_fd_sc_hd__nand2b_2,_06811_,picorv32_pcpi_fast_mul
sky130_fd_sc_hd__xnor2_2,_06812_,picorv32_pcpi_fast_mul
sky130_fd_sc_hd__a22oi_2,_06813_,picorv32_pcpi_fast_mul
sky130_fd_sc_hd__and4_2,_06814_,picorv32_pcpi_fast_mul
sky130_fd_sc_hd__nor2_2,_06815_,picorv32_pcpi_fast_mul
sky130_fd_sc_hd__nand2_2,_06816_,picorv32_pcpi_fast_mul
sky130_fd_sc_hd__xnor2_2,_06817_,picorv32_pcpi_fast_mul
sky130_fd_sc_hd__nand2_2,_06818_,picorv32_pcpi_fast_mul
sky130_fd_sc_hd__and4_2,_06819_,picorv32_pcpi_fast_mul
sky130_fd_sc_hd__a22oi_2,_06820_,picorv32_pcpi_fast_mul
sky130_fd_sc_hd__or3_2,_06821_,picorv32_pcpi_fast_mul
sky130_fd_sc_hd__o21ai_2,_06822_,picorv32_pcpi_fast_mul
sky130_fd_sc_hd__o21bai_2,_06823_,picorv32_pcpi_fast_mul
sky130_fd_sc_hd__nand3_2,_06824_,picorv32_pcpi_fast_mul
sky130_fd_sc_hd__a21o_2,_06825_,picorv32_pcpi_fast_mul
sky130_fd_sc_hd__nand3_2,_06826_,picorv32_pcpi_fast_mul
sky130_fd_sc_hd__a21o_2,_06827_,picorv32_pcpi_fast_mul
sky130_fd_sc_hd__a21bo_2,_06828_,picorv32_pcpi_fast_mul
sky130_fd_sc_hd__nand3_2,_06829_,picorv32_pcpi_fast_mul
sky130_fd_sc_hd__a21o_2,_06830_,picorv32_pcpi_fast_mul
sky130_fd_sc_hd__and3_2,_06831_,picorv32_pcpi_fast_mul
sky130_fd_sc_hd__nand3_2,_06832_,picorv32_pcpi_fast_mul
sky130_fd_sc_hd__a21oi_2,_06833_,picorv32_pcpi_fast_mul
sky130_fd_sc_hd__a211o_2,_06834_,picorv32_pcpi_fast_mul
sky130_fd_sc_hd__o211ai_2,_06835_,picorv32_pcpi_fast_mul
sky130_fd_sc_hd__and4_2,_06836_,picorv32_pcpi_fast_mul
sky130_fd_sc_hd__nand4_2,_06837_,picorv32_pcpi_fast_mul
sky130_fd_sc_hd__a22oi_2,_06838_,picorv32_pcpi_fast_mul
sky130_fd_sc_hd__a211o_2,_06839_,picorv32_pcpi_fast_mul
sky130_fd_sc_hd__o211ai_2,_06840_,picorv32_pcpi_fast_mul
sky130_fd_sc_hd__nand3_2,_06841_,picorv32_pcpi_fast_mul
sky130_fd_sc_hd__a21o_2,_06842_,picorv32_pcpi_fast_mul
sky130_fd_sc_hd__nand2_2,_06843_,picorv32_pcpi_fast_mul
sky130_fd_sc_hd__a21oi_2,_06844_,picorv32_pcpi_fast_mul
sky130_fd_sc_hd__or2_2,_06845_,picorv32_pcpi_fast_mul
sky130_fd_sc_hd__xnor2_2,_06846_,picorv32_pcpi_fast_mul
sky130_fd_sc_hd__nor2_2,_06847_,picorv32_pcpi_fast_mul
sky130_fd_sc_hd__xnor2_2,_06848_,picorv32_pcpi_fast_mul
sky130_fd_sc_hd__nor2_2,_06849_,picorv32_pcpi_fast_mul
sky130_fd_sc_hd__nand2_2,_06850_,picorv32_pcpi_fast_mul
sky130_fd_sc_hd__xnor2_2,_06851_,picorv32_pcpi_fast_mul
sky130_fd_sc_hd__xor2_2,_06852_,picorv32_pcpi_fast_mul
sky130_fd_sc_hd__a2bb2o_2,_06853_,picorv32_pcpi_fast_mul
sky130_fd_sc_hd__o21ba_2,_06854_,picorv32_pcpi_fast_mul
sky130_fd_sc_hd__nand2_2,_06855_,picorv32_pcpi_fast_mul
sky130_fd_sc_hd__nor2_2,_06856_,picorv32_pcpi_fast_mul
sky130_fd_sc_hd__xnor2_2,_06857_,picorv32_pcpi_fast_mul
sky130_fd_sc_hd__a21oi_2,_06858_,picorv32_pcpi_fast_mul
sky130_fd_sc_hd__and3_2,_06859_,picorv32_pcpi_fast_mul
sky130_fd_sc_hd__nor2_2,_06860_,picorv32_pcpi_fast_mul
sky130_fd_sc_hd__a22oi_2,_06861_,picorv32_pcpi_fast_mul
sky130_fd_sc_hd__and4_2,_06862_,picorv32_pcpi_fast_mul
sky130_fd_sc_hd__nor2_2,_06863_,picorv32_pcpi_fast_mul
sky130_fd_sc_hd__nand2_2,_06864_,picorv32_pcpi_fast_mul
sky130_fd_sc_hd__xnor2_2,_06865_,picorv32_pcpi_fast_mul
sky130_fd_sc_hd__a22oi_2,_06866_,picorv32_pcpi_fast_mul
sky130_fd_sc_hd__and4_2,_06867_,picorv32_pcpi_fast_mul
sky130_fd_sc_hd__nor2_2,_06868_,picorv32_pcpi_fast_mul
sky130_fd_sc_hd__nand2_2,_06869_,picorv32_pcpi_fast_mul
sky130_fd_sc_hd__xnor2_2,_06870_,picorv32_pcpi_fast_mul
sky130_fd_sc_hd__o21ba_2,_06871_,picorv32_pcpi_fast_mul
sky130_fd_sc_hd__and2b_2,_06872_,picorv32_pcpi_fast_mul
sky130_fd_sc_hd__xnor2_2,_06873_,picorv32_pcpi_fast_mul
sky130_fd_sc_hd__and2_2,_06874_,picorv32_pcpi_fast_mul
sky130_fd_sc_hd__xnor2_2,_06875_,picorv32_pcpi_fast_mul
sky130_fd_sc_hd__a21o_2,_06876_,picorv32_pcpi_fast_mul
sky130_fd_sc_hd__nand3_2,_06877_,picorv32_pcpi_fast_mul
sky130_fd_sc_hd__o211ai_2,_06878_,picorv32_pcpi_fast_mul
sky130_fd_sc_hd__a211o_2,_06879_,picorv32_pcpi_fast_mul
sky130_fd_sc_hd__o21ba_2,_06880_,picorv32_pcpi_fast_mul
sky130_fd_sc_hd__o21ba_2,_06881_,picorv32_pcpi_fast_mul
sky130_fd_sc_hd__a22oi_2,_06882_,picorv32_pcpi_fast_mul
sky130_fd_sc_hd__and4_2,_06883_,picorv32_pcpi_fast_mul
sky130_fd_sc_hd__nor2_2,_06884_,picorv32_pcpi_fast_mul
sky130_fd_sc_hd__nand2_2,_06885_,picorv32_pcpi_fast_mul
sky130_fd_sc_hd__xnor2_2,_06886_,picorv32_pcpi_fast_mul
sky130_fd_sc_hd__nand2b_2,_06887_,picorv32_pcpi_fast_mul
sky130_fd_sc_hd__xnor2_2,_06888_,picorv32_pcpi_fast_mul
sky130_fd_sc_hd__nand2b_2,_06889_,picorv32_pcpi_fast_mul
sky130_fd_sc_hd__xnor2_2,_06890_,picorv32_pcpi_fast_mul
sky130_fd_sc_hd__a22oi_2,_06891_,picorv32_pcpi_fast_mul
sky130_fd_sc_hd__and4_2,_06892_,picorv32_pcpi_fast_mul
sky130_fd_sc_hd__nor2_2,_06893_,picorv32_pcpi_fast_mul
sky130_fd_sc_hd__nand2_2,_06894_,picorv32_pcpi_fast_mul
sky130_fd_sc_hd__xnor2_2,_06895_,picorv32_pcpi_fast_mul
sky130_fd_sc_hd__nand2_2,_06896_,picorv32_pcpi_fast_mul
sky130_fd_sc_hd__and4_2,_06897_,picorv32_pcpi_fast_mul
sky130_fd_sc_hd__a22oi_2,_06898_,picorv32_pcpi_fast_mul
sky130_fd_sc_hd__or3_2,_06899_,picorv32_pcpi_fast_mul
sky130_fd_sc_hd__o21ai_2,_06900_,picorv32_pcpi_fast_mul
sky130_fd_sc_hd__o21bai_2,_06901_,picorv32_pcpi_fast_mul
sky130_fd_sc_hd__nand3_2,_06902_,picorv32_pcpi_fast_mul
sky130_fd_sc_hd__a21o_2,_06903_,picorv32_pcpi_fast_mul
sky130_fd_sc_hd__nand3_2,_06904_,picorv32_pcpi_fast_mul
sky130_fd_sc_hd__a21o_2,_06905_,picorv32_pcpi_fast_mul
sky130_fd_sc_hd__a21bo_2,_06906_,picorv32_pcpi_fast_mul
sky130_fd_sc_hd__nand3_2,_06907_,picorv32_pcpi_fast_mul
sky130_fd_sc_hd__a21o_2,_06908_,picorv32_pcpi_fast_mul
sky130_fd_sc_hd__and3_2,_06909_,picorv32_pcpi_fast_mul
sky130_fd_sc_hd__nand3_2,_06910_,picorv32_pcpi_fast_mul
sky130_fd_sc_hd__a21oi_2,_06911_,picorv32_pcpi_fast_mul
sky130_fd_sc_hd__a211oi_2,_06912_,picorv32_pcpi_fast_mul
sky130_fd_sc_hd__a211o_2,_06913_,picorv32_pcpi_fast_mul
sky130_fd_sc_hd__o211ai_2,_06914_,picorv32_pcpi_fast_mul
sky130_fd_sc_hd__and4_2,_06915_,picorv32_pcpi_fast_mul
sky130_fd_sc_hd__a22oi_2,_06916_,picorv32_pcpi_fast_mul
sky130_fd_sc_hd__a211o_2,_06917_,picorv32_pcpi_fast_mul
sky130_fd_sc_hd__o211ai_2,_06918_,picorv32_pcpi_fast_mul
sky130_fd_sc_hd__nand3_2,_06919_,picorv32_pcpi_fast_mul
sky130_fd_sc_hd__a21o_2,_06920_,picorv32_pcpi_fast_mul
sky130_fd_sc_hd__and2_2,_06921_,picorv32_pcpi_fast_mul
sky130_fd_sc_hd__nand2_2,_06922_,picorv32_pcpi_fast_mul
sky130_fd_sc_hd__and2_2,_06923_,picorv32_pcpi_fast_mul
sky130_fd_sc_hd__xnor2_2,_06924_,picorv32_pcpi_fast_mul
sky130_fd_sc_hd__nor2_2,_06925_,picorv32_pcpi_fast_mul
sky130_fd_sc_hd__xnor2_2,_06926_,picorv32_pcpi_fast_mul
sky130_fd_sc_hd__nor2_2,_06927_,picorv32_pcpi_fast_mul
sky130_fd_sc_hd__xor2_2,_06928_,picorv32_pcpi_fast_mul
sky130_fd_sc_hd__nor2_2,_06929_,picorv32_pcpi_fast_mul
sky130_fd_sc_hd__xnor2_2,_06930_,picorv32_pcpi_fast_mul
sky130_fd_sc_hd__xor2_2,_06931_,picorv32_pcpi_fast_mul
sky130_fd_sc_hd__a22o_2,_06932_,picorv32_pcpi_fast_mul
sky130_fd_sc_hd__a31o_2,_06933_,picorv32_pcpi_fast_mul
sky130_fd_sc_hd__a22o_2,_06934_,picorv32_pcpi_fast_mul
sky130_fd_sc_hd__nand4_2,_06935_,picorv32_pcpi_fast_mul
sky130_fd_sc_hd__nand2_2,_06936_,picorv32_pcpi_fast_mul
sky130_fd_sc_hd__xnor2_2,_06937_,picorv32_pcpi_fast_mul
sky130_fd_sc_hd__nand2_2,_06938_,picorv32_pcpi_fast_mul
sky130_fd_sc_hd__or2_2,_06939_,picorv32_pcpi_fast_mul
sky130_fd_sc_hd__nand2_2,_06940_,picorv32_pcpi_fast_mul
sky130_fd_sc_hd__a21oi_2,_06941_,picorv32_pcpi_fast_mul
sky130_fd_sc_hd__and3_2,_06942_,picorv32_pcpi_fast_mul
sky130_fd_sc_hd__nor2_2,_06943_,picorv32_pcpi_fast_mul
sky130_fd_sc_hd__a22oi_2,_06944_,picorv32_pcpi_fast_mul
sky130_fd_sc_hd__and4_2,_06945_,picorv32_pcpi_fast_mul
sky130_fd_sc_hd__nor2_2,_06946_,picorv32_pcpi_fast_mul
sky130_fd_sc_hd__and2_2,_06947_,picorv32_pcpi_fast_mul
sky130_fd_sc_hd__nor2_2,_06948_,picorv32_pcpi_fast_mul
sky130_fd_sc_hd__and2_2,_06949_,picorv32_pcpi_fast_mul
sky130_fd_sc_hd__nor2_2,_06950_,picorv32_pcpi_fast_mul
sky130_fd_sc_hd__a22oi_2,_06951_,picorv32_pcpi_fast_mul
sky130_fd_sc_hd__and4_2,_06952_,picorv32_pcpi_fast_mul
sky130_fd_sc_hd__nor2_2,_06953_,picorv32_pcpi_fast_mul
sky130_fd_sc_hd__nand2_2,_06954_,picorv32_pcpi_fast_mul
sky130_fd_sc_hd__xnor2_2,_06955_,picorv32_pcpi_fast_mul
sky130_fd_sc_hd__o21ba_2,_06956_,picorv32_pcpi_fast_mul
sky130_fd_sc_hd__and2b_2,_06957_,picorv32_pcpi_fast_mul
sky130_fd_sc_hd__xnor2_2,_06958_,picorv32_pcpi_fast_mul
sky130_fd_sc_hd__xnor2_2,_06959_,picorv32_pcpi_fast_mul
sky130_fd_sc_hd__a21o_2,_06960_,picorv32_pcpi_fast_mul
sky130_fd_sc_hd__nand3_2,_06961_,picorv32_pcpi_fast_mul
sky130_fd_sc_hd__o211ai_2,_06962_,picorv32_pcpi_fast_mul
sky130_fd_sc_hd__a211o_2,_06963_,picorv32_pcpi_fast_mul
sky130_fd_sc_hd__o21ba_2,_06964_,picorv32_pcpi_fast_mul
sky130_fd_sc_hd__o21ba_2,_06965_,picorv32_pcpi_fast_mul
sky130_fd_sc_hd__a22oi_2,_06966_,picorv32_pcpi_fast_mul
sky130_fd_sc_hd__and4_2,_06967_,picorv32_pcpi_fast_mul
sky130_fd_sc_hd__nor2_2,_06968_,picorv32_pcpi_fast_mul
sky130_fd_sc_hd__nand2_2,_06969_,picorv32_pcpi_fast_mul
sky130_fd_sc_hd__xnor2_2,_06970_,picorv32_pcpi_fast_mul
sky130_fd_sc_hd__nand2b_2,_06971_,picorv32_pcpi_fast_mul
sky130_fd_sc_hd__xnor2_2,_06972_,picorv32_pcpi_fast_mul
sky130_fd_sc_hd__nand2b_2,_06973_,picorv32_pcpi_fast_mul
sky130_fd_sc_hd__xnor2_2,_06974_,picorv32_pcpi_fast_mul
sky130_fd_sc_hd__a22oi_2,_06975_,picorv32_pcpi_fast_mul
sky130_fd_sc_hd__and4_2,_06976_,picorv32_pcpi_fast_mul
sky130_fd_sc_hd__or2_2,_06977_,picorv32_pcpi_fast_mul
sky130_fd_sc_hd__nand2_2,_06978_,picorv32_pcpi_fast_mul
sky130_fd_sc_hd__nor2_2,_06979_,picorv32_pcpi_fast_mul
sky130_fd_sc_hd__xor2_2,_06980_,picorv32_pcpi_fast_mul
sky130_fd_sc_hd__nand2_2,_06981_,picorv32_pcpi_fast_mul
sky130_fd_sc_hd__and4_2,_06982_,picorv32_pcpi_fast_mul
sky130_fd_sc_hd__a22oi_2,_06983_,picorv32_pcpi_fast_mul
sky130_fd_sc_hd__or3_2,_06984_,picorv32_pcpi_fast_mul
sky130_fd_sc_hd__o21ai_2,_06985_,picorv32_pcpi_fast_mul
sky130_fd_sc_hd__o21bai_2,_06986_,picorv32_pcpi_fast_mul
sky130_fd_sc_hd__nand3_2,_06987_,picorv32_pcpi_fast_mul
sky130_fd_sc_hd__a21o_2,_06988_,picorv32_pcpi_fast_mul
sky130_fd_sc_hd__nand3_2,_06989_,picorv32_pcpi_fast_mul
sky130_fd_sc_hd__a21o_2,_06990_,picorv32_pcpi_fast_mul
sky130_fd_sc_hd__a21bo_2,_06991_,picorv32_pcpi_fast_mul
sky130_fd_sc_hd__nand3_2,_06992_,picorv32_pcpi_fast_mul
sky130_fd_sc_hd__a21o_2,_06993_,picorv32_pcpi_fast_mul
sky130_fd_sc_hd__and3_2,_06994_,picorv32_pcpi_fast_mul
sky130_fd_sc_hd__a21oi_2,_06995_,picorv32_pcpi_fast_mul
sky130_fd_sc_hd__a211o_2,_06996_,picorv32_pcpi_fast_mul
sky130_fd_sc_hd__o211ai_2,_06997_,picorv32_pcpi_fast_mul
sky130_fd_sc_hd__nand4_2,_06998_,picorv32_pcpi_fast_mul
sky130_fd_sc_hd__a22o_2,_06999_,picorv32_pcpi_fast_mul
sky130_fd_sc_hd__o211ai_2,_07000_,picorv32_pcpi_fast_mul
sky130_fd_sc_hd__inv_2,_07001_,picorv32_pcpi_fast_mul
sky130_fd_sc_hd__a211o_2,_07002_,picorv32_pcpi_fast_mul
sky130_fd_sc_hd__and3_2,_07003_,picorv32_pcpi_fast_mul
sky130_fd_sc_hd__a21oi_2,_07004_,picorv32_pcpi_fast_mul
sky130_fd_sc_hd__a211o_2,_07005_,picorv32_pcpi_fast_mul
sky130_fd_sc_hd__o211ai_2,_07006_,picorv32_pcpi_fast_mul
sky130_fd_sc_hd__and3_2,_07007_,picorv32_pcpi_fast_mul
sky130_fd_sc_hd__a21oi_2,_07008_,picorv32_pcpi_fast_mul
sky130_fd_sc_hd__or2_2,_07009_,picorv32_pcpi_fast_mul
sky130_fd_sc_hd__o21ba_2,_07010_,picorv32_pcpi_fast_mul
sky130_fd_sc_hd__or3b_2,_07011_,picorv32_pcpi_fast_mul
sky130_fd_sc_hd__and2b_2,_07012_,picorv32_pcpi_fast_mul
sky130_fd_sc_hd__and2_2,_07013_,picorv32_pcpi_fast_mul
sky130_fd_sc_hd__or2_2,_07014_,picorv32_pcpi_fast_mul
sky130_fd_sc_hd__xnor2_2,_07015_,picorv32_pcpi_fast_mul
sky130_fd_sc_hd__inv_2,_07016_,picorv32_pcpi_fast_mul
sky130_fd_sc_hd__xnor2_2,_07017_,picorv32_pcpi_fast_mul
sky130_fd_sc_hd__nand2_2,_07018_,picorv32_pcpi_fast_mul
sky130_fd_sc_hd__a21bo_2,_07019_,picorv32_pcpi_fast_mul
sky130_fd_sc_hd__and4_2,_07020_,picorv32_pcpi_fast_mul
sky130_fd_sc_hd__a22oi_2,_07021_,picorv32_pcpi_fast_mul
sky130_fd_sc_hd__and4bb_2,_07022_,picorv32_pcpi_fast_mul
sky130_fd_sc_hd__o2bb2a_2,_07023_,picorv32_pcpi_fast_mul
sky130_fd_sc_hd__nor2_2,_07024_,picorv32_pcpi_fast_mul
sky130_fd_sc_hd__o21ai_2,_07025_,picorv32_pcpi_fast_mul
sky130_fd_sc_hd__or3_2,_07026_,picorv32_pcpi_fast_mul
sky130_fd_sc_hd__nand2_2,_07027_,picorv32_pcpi_fast_mul
sky130_fd_sc_hd__a21boi_2,_07028_,picorv32_pcpi_fast_mul
sky130_fd_sc_hd__xnor2_2,_07029_,picorv32_pcpi_fast_mul
sky130_fd_sc_hd__a21o_2,_07030_,picorv32_pcpi_fast_mul
sky130_fd_sc_hd__nand3_2,_07031_,picorv32_pcpi_fast_mul
sky130_fd_sc_hd__nand2_2,_07032_,picorv32_pcpi_fast_mul
sky130_fd_sc_hd__xor2_2,_07033_,picorv32_pcpi_fast_mul
sky130_fd_sc_hd__a21oi_2,_07034_,picorv32_pcpi_fast_mul
sky130_fd_sc_hd__nand2_2,_07035_,picorv32_pcpi_fast_mul
sky130_fd_sc_hd__and4_2,_07036_,picorv32_pcpi_fast_mul
sky130_fd_sc_hd__a22oi_2,_07037_,picorv32_pcpi_fast_mul
sky130_fd_sc_hd__nor2_2,_07038_,picorv32_pcpi_fast_mul
sky130_fd_sc_hd__xnor2_2,_07039_,picorv32_pcpi_fast_mul
sky130_fd_sc_hd__nand2_2,_07040_,picorv32_pcpi_fast_mul
sky130_fd_sc_hd__and4_2,_07041_,picorv32_pcpi_fast_mul
sky130_fd_sc_hd__a22oi_2,_07042_,picorv32_pcpi_fast_mul
sky130_fd_sc_hd__nor2_2,_07043_,picorv32_pcpi_fast_mul
sky130_fd_sc_hd__xnor2_2,_07044_,picorv32_pcpi_fast_mul
sky130_fd_sc_hd__o21ba_2,_07045_,picorv32_pcpi_fast_mul
sky130_fd_sc_hd__and2b_2,_07046_,picorv32_pcpi_fast_mul
sky130_fd_sc_hd__xnor2_2,_07047_,picorv32_pcpi_fast_mul
sky130_fd_sc_hd__and2_2,_07048_,picorv32_pcpi_fast_mul
sky130_fd_sc_hd__xnor2_2,_07049_,picorv32_pcpi_fast_mul
sky130_fd_sc_hd__a21o_2,_07050_,picorv32_pcpi_fast_mul
sky130_fd_sc_hd__nand3_2,_07051_,picorv32_pcpi_fast_mul
sky130_fd_sc_hd__nand2_2,_07052_,picorv32_pcpi_fast_mul
sky130_fd_sc_hd__nand3b_2,_07053_,picorv32_pcpi_fast_mul
sky130_fd_sc_hd__xnor2_2,_07054_,picorv32_pcpi_fast_mul
sky130_fd_sc_hd__o21ba_2,_07055_,picorv32_pcpi_fast_mul
sky130_fd_sc_hd__nand2_2,_07056_,picorv32_pcpi_fast_mul
sky130_fd_sc_hd__and4_2,_07057_,picorv32_pcpi_fast_mul
sky130_fd_sc_hd__a22oi_2,_07058_,picorv32_pcpi_fast_mul
sky130_fd_sc_hd__nor2_2,_07059_,picorv32_pcpi_fast_mul
sky130_fd_sc_hd__xnor2_2,_07060_,picorv32_pcpi_fast_mul
sky130_fd_sc_hd__o21ai_2,_07061_,picorv32_pcpi_fast_mul
sky130_fd_sc_hd__or3_2,_07062_,picorv32_pcpi_fast_mul
sky130_fd_sc_hd__and2_2,_07063_,picorv32_pcpi_fast_mul
sky130_fd_sc_hd__nand2b_2,_07064_,picorv32_pcpi_fast_mul
sky130_fd_sc_hd__xnor2_2,_07065_,picorv32_pcpi_fast_mul
sky130_fd_sc_hd__nand2_2,_07066_,picorv32_pcpi_fast_mul
sky130_fd_sc_hd__and4_2,_07067_,picorv32_pcpi_fast_mul
sky130_fd_sc_hd__a22oi_2,_07068_,picorv32_pcpi_fast_mul
sky130_fd_sc_hd__nor2_2,_07069_,picorv32_pcpi_fast_mul
sky130_fd_sc_hd__xnor2_2,_07070_,picorv32_pcpi_fast_mul
sky130_fd_sc_hd__nand2_2,_07071_,picorv32_pcpi_fast_mul
sky130_fd_sc_hd__and4_2,_07072_,picorv32_pcpi_fast_mul
sky130_fd_sc_hd__a22oi_2,_07073_,picorv32_pcpi_fast_mul
sky130_fd_sc_hd__or3_2,_07074_,picorv32_pcpi_fast_mul
sky130_fd_sc_hd__o21ai_2,_07075_,picorv32_pcpi_fast_mul
sky130_fd_sc_hd__o21bai_2,_07076_,picorv32_pcpi_fast_mul
sky130_fd_sc_hd__and3_2,_07077_,picorv32_pcpi_fast_mul
sky130_fd_sc_hd__a21o_2,_07078_,picorv32_pcpi_fast_mul
sky130_fd_sc_hd__and2b_2,_07079_,picorv32_pcpi_fast_mul
sky130_fd_sc_hd__xnor2_2,_07080_,picorv32_pcpi_fast_mul
sky130_fd_sc_hd__nand2_2,_07081_,picorv32_pcpi_fast_mul
sky130_fd_sc_hd__and2b_2,_07082_,picorv32_pcpi_fast_mul
sky130_fd_sc_hd__xnor2_2,_07083_,picorv32_pcpi_fast_mul
sky130_fd_sc_hd__xnor2_2,_07084_,picorv32_pcpi_fast_mul
sky130_fd_sc_hd__a21boi_2,_07085_,picorv32_pcpi_fast_mul
sky130_fd_sc_hd__nor2_2,_07086_,picorv32_pcpi_fast_mul
sky130_fd_sc_hd__xnor2_2,_07087_,picorv32_pcpi_fast_mul
sky130_fd_sc_hd__nor2_2,_07088_,picorv32_pcpi_fast_mul
sky130_fd_sc_hd__xnor2_2,_07089_,picorv32_pcpi_fast_mul
sky130_fd_sc_hd__nand2_2,_07090_,picorv32_pcpi_fast_mul
sky130_fd_sc_hd__nand2b_2,_07091_,picorv32_pcpi_fast_mul
sky130_fd_sc_hd__xnor2_2,_07092_,picorv32_pcpi_fast_mul
sky130_fd_sc_hd__xor2_2,_07093_,picorv32_pcpi_fast_mul
sky130_fd_sc_hd__nor2_2,_07094_,picorv32_pcpi_fast_mul
sky130_fd_sc_hd__nand2b_2,_07095_,picorv32_pcpi_fast_mul
sky130_fd_sc_hd__xnor2_2,_07096_,picorv32_pcpi_fast_mul
sky130_fd_sc_hd__xnor2_2,_07097_,picorv32_pcpi_fast_mul
sky130_fd_sc_hd__a21boi_2,_07098_,picorv32_pcpi_fast_mul
sky130_fd_sc_hd__or2_2,_07099_,picorv32_pcpi_fast_mul
sky130_fd_sc_hd__nand2_2,_07100_,picorv32_pcpi_fast_mul
sky130_fd_sc_hd__xnor2_2,_07101_,picorv32_pcpi_fast_mul
sky130_fd_sc_hd__and3_2,_07102_,picorv32_pcpi_fast_mul
sky130_fd_sc_hd__xnor2_2,_07103_,picorv32_pcpi_fast_mul
sky130_fd_sc_hd__nand3_2,_07104_,picorv32_pcpi_fast_mul
sky130_fd_sc_hd__a21oi_2,_07105_,picorv32_pcpi_fast_mul
sky130_fd_sc_hd__inv_2,_07106_,picorv32_pcpi_fast_mul
sky130_fd_sc_hd__nand2_2,_07107_,picorv32_pcpi_fast_mul
sky130_fd_sc_hd__xnor2_2,_07108_,picorv32_pcpi_fast_mul
sky130_fd_sc_hd__a21bo_2,_07109_,picorv32_pcpi_fast_mul
sky130_fd_sc_hd__o21a_2,_07110_,picorv32_pcpi_fast_mul
sky130_fd_sc_hd__and4b_2,_07111_,picorv32_pcpi_fast_mul
sky130_fd_sc_hd__or2_2,_07112_,picorv32_pcpi_fast_mul
sky130_fd_sc_hd__o21ba_2,_07113_,picorv32_pcpi_fast_mul
sky130_fd_sc_hd__and4_2,_07114_,picorv32_pcpi_fast_mul
sky130_fd_sc_hd__a22oi_2,_07115_,picorv32_pcpi_fast_mul
sky130_fd_sc_hd__nor2_2,_07116_,picorv32_pcpi_fast_mul
sky130_fd_sc_hd__nand2_2,_07117_,picorv32_pcpi_fast_mul
sky130_fd_sc_hd__xnor2_2,_07118_,picorv32_pcpi_fast_mul
sky130_fd_sc_hd__nand2b_2,_07119_,picorv32_pcpi_fast_mul
sky130_fd_sc_hd__xnor2_2,_07120_,picorv32_pcpi_fast_mul
sky130_fd_sc_hd__nand2_2,_07121_,picorv32_pcpi_fast_mul
sky130_fd_sc_hd__xnor2_2,_07122_,picorv32_pcpi_fast_mul
sky130_fd_sc_hd__a21bo_2,_07123_,picorv32_pcpi_fast_mul
sky130_fd_sc_hd__xor2_2,_07124_,picorv32_pcpi_fast_mul
sky130_fd_sc_hd__nand2_2,_07125_,picorv32_pcpi_fast_mul
sky130_fd_sc_hd__and3_2,_07126_,picorv32_pcpi_fast_mul
sky130_fd_sc_hd__xor2_2,_07127_,picorv32_pcpi_fast_mul
sky130_fd_sc_hd__a21oi_2,_07128_,picorv32_pcpi_fast_mul
sky130_fd_sc_hd__and3_2,_07129_,picorv32_pcpi_fast_mul
sky130_fd_sc_hd__nor2_2,_07130_,picorv32_pcpi_fast_mul
sky130_fd_sc_hd__xnor2_2,_07131_,picorv32_pcpi_fast_mul
sky130_fd_sc_hd__nand2_2,_07132_,picorv32_pcpi_fast_mul
sky130_fd_sc_hd__and4_2,_07133_,picorv32_pcpi_fast_mul
sky130_fd_sc_hd__a22oi_2,_07134_,picorv32_pcpi_fast_mul
sky130_fd_sc_hd__nor2_2,_07135_,picorv32_pcpi_fast_mul
sky130_fd_sc_hd__xnor2_2,_07136_,picorv32_pcpi_fast_mul
sky130_fd_sc_hd__nand2_2,_07137_,picorv32_pcpi_fast_mul
sky130_fd_sc_hd__and4_2,_07138_,picorv32_pcpi_fast_mul
sky130_fd_sc_hd__a22oi_2,_07139_,picorv32_pcpi_fast_mul
sky130_fd_sc_hd__nor2_2,_07140_,picorv32_pcpi_fast_mul
sky130_fd_sc_hd__xnor2_2,_07141_,picorv32_pcpi_fast_mul
sky130_fd_sc_hd__o21ba_2,_07142_,picorv32_pcpi_fast_mul
sky130_fd_sc_hd__and2b_2,_07143_,picorv32_pcpi_fast_mul
sky130_fd_sc_hd__xnor2_2,_07144_,picorv32_pcpi_fast_mul
sky130_fd_sc_hd__and2_2,_07145_,picorv32_pcpi_fast_mul
sky130_fd_sc_hd__nor2_2,_07146_,picorv32_pcpi_fast_mul
sky130_fd_sc_hd__or2_2,_07147_,picorv32_pcpi_fast_mul
sky130_fd_sc_hd__a21o_2,_07148_,picorv32_pcpi_fast_mul
sky130_fd_sc_hd__nand3_2,_07149_,picorv32_pcpi_fast_mul
sky130_fd_sc_hd__o211ai_2,_07150_,picorv32_pcpi_fast_mul
sky130_fd_sc_hd__a211o_2,_07151_,picorv32_pcpi_fast_mul
sky130_fd_sc_hd__o21ba_2,_07152_,picorv32_pcpi_fast_mul
sky130_fd_sc_hd__o21ba_2,_07153_,picorv32_pcpi_fast_mul
sky130_fd_sc_hd__nand2_2,_07154_,picorv32_pcpi_fast_mul
sky130_fd_sc_hd__and4_2,_07155_,picorv32_pcpi_fast_mul
sky130_fd_sc_hd__a22oi_2,_07156_,picorv32_pcpi_fast_mul
sky130_fd_sc_hd__nor2_2,_07157_,picorv32_pcpi_fast_mul
sky130_fd_sc_hd__xnor2_2,_07158_,picorv32_pcpi_fast_mul
sky130_fd_sc_hd__nand2b_2,_07159_,picorv32_pcpi_fast_mul
sky130_fd_sc_hd__xnor2_2,_07160_,picorv32_pcpi_fast_mul
sky130_fd_sc_hd__nand2b_2,_07161_,picorv32_pcpi_fast_mul
sky130_fd_sc_hd__xnor2_2,_07162_,picorv32_pcpi_fast_mul
sky130_fd_sc_hd__nand2_2,_07163_,picorv32_pcpi_fast_mul
sky130_fd_sc_hd__and4_2,_07164_,picorv32_pcpi_fast_mul
sky130_fd_sc_hd__a22oi_2,_07165_,picorv32_pcpi_fast_mul
sky130_fd_sc_hd__nor2_2,_07166_,picorv32_pcpi_fast_mul
sky130_fd_sc_hd__xnor2_2,_07167_,picorv32_pcpi_fast_mul
sky130_fd_sc_hd__nand2_2,_07168_,picorv32_pcpi_fast_mul
sky130_fd_sc_hd__and4_2,_07169_,picorv32_pcpi_fast_mul
sky130_fd_sc_hd__a22oi_2,_07170_,picorv32_pcpi_fast_mul
sky130_fd_sc_hd__or3_2,_07171_,picorv32_pcpi_fast_mul
sky130_fd_sc_hd__o21ai_2,_07172_,picorv32_pcpi_fast_mul
sky130_fd_sc_hd__o21bai_2,_07173_,picorv32_pcpi_fast_mul
sky130_fd_sc_hd__nand3_2,_07174_,picorv32_pcpi_fast_mul
sky130_fd_sc_hd__a21o_2,_07175_,picorv32_pcpi_fast_mul
sky130_fd_sc_hd__nand3_2,_07176_,picorv32_pcpi_fast_mul
sky130_fd_sc_hd__a21o_2,_07177_,picorv32_pcpi_fast_mul
sky130_fd_sc_hd__a21o_2,_07178_,picorv32_pcpi_fast_mul
sky130_fd_sc_hd__nand3_2,_07179_,picorv32_pcpi_fast_mul
sky130_fd_sc_hd__a21o_2,_07180_,picorv32_pcpi_fast_mul
sky130_fd_sc_hd__nand3_2,_07181_,picorv32_pcpi_fast_mul
sky130_fd_sc_hd__a21o_2,_07182_,picorv32_pcpi_fast_mul
sky130_fd_sc_hd__nand2_2,_07183_,picorv32_pcpi_fast_mul
sky130_fd_sc_hd__a21oi_2,_07184_,picorv32_pcpi_fast_mul
sky130_fd_sc_hd__nor2_2,_07185_,picorv32_pcpi_fast_mul
sky130_fd_sc_hd__xor2_2,_07186_,picorv32_pcpi_fast_mul
sky130_fd_sc_hd__and3_2,_07187_,picorv32_pcpi_fast_mul
sky130_fd_sc_hd__nand3_2,_07188_,picorv32_pcpi_fast_mul
sky130_fd_sc_hd__a21o_2,_07189_,picorv32_pcpi_fast_mul
sky130_fd_sc_hd__o211a_2,_07190_,picorv32_pcpi_fast_mul
sky130_fd_sc_hd__a211oi_2,_07191_,picorv32_pcpi_fast_mul
sky130_fd_sc_hd__nor3_2,_07192_,picorv32_pcpi_fast_mul
sky130_fd_sc_hd__o21a_2,_07193_,picorv32_pcpi_fast_mul
sky130_fd_sc_hd__a21boi_2,_07194_,picorv32_pcpi_fast_mul
sky130_fd_sc_hd__or3_2,_07195_,picorv32_pcpi_fast_mul
sky130_fd_sc_hd__o21ai_2,_07196_,picorv32_pcpi_fast_mul
sky130_fd_sc_hd__nand2_2,_07197_,picorv32_pcpi_fast_mul
sky130_fd_sc_hd__xnor2_2,_07198_,picorv32_pcpi_fast_mul
sky130_fd_sc_hd__and2b_2,_07199_,picorv32_pcpi_fast_mul
sky130_fd_sc_hd__xnor2_2,_07200_,picorv32_pcpi_fast_mul
sky130_fd_sc_hd__and2b_2,_07201_,picorv32_pcpi_fast_mul
sky130_fd_sc_hd__xor2_2,_07202_,picorv32_pcpi_fast_mul
sky130_fd_sc_hd__and4_2,_07203_,picorv32_pcpi_fast_mul
sky130_fd_sc_hd__xnor2_2,_07204_,picorv32_pcpi_fast_mul
sky130_fd_sc_hd__a21oi_2,_07205_,picorv32_pcpi_fast_mul
sky130_fd_sc_hd__and2b_2,_07206_,picorv32_pcpi_fast_mul
sky130_fd_sc_hd__a21oi_2,_07207_,picorv32_pcpi_fast_mul
sky130_fd_sc_hd__and2b_2,_07208_,picorv32_pcpi_fast_mul
sky130_fd_sc_hd__xnor2_2,_07209_,picorv32_pcpi_fast_mul
sky130_fd_sc_hd__a21o_2,_07210_,picorv32_pcpi_fast_mul
sky130_fd_sc_hd__o21ba_2,_07211_,picorv32_pcpi_fast_mul
sky130_fd_sc_hd__a22oi_2,_07212_,picorv32_pcpi_fast_mul
sky130_fd_sc_hd__and4_2,_07213_,picorv32_pcpi_fast_mul
sky130_fd_sc_hd__or2_2,_07214_,picorv32_pcpi_fast_mul
sky130_fd_sc_hd__a31o_2,_07215_,picorv32_pcpi_fast_mul
sky130_fd_sc_hd__o21ba_2,_07216_,picorv32_pcpi_fast_mul
sky130_fd_sc_hd__and4_2,_07217_,picorv32_pcpi_fast_mul
sky130_fd_sc_hd__a22oi_2,_07218_,picorv32_pcpi_fast_mul
sky130_fd_sc_hd__nor2_2,_07219_,picorv32_pcpi_fast_mul
sky130_fd_sc_hd__nand2_2,_07220_,picorv32_pcpi_fast_mul
sky130_fd_sc_hd__xnor2_2,_07221_,picorv32_pcpi_fast_mul
sky130_fd_sc_hd__nand2b_2,_07222_,picorv32_pcpi_fast_mul
sky130_fd_sc_hd__xnor2_2,_07223_,picorv32_pcpi_fast_mul
sky130_fd_sc_hd__nand2_2,_07224_,picorv32_pcpi_fast_mul
sky130_fd_sc_hd__xnor2_2,_07225_,picorv32_pcpi_fast_mul
sky130_fd_sc_hd__a21o_2,_07226_,picorv32_pcpi_fast_mul
sky130_fd_sc_hd__nand3_2,_07227_,picorv32_pcpi_fast_mul
sky130_fd_sc_hd__nand2_2,_07228_,picorv32_pcpi_fast_mul
sky130_fd_sc_hd__or2_2,_07229_,picorv32_pcpi_fast_mul
sky130_fd_sc_hd__xnor2_2,_07230_,picorv32_pcpi_fast_mul
sky130_fd_sc_hd__a21oi_2,_07231_,picorv32_pcpi_fast_mul
sky130_fd_sc_hd__and3_2,_07232_,picorv32_pcpi_fast_mul
sky130_fd_sc_hd__nor3_2,_07233_,picorv32_pcpi_fast_mul
sky130_fd_sc_hd__o21a_2,_07234_,picorv32_pcpi_fast_mul
sky130_fd_sc_hd__nand2_2,_07235_,picorv32_pcpi_fast_mul
sky130_fd_sc_hd__and4_2,_07236_,picorv32_pcpi_fast_mul
sky130_fd_sc_hd__a22oi_2,_07237_,picorv32_pcpi_fast_mul
sky130_fd_sc_hd__nor2_2,_07238_,picorv32_pcpi_fast_mul
sky130_fd_sc_hd__xnor2_2,_07239_,picorv32_pcpi_fast_mul
sky130_fd_sc_hd__nand2_2,_07240_,picorv32_pcpi_fast_mul
sky130_fd_sc_hd__and4_2,_07241_,picorv32_pcpi_fast_mul
sky130_fd_sc_hd__a22oi_2,_07242_,picorv32_pcpi_fast_mul
sky130_fd_sc_hd__nor2_2,_07243_,picorv32_pcpi_fast_mul
sky130_fd_sc_hd__xnor2_2,_07244_,picorv32_pcpi_fast_mul
sky130_fd_sc_hd__o21ba_2,_07245_,picorv32_pcpi_fast_mul
sky130_fd_sc_hd__and2b_2,_07246_,picorv32_pcpi_fast_mul
sky130_fd_sc_hd__xnor2_2,_07247_,picorv32_pcpi_fast_mul
sky130_fd_sc_hd__and2_2,_07248_,picorv32_pcpi_fast_mul
sky130_fd_sc_hd__xnor2_2,_07249_,picorv32_pcpi_fast_mul
sky130_fd_sc_hd__a21o_2,_07250_,picorv32_pcpi_fast_mul
sky130_fd_sc_hd__nand3_2,_07251_,picorv32_pcpi_fast_mul
sky130_fd_sc_hd__o211ai_2,_07252_,picorv32_pcpi_fast_mul
sky130_fd_sc_hd__a211o_2,_07253_,picorv32_pcpi_fast_mul
sky130_fd_sc_hd__o21ba_2,_07254_,picorv32_pcpi_fast_mul
sky130_fd_sc_hd__o21ba_2,_07255_,picorv32_pcpi_fast_mul
sky130_fd_sc_hd__nand2_2,_07256_,picorv32_pcpi_fast_mul
sky130_fd_sc_hd__and4_2,_07257_,picorv32_pcpi_fast_mul
sky130_fd_sc_hd__a22oi_2,_07258_,picorv32_pcpi_fast_mul
sky130_fd_sc_hd__nor2_2,_07259_,picorv32_pcpi_fast_mul
sky130_fd_sc_hd__xnor2_2,_07260_,picorv32_pcpi_fast_mul
sky130_fd_sc_hd__nand2b_2,_07261_,picorv32_pcpi_fast_mul
sky130_fd_sc_hd__xnor2_2,_07262_,picorv32_pcpi_fast_mul
sky130_fd_sc_hd__nand2b_2,_07263_,picorv32_pcpi_fast_mul
sky130_fd_sc_hd__xnor2_2,_07264_,picorv32_pcpi_fast_mul
sky130_fd_sc_hd__nand2_2,_07265_,picorv32_pcpi_fast_mul
sky130_fd_sc_hd__and4_2,_07266_,picorv32_pcpi_fast_mul
sky130_fd_sc_hd__a22oi_2,_07267_,picorv32_pcpi_fast_mul
sky130_fd_sc_hd__nor2_2,_07268_,picorv32_pcpi_fast_mul
sky130_fd_sc_hd__xnor2_2,_07269_,picorv32_pcpi_fast_mul
sky130_fd_sc_hd__nand2_2,_07270_,picorv32_pcpi_fast_mul
sky130_fd_sc_hd__and4_2,_07271_,picorv32_pcpi_fast_mul
sky130_fd_sc_hd__a22oi_2,_07272_,picorv32_pcpi_fast_mul
sky130_fd_sc_hd__or3_2,_07273_,picorv32_pcpi_fast_mul
sky130_fd_sc_hd__o21ai_2,_07274_,picorv32_pcpi_fast_mul
sky130_fd_sc_hd__o21bai_2,_07275_,picorv32_pcpi_fast_mul
sky130_fd_sc_hd__nand3_2,_07276_,picorv32_pcpi_fast_mul
sky130_fd_sc_hd__a21o_2,_07277_,picorv32_pcpi_fast_mul
sky130_fd_sc_hd__nand3_2,_07278_,picorv32_pcpi_fast_mul
sky130_fd_sc_hd__a21o_2,_07279_,picorv32_pcpi_fast_mul
sky130_fd_sc_hd__a21bo_2,_07280_,picorv32_pcpi_fast_mul
sky130_fd_sc_hd__nand3_2,_07281_,picorv32_pcpi_fast_mul
sky130_fd_sc_hd__a21o_2,_07282_,picorv32_pcpi_fast_mul
sky130_fd_sc_hd__and3_2,_07283_,picorv32_pcpi_fast_mul
sky130_fd_sc_hd__nand3_2,_07284_,picorv32_pcpi_fast_mul
sky130_fd_sc_hd__a21oi_2,_07285_,picorv32_pcpi_fast_mul
sky130_fd_sc_hd__a211oi_2,_07286_,picorv32_pcpi_fast_mul
sky130_fd_sc_hd__a211o_2,_07287_,picorv32_pcpi_fast_mul
sky130_fd_sc_hd__o211ai_2,_07288_,picorv32_pcpi_fast_mul
sky130_fd_sc_hd__and4_2,_07289_,picorv32_pcpi_fast_mul
sky130_fd_sc_hd__a22o_2,_07290_,picorv32_pcpi_fast_mul
sky130_fd_sc_hd__and2b_2,_07291_,picorv32_pcpi_fast_mul
sky130_fd_sc_hd__o21ai_2,_07292_,picorv32_pcpi_fast_mul
sky130_fd_sc_hd__or3_2,_07293_,picorv32_pcpi_fast_mul
sky130_fd_sc_hd__or4bb_2,_07294_,picorv32_pcpi_fast_mul
sky130_fd_sc_hd__a2bb2o_2,_07295_,picorv32_pcpi_fast_mul
sky130_fd_sc_hd__nand2_2,_07296_,picorv32_pcpi_fast_mul
sky130_fd_sc_hd__or2_2,_07297_,picorv32_pcpi_fast_mul
sky130_fd_sc_hd__xnor2_2,_07298_,picorv32_pcpi_fast_mul
sky130_fd_sc_hd__xnor2_2,_07299_,picorv32_pcpi_fast_mul
sky130_fd_sc_hd__o32a_2,_07300_,picorv32_pcpi_fast_mul
sky130_fd_sc_hd__or2_2,_07301_,picorv32_pcpi_fast_mul
sky130_fd_sc_hd__xor2_2,_07302_,picorv32_pcpi_fast_mul
sky130_fd_sc_hd__and2_2,_07303_,picorv32_pcpi_fast_mul
sky130_fd_sc_hd__xnor2_2,_07304_,picorv32_pcpi_fast_mul
sky130_fd_sc_hd__xnor2_2,_07305_,picorv32_pcpi_fast_mul
sky130_fd_sc_hd__nor2_2,_07306_,picorv32_pcpi_fast_mul
sky130_fd_sc_hd__xnor2_2,_07307_,picorv32_pcpi_fast_mul
sky130_fd_sc_hd__nor2_2,_07308_,picorv32_pcpi_fast_mul
sky130_fd_sc_hd__and4_2,_07309_,picorv32_pcpi_fast_mul
sky130_fd_sc_hd__a22oi_2,_07310_,picorv32_pcpi_fast_mul
sky130_fd_sc_hd__nor2_2,_07311_,picorv32_pcpi_fast_mul
sky130_fd_sc_hd__nand2_2,_07312_,picorv32_pcpi_fast_mul
sky130_fd_sc_hd__xnor2_2,_07313_,picorv32_pcpi_fast_mul
sky130_fd_sc_hd__and2_2,_07314_,picorv32_pcpi_fast_mul
sky130_fd_sc_hd__nor2_2,_07315_,picorv32_pcpi_fast_mul
sky130_fd_sc_hd__or2_2,_07316_,picorv32_pcpi_fast_mul
sky130_fd_sc_hd__a31o_2,_07317_,picorv32_pcpi_fast_mul
sky130_fd_sc_hd__o21ba_2,_07318_,picorv32_pcpi_fast_mul
sky130_fd_sc_hd__and4_2,_07319_,picorv32_pcpi_fast_mul
sky130_fd_sc_hd__a22oi_2,_07320_,picorv32_pcpi_fast_mul
sky130_fd_sc_hd__nor2_2,_07321_,picorv32_pcpi_fast_mul
sky130_fd_sc_hd__nand2_2,_07322_,picorv32_pcpi_fast_mul
sky130_fd_sc_hd__xnor2_2,_07323_,picorv32_pcpi_fast_mul
sky130_fd_sc_hd__nand2b_2,_07324_,picorv32_pcpi_fast_mul
sky130_fd_sc_hd__xnor2_2,_07325_,picorv32_pcpi_fast_mul
sky130_fd_sc_hd__nand2_2,_07326_,picorv32_pcpi_fast_mul
sky130_fd_sc_hd__xnor2_2,_07327_,picorv32_pcpi_fast_mul
sky130_fd_sc_hd__a21oi_2,_07328_,picorv32_pcpi_fast_mul
sky130_fd_sc_hd__inv_2,_07329_,picorv32_pcpi_fast_mul
sky130_fd_sc_hd__and3_2,_07330_,picorv32_pcpi_fast_mul
sky130_fd_sc_hd__nor3_2,_07331_,picorv32_pcpi_fast_mul
sky130_fd_sc_hd__or3_2,_07332_,picorv32_pcpi_fast_mul
sky130_fd_sc_hd__o21a_2,_07333_,picorv32_pcpi_fast_mul
sky130_fd_sc_hd__a211oi_2,_07334_,picorv32_pcpi_fast_mul
sky130_fd_sc_hd__o211a_2,_07335_,picorv32_pcpi_fast_mul
sky130_fd_sc_hd__a211oi_2,_07336_,picorv32_pcpi_fast_mul
sky130_fd_sc_hd__o211a_2,_07337_,picorv32_pcpi_fast_mul
sky130_fd_sc_hd__nand2_2,_07338_,picorv32_pcpi_fast_mul
sky130_fd_sc_hd__and4_2,_07339_,picorv32_pcpi_fast_mul
sky130_fd_sc_hd__a22oi_2,_07340_,picorv32_pcpi_fast_mul
sky130_fd_sc_hd__nor2_2,_07341_,picorv32_pcpi_fast_mul
sky130_fd_sc_hd__xnor2_2,_07342_,picorv32_pcpi_fast_mul
sky130_fd_sc_hd__nand2_2,_07343_,picorv32_pcpi_fast_mul
sky130_fd_sc_hd__and4_2,_07344_,picorv32_pcpi_fast_mul
sky130_fd_sc_hd__a22oi_2,_07345_,picorv32_pcpi_fast_mul
sky130_fd_sc_hd__nor2_2,_07346_,picorv32_pcpi_fast_mul
sky130_fd_sc_hd__xnor2_2,_07347_,picorv32_pcpi_fast_mul
sky130_fd_sc_hd__o21ba_2,_07348_,picorv32_pcpi_fast_mul
sky130_fd_sc_hd__and2b_2,_07349_,picorv32_pcpi_fast_mul
sky130_fd_sc_hd__xnor2_2,_07350_,picorv32_pcpi_fast_mul
sky130_fd_sc_hd__and2_2,_07351_,picorv32_pcpi_fast_mul
sky130_fd_sc_hd__xnor2_2,_07352_,picorv32_pcpi_fast_mul
sky130_fd_sc_hd__a21o_2,_07353_,picorv32_pcpi_fast_mul
sky130_fd_sc_hd__nand3_2,_07354_,picorv32_pcpi_fast_mul
sky130_fd_sc_hd__o211a_2,_07355_,picorv32_pcpi_fast_mul
sky130_fd_sc_hd__o211ai_2,_07356_,picorv32_pcpi_fast_mul
sky130_fd_sc_hd__a211oi_2,_07357_,picorv32_pcpi_fast_mul
sky130_fd_sc_hd__o21ba_2,_07358_,picorv32_pcpi_fast_mul
sky130_fd_sc_hd__o21ba_2,_07359_,picorv32_pcpi_fast_mul
sky130_fd_sc_hd__and4_2,_07360_,picorv32_pcpi_fast_mul
sky130_fd_sc_hd__a22oi_2,_07361_,picorv32_pcpi_fast_mul
sky130_fd_sc_hd__nor2_2,_07362_,picorv32_pcpi_fast_mul
sky130_fd_sc_hd__nand2_2,_07363_,picorv32_pcpi_fast_mul
sky130_fd_sc_hd__xnor2_2,_07364_,picorv32_pcpi_fast_mul
sky130_fd_sc_hd__nand2b_2,_07365_,picorv32_pcpi_fast_mul
sky130_fd_sc_hd__xnor2_2,_07366_,picorv32_pcpi_fast_mul
sky130_fd_sc_hd__nand2b_2,_07367_,picorv32_pcpi_fast_mul
sky130_fd_sc_hd__xnor2_2,_07368_,picorv32_pcpi_fast_mul
sky130_fd_sc_hd__nand2_2,_07369_,picorv32_pcpi_fast_mul
sky130_fd_sc_hd__and4_2,_07370_,picorv32_pcpi_fast_mul
sky130_fd_sc_hd__a22oi_2,_07371_,picorv32_pcpi_fast_mul
sky130_fd_sc_hd__nor2_2,_07372_,picorv32_pcpi_fast_mul
sky130_fd_sc_hd__xnor2_2,_07373_,picorv32_pcpi_fast_mul
sky130_fd_sc_hd__nand2_2,_07374_,picorv32_pcpi_fast_mul
sky130_fd_sc_hd__and4_2,_07375_,picorv32_pcpi_fast_mul
sky130_fd_sc_hd__a22oi_2,_07376_,picorv32_pcpi_fast_mul
sky130_fd_sc_hd__or3_2,_07377_,picorv32_pcpi_fast_mul
sky130_fd_sc_hd__o21ai_2,_07378_,picorv32_pcpi_fast_mul
sky130_fd_sc_hd__o21bai_2,_07379_,picorv32_pcpi_fast_mul
sky130_fd_sc_hd__nand3_2,_07380_,picorv32_pcpi_fast_mul
sky130_fd_sc_hd__a21o_2,_07381_,picorv32_pcpi_fast_mul
sky130_fd_sc_hd__nand3_2,_07382_,picorv32_pcpi_fast_mul
sky130_fd_sc_hd__a21o_2,_07383_,picorv32_pcpi_fast_mul
sky130_fd_sc_hd__a21bo_2,_07384_,picorv32_pcpi_fast_mul
sky130_fd_sc_hd__nand3_2,_07385_,picorv32_pcpi_fast_mul
sky130_fd_sc_hd__a21o_2,_07386_,picorv32_pcpi_fast_mul
sky130_fd_sc_hd__and3_2,_07387_,picorv32_pcpi_fast_mul
sky130_fd_sc_hd__nand3_2,_07388_,picorv32_pcpi_fast_mul
sky130_fd_sc_hd__a21oi_2,_07389_,picorv32_pcpi_fast_mul
sky130_fd_sc_hd__a211oi_2,_07390_,picorv32_pcpi_fast_mul
sky130_fd_sc_hd__o211a_2,_07391_,picorv32_pcpi_fast_mul
sky130_fd_sc_hd__nor4_2,_07392_,picorv32_pcpi_fast_mul
sky130_fd_sc_hd__or4_2,_07393_,picorv32_pcpi_fast_mul
sky130_fd_sc_hd__o22ai_2,_07394_,picorv32_pcpi_fast_mul
sky130_fd_sc_hd__o211ai_2,_07395_,picorv32_pcpi_fast_mul
sky130_fd_sc_hd__a211o_2,_07396_,picorv32_pcpi_fast_mul
sky130_fd_sc_hd__or4bb_2,_07397_,picorv32_pcpi_fast_mul
sky130_fd_sc_hd__a2bb2o_2,_07398_,picorv32_pcpi_fast_mul
sky130_fd_sc_hd__nand2_2,_07399_,picorv32_pcpi_fast_mul
sky130_fd_sc_hd__a21oi_2,_07400_,picorv32_pcpi_fast_mul
sky130_fd_sc_hd__and3_2,_07401_,picorv32_pcpi_fast_mul
sky130_fd_sc_hd__or3_2,_07402_,picorv32_pcpi_fast_mul
sky130_fd_sc_hd__o21ai_2,_07403_,picorv32_pcpi_fast_mul
sky130_fd_sc_hd__nand2_2,_07404_,picorv32_pcpi_fast_mul
sky130_fd_sc_hd__a32oi_2,_07405_,picorv32_pcpi_fast_mul
sky130_fd_sc_hd__or2_2,_07406_,picorv32_pcpi_fast_mul
sky130_fd_sc_hd__xor2_2,_07407_,picorv32_pcpi_fast_mul
sky130_fd_sc_hd__and2b_2,_07408_,picorv32_pcpi_fast_mul
sky130_fd_sc_hd__xnor2_2,_07409_,picorv32_pcpi_fast_mul
sky130_fd_sc_hd__and2_2,_07410_,picorv32_pcpi_fast_mul
sky130_fd_sc_hd__xor2_2,_07411_,picorv32_pcpi_fast_mul
sky130_fd_sc_hd__and2_2,_07412_,picorv32_pcpi_fast_mul
sky130_fd_sc_hd__o21ba_2,_07413_,picorv32_pcpi_fast_mul
sky130_fd_sc_hd__a31o_2,_07414_,picorv32_pcpi_fast_mul
sky130_fd_sc_hd__and3_2,_07415_,picorv32_pcpi_fast_mul
sky130_fd_sc_hd__o21a_2,_07416_,picorv32_pcpi_fast_mul
sky130_fd_sc_hd__or3_2,_07417_,picorv32_pcpi_fast_mul
sky130_fd_sc_hd__and2b_2,_07418_,picorv32_pcpi_fast_mul
sky130_fd_sc_hd__o21ai_2,_07419_,picorv32_pcpi_fast_mul
sky130_fd_sc_hd__or3_2,_07420_,picorv32_pcpi_fast_mul
sky130_fd_sc_hd__and2_2,_07421_,picorv32_pcpi_fast_mul
sky130_fd_sc_hd__and4_2,_07422_,picorv32_pcpi_fast_mul
sky130_fd_sc_hd__a22oi_2,_07423_,picorv32_pcpi_fast_mul
sky130_fd_sc_hd__nor2_2,_07424_,picorv32_pcpi_fast_mul
sky130_fd_sc_hd__nand2_2,_07425_,picorv32_pcpi_fast_mul
sky130_fd_sc_hd__xnor2_2,_07426_,picorv32_pcpi_fast_mul
sky130_fd_sc_hd__o21ba_2,_07427_,picorv32_pcpi_fast_mul
sky130_fd_sc_hd__and2b_2,_07428_,picorv32_pcpi_fast_mul
sky130_fd_sc_hd__xnor2_2,_07429_,picorv32_pcpi_fast_mul
sky130_fd_sc_hd__nand2_2,_07430_,picorv32_pcpi_fast_mul
sky130_fd_sc_hd__xor2_2,_07431_,picorv32_pcpi_fast_mul
sky130_fd_sc_hd__a31o_2,_07432_,picorv32_pcpi_fast_mul
sky130_fd_sc_hd__o21ba_2,_07433_,picorv32_pcpi_fast_mul
sky130_fd_sc_hd__and4_2,_07434_,picorv32_pcpi_fast_mul
sky130_fd_sc_hd__a22oi_2,_07435_,picorv32_pcpi_fast_mul
sky130_fd_sc_hd__nor2_2,_07436_,picorv32_pcpi_fast_mul
sky130_fd_sc_hd__nand2_2,_07437_,picorv32_pcpi_fast_mul
sky130_fd_sc_hd__xnor2_2,_07438_,picorv32_pcpi_fast_mul
sky130_fd_sc_hd__nand2b_2,_07439_,picorv32_pcpi_fast_mul
sky130_fd_sc_hd__xnor2_2,_07440_,picorv32_pcpi_fast_mul
sky130_fd_sc_hd__nand2_2,_07441_,picorv32_pcpi_fast_mul
sky130_fd_sc_hd__xnor2_2,_07442_,picorv32_pcpi_fast_mul
sky130_fd_sc_hd__a21oi_2,_07443_,picorv32_pcpi_fast_mul
sky130_fd_sc_hd__and3_2,_07444_,picorv32_pcpi_fast_mul
sky130_fd_sc_hd__nor3_2,_07445_,picorv32_pcpi_fast_mul
sky130_fd_sc_hd__o21a_2,_07446_,picorv32_pcpi_fast_mul
sky130_fd_sc_hd__a211oi_2,_07447_,picorv32_pcpi_fast_mul
sky130_fd_sc_hd__o211a_2,_07448_,picorv32_pcpi_fast_mul
sky130_fd_sc_hd__a211oi_2,_07449_,picorv32_pcpi_fast_mul
sky130_fd_sc_hd__o211a_2,_07450_,picorv32_pcpi_fast_mul
sky130_fd_sc_hd__and4_2,_07451_,picorv32_pcpi_fast_mul
sky130_fd_sc_hd__a22oi_2,_07452_,picorv32_pcpi_fast_mul
sky130_fd_sc_hd__nor2_2,_07453_,picorv32_pcpi_fast_mul
sky130_fd_sc_hd__nand2_2,_07454_,picorv32_pcpi_fast_mul
sky130_fd_sc_hd__xnor2_2,_07455_,picorv32_pcpi_fast_mul
sky130_fd_sc_hd__and4_2,_07456_,picorv32_pcpi_fast_mul
sky130_fd_sc_hd__a22oi_2,_07457_,picorv32_pcpi_fast_mul
sky130_fd_sc_hd__nor2_2,_07458_,picorv32_pcpi_fast_mul
sky130_fd_sc_hd__nand2_2,_07459_,picorv32_pcpi_fast_mul
sky130_fd_sc_hd__xnor2_2,_07460_,picorv32_pcpi_fast_mul
sky130_fd_sc_hd__o21ba_2,_07461_,picorv32_pcpi_fast_mul
sky130_fd_sc_hd__and2b_2,_07462_,picorv32_pcpi_fast_mul
sky130_fd_sc_hd__xnor2_2,_07463_,picorv32_pcpi_fast_mul
sky130_fd_sc_hd__and2_2,_07464_,picorv32_pcpi_fast_mul
sky130_fd_sc_hd__xnor2_2,_07465_,picorv32_pcpi_fast_mul
sky130_fd_sc_hd__a21o_2,_07466_,picorv32_pcpi_fast_mul
sky130_fd_sc_hd__nand3_2,_07467_,picorv32_pcpi_fast_mul
sky130_fd_sc_hd__o211a_2,_07468_,picorv32_pcpi_fast_mul
sky130_fd_sc_hd__o211ai_2,_07469_,picorv32_pcpi_fast_mul
sky130_fd_sc_hd__a211oi_2,_07470_,picorv32_pcpi_fast_mul
sky130_fd_sc_hd__o21ba_2,_07471_,picorv32_pcpi_fast_mul
sky130_fd_sc_hd__o21ba_2,_07472_,picorv32_pcpi_fast_mul
sky130_fd_sc_hd__and4_2,_07473_,picorv32_pcpi_fast_mul
sky130_fd_sc_hd__a22oi_2,_07474_,picorv32_pcpi_fast_mul
sky130_fd_sc_hd__nor2_2,_07475_,picorv32_pcpi_fast_mul
sky130_fd_sc_hd__nand2_2,_07476_,picorv32_pcpi_fast_mul
sky130_fd_sc_hd__xnor2_2,_07477_,picorv32_pcpi_fast_mul
sky130_fd_sc_hd__nand2b_2,_07478_,picorv32_pcpi_fast_mul
sky130_fd_sc_hd__xnor2_2,_07479_,picorv32_pcpi_fast_mul
sky130_fd_sc_hd__nand2b_2,_07480_,picorv32_pcpi_fast_mul
sky130_fd_sc_hd__xnor2_2,_07481_,picorv32_pcpi_fast_mul
sky130_fd_sc_hd__nand2_2,_07482_,picorv32_pcpi_fast_mul
sky130_fd_sc_hd__and4_2,_07483_,picorv32_pcpi_fast_mul
sky130_fd_sc_hd__a22oi_2,_07484_,picorv32_pcpi_fast_mul
sky130_fd_sc_hd__nor2_2,_07485_,picorv32_pcpi_fast_mul
sky130_fd_sc_hd__xnor2_2,_07486_,picorv32_pcpi_fast_mul
sky130_fd_sc_hd__nand2_2,_07487_,picorv32_pcpi_fast_mul
sky130_fd_sc_hd__and4_2,_07488_,picorv32_pcpi_fast_mul
sky130_fd_sc_hd__a22oi_2,_07489_,picorv32_pcpi_fast_mul
sky130_fd_sc_hd__or3_2,_07490_,picorv32_pcpi_fast_mul
sky130_fd_sc_hd__o21ai_2,_07491_,picorv32_pcpi_fast_mul
sky130_fd_sc_hd__o21bai_2,_07492_,picorv32_pcpi_fast_mul
sky130_fd_sc_hd__nand3_2,_07493_,picorv32_pcpi_fast_mul
sky130_fd_sc_hd__a21o_2,_07494_,picorv32_pcpi_fast_mul
sky130_fd_sc_hd__nand3_2,_07495_,picorv32_pcpi_fast_mul
sky130_fd_sc_hd__a21o_2,_07496_,picorv32_pcpi_fast_mul
sky130_fd_sc_hd__a21bo_2,_07497_,picorv32_pcpi_fast_mul
sky130_fd_sc_hd__nand3_2,_07498_,picorv32_pcpi_fast_mul
sky130_fd_sc_hd__a21o_2,_07499_,picorv32_pcpi_fast_mul
sky130_fd_sc_hd__and3_2,_07500_,picorv32_pcpi_fast_mul
sky130_fd_sc_hd__nand3_2,_07501_,picorv32_pcpi_fast_mul
sky130_fd_sc_hd__a21oi_2,_07502_,picorv32_pcpi_fast_mul
sky130_fd_sc_hd__a211oi_2,_07503_,picorv32_pcpi_fast_mul
sky130_fd_sc_hd__o211a_2,_07504_,picorv32_pcpi_fast_mul
sky130_fd_sc_hd__nor4_2,_07505_,picorv32_pcpi_fast_mul
sky130_fd_sc_hd__or4_2,_07506_,picorv32_pcpi_fast_mul
sky130_fd_sc_hd__o22ai_2,_07507_,picorv32_pcpi_fast_mul
sky130_fd_sc_hd__o211ai_2,_07508_,picorv32_pcpi_fast_mul
sky130_fd_sc_hd__a211o_2,_07509_,picorv32_pcpi_fast_mul
sky130_fd_sc_hd__and4bb_2,_07510_,picorv32_pcpi_fast_mul
sky130_fd_sc_hd__or4bb_2,_07511_,picorv32_pcpi_fast_mul
sky130_fd_sc_hd__a2bb2oi_2,_07512_,picorv32_pcpi_fast_mul
sky130_fd_sc_hd__a211o_2,_07513_,picorv32_pcpi_fast_mul
sky130_fd_sc_hd__o211ai_2,_07514_,picorv32_pcpi_fast_mul
sky130_fd_sc_hd__nand3_2,_07515_,picorv32_pcpi_fast_mul
sky130_fd_sc_hd__a21o_2,_07516_,picorv32_pcpi_fast_mul
sky130_fd_sc_hd__nand2_2,_07517_,picorv32_pcpi_fast_mul
sky130_fd_sc_hd__o21ba_2,_07518_,picorv32_pcpi_fast_mul
sky130_fd_sc_hd__or2_2,_07519_,picorv32_pcpi_fast_mul
sky130_fd_sc_hd__xnor2_2,_07520_,picorv32_pcpi_fast_mul
sky130_fd_sc_hd__nor2_2,_07521_,picorv32_pcpi_fast_mul
sky130_fd_sc_hd__xor2_2,_07522_,picorv32_pcpi_fast_mul
sky130_fd_sc_hd__xor2_2,_07523_,picorv32_pcpi_fast_mul
sky130_fd_sc_hd__nor2_2,_07524_,picorv32_pcpi_fast_mul
sky130_fd_sc_hd__xnor2_2,_07525_,picorv32_pcpi_fast_mul
sky130_fd_sc_hd__a31oi_2,_07526_,picorv32_pcpi_fast_mul
sky130_fd_sc_hd__o21ba_2,_07527_,picorv32_pcpi_fast_mul
sky130_fd_sc_hd__or3b_2,_07528_,picorv32_pcpi_fast_mul
sky130_fd_sc_hd__and2b_2,_07529_,picorv32_pcpi_fast_mul
sky130_fd_sc_hd__nor2_2,_07530_,picorv32_pcpi_fast_mul
sky130_fd_sc_hd__a22oi_2,_07531_,picorv32_pcpi_fast_mul
sky130_fd_sc_hd__and4_2,_07532_,picorv32_pcpi_fast_mul
sky130_fd_sc_hd__or2_2,_07533_,picorv32_pcpi_fast_mul
sky130_fd_sc_hd__and4_2,_07534_,picorv32_pcpi_fast_mul
sky130_fd_sc_hd__a22o_2,_07535_,picorv32_pcpi_fast_mul
sky130_fd_sc_hd__and2b_2,_07536_,picorv32_pcpi_fast_mul
sky130_fd_sc_hd__nand2_2,_07537_,picorv32_pcpi_fast_mul
sky130_fd_sc_hd__xnor2_2,_07538_,picorv32_pcpi_fast_mul
sky130_fd_sc_hd__o21ba_2,_07539_,picorv32_pcpi_fast_mul
sky130_fd_sc_hd__and2b_2,_07540_,picorv32_pcpi_fast_mul
sky130_fd_sc_hd__xnor2_2,_07541_,picorv32_pcpi_fast_mul
sky130_fd_sc_hd__inv_2,_07542_,picorv32_pcpi_fast_mul
sky130_fd_sc_hd__xnor2_2,_07543_,picorv32_pcpi_fast_mul
sky130_fd_sc_hd__a31o_2,_07544_,picorv32_pcpi_fast_mul
sky130_fd_sc_hd__o21ba_2,_07545_,picorv32_pcpi_fast_mul
sky130_fd_sc_hd__and4_2,_07546_,picorv32_pcpi_fast_mul
sky130_fd_sc_hd__a22oi_2,_07547_,picorv32_pcpi_fast_mul
sky130_fd_sc_hd__nor2_2,_07548_,picorv32_pcpi_fast_mul
sky130_fd_sc_hd__nand2_2,_07549_,picorv32_pcpi_fast_mul
sky130_fd_sc_hd__xnor2_2,_07550_,picorv32_pcpi_fast_mul
sky130_fd_sc_hd__nand2b_2,_07551_,picorv32_pcpi_fast_mul
sky130_fd_sc_hd__xnor2_2,_07552_,picorv32_pcpi_fast_mul
sky130_fd_sc_hd__nand2_2,_07553_,picorv32_pcpi_fast_mul
sky130_fd_sc_hd__xnor2_2,_07554_,picorv32_pcpi_fast_mul
sky130_fd_sc_hd__a21o_2,_07555_,picorv32_pcpi_fast_mul
sky130_fd_sc_hd__nand3_2,_07556_,picorv32_pcpi_fast_mul
sky130_fd_sc_hd__and3_2,_07557_,picorv32_pcpi_fast_mul
sky130_fd_sc_hd__inv_2,_07558_,picorv32_pcpi_fast_mul
sky130_fd_sc_hd__a21oi_2,_07559_,picorv32_pcpi_fast_mul
sky130_fd_sc_hd__a211oi_2,_07560_,picorv32_pcpi_fast_mul
sky130_fd_sc_hd__o211a_2,_07561_,picorv32_pcpi_fast_mul
sky130_fd_sc_hd__nor3_2,_07562_,picorv32_pcpi_fast_mul
sky130_fd_sc_hd__o21a_2,_07563_,picorv32_pcpi_fast_mul
sky130_fd_sc_hd__and4_2,_07564_,picorv32_pcpi_fast_mul
sky130_fd_sc_hd__a22oi_2,_07565_,picorv32_pcpi_fast_mul
sky130_fd_sc_hd__nor2_2,_07566_,picorv32_pcpi_fast_mul
sky130_fd_sc_hd__nand2_2,_07567_,picorv32_pcpi_fast_mul
sky130_fd_sc_hd__xnor2_2,_07568_,picorv32_pcpi_fast_mul
sky130_fd_sc_hd__and4_2,_07569_,picorv32_pcpi_fast_mul
sky130_fd_sc_hd__a22o_2,_07570_,picorv32_pcpi_fast_mul
sky130_fd_sc_hd__and2b_2,_07571_,picorv32_pcpi_fast_mul
sky130_fd_sc_hd__nand2_2,_07572_,picorv32_pcpi_fast_mul
sky130_fd_sc_hd__xnor2_2,_07573_,picorv32_pcpi_fast_mul
sky130_fd_sc_hd__o21ba_2,_07574_,picorv32_pcpi_fast_mul
sky130_fd_sc_hd__and2b_2,_07575_,picorv32_pcpi_fast_mul
sky130_fd_sc_hd__xnor2_2,_07576_,picorv32_pcpi_fast_mul
sky130_fd_sc_hd__and2_2,_07577_,picorv32_pcpi_fast_mul
sky130_fd_sc_hd__xnor2_2,_07578_,picorv32_pcpi_fast_mul
sky130_fd_sc_hd__a21o_2,_07579_,picorv32_pcpi_fast_mul
sky130_fd_sc_hd__nand3_2,_07580_,picorv32_pcpi_fast_mul
sky130_fd_sc_hd__o211a_2,_07581_,picorv32_pcpi_fast_mul
sky130_fd_sc_hd__o211ai_2,_07582_,picorv32_pcpi_fast_mul
sky130_fd_sc_hd__a211oi_2,_07583_,picorv32_pcpi_fast_mul
sky130_fd_sc_hd__a31o_2,_07584_,picorv32_pcpi_fast_mul
sky130_fd_sc_hd__o21bai_2,_07585_,picorv32_pcpi_fast_mul
sky130_fd_sc_hd__nand4_2,_07586_,picorv32_pcpi_fast_mul
sky130_fd_sc_hd__a22o_2,_07587_,picorv32_pcpi_fast_mul
sky130_fd_sc_hd__nand2_2,_07588_,picorv32_pcpi_fast_mul
sky130_fd_sc_hd__nand3b_2,_07589_,picorv32_pcpi_fast_mul
sky130_fd_sc_hd__a21bo_2,_07590_,picorv32_pcpi_fast_mul
sky130_fd_sc_hd__and3_2,_07591_,picorv32_pcpi_fast_mul
sky130_fd_sc_hd__a21o_2,_07592_,picorv32_pcpi_fast_mul
sky130_fd_sc_hd__and2b_2,_07593_,picorv32_pcpi_fast_mul
sky130_fd_sc_hd__xor2_2,_07594_,picorv32_pcpi_fast_mul
sky130_fd_sc_hd__nand2_2,_07595_,picorv32_pcpi_fast_mul
sky130_fd_sc_hd__and4_2,_07596_,picorv32_pcpi_fast_mul
sky130_fd_sc_hd__a22oi_2,_07597_,picorv32_pcpi_fast_mul
sky130_fd_sc_hd__nor2_2,_07598_,picorv32_pcpi_fast_mul
sky130_fd_sc_hd__xnor2_2,_07599_,picorv32_pcpi_fast_mul
sky130_fd_sc_hd__nand2_2,_07600_,picorv32_pcpi_fast_mul
sky130_fd_sc_hd__and4_2,_07601_,picorv32_pcpi_fast_mul
sky130_fd_sc_hd__a22oi_2,_07602_,picorv32_pcpi_fast_mul
sky130_fd_sc_hd__or3_2,_07603_,picorv32_pcpi_fast_mul
sky130_fd_sc_hd__o21ai_2,_07604_,picorv32_pcpi_fast_mul
sky130_fd_sc_hd__o21bai_2,_07605_,picorv32_pcpi_fast_mul
sky130_fd_sc_hd__nand3_2,_07606_,picorv32_pcpi_fast_mul
sky130_fd_sc_hd__a21o_2,_07607_,picorv32_pcpi_fast_mul
sky130_fd_sc_hd__nand3_2,_07608_,picorv32_pcpi_fast_mul
sky130_fd_sc_hd__a21o_2,_07609_,picorv32_pcpi_fast_mul
sky130_fd_sc_hd__a21bo_2,_07610_,picorv32_pcpi_fast_mul
sky130_fd_sc_hd__nand3_2,_07611_,picorv32_pcpi_fast_mul
sky130_fd_sc_hd__a21o_2,_07612_,picorv32_pcpi_fast_mul
sky130_fd_sc_hd__and3_2,_07613_,picorv32_pcpi_fast_mul
sky130_fd_sc_hd__nand3_2,_07614_,picorv32_pcpi_fast_mul
sky130_fd_sc_hd__a21oi_2,_07615_,picorv32_pcpi_fast_mul
sky130_fd_sc_hd__a211oi_2,_07616_,picorv32_pcpi_fast_mul
sky130_fd_sc_hd__o211a_2,_07617_,picorv32_pcpi_fast_mul
sky130_fd_sc_hd__nor4_2,_07618_,picorv32_pcpi_fast_mul
sky130_fd_sc_hd__or4_2,_07619_,picorv32_pcpi_fast_mul
sky130_fd_sc_hd__o22ai_2,_07620_,picorv32_pcpi_fast_mul
sky130_fd_sc_hd__o211a_2,_07621_,picorv32_pcpi_fast_mul
sky130_fd_sc_hd__a211oi_2,_07622_,picorv32_pcpi_fast_mul
sky130_fd_sc_hd__nor4_2,_07623_,picorv32_pcpi_fast_mul
sky130_fd_sc_hd__o22a_2,_07624_,picorv32_pcpi_fast_mul
sky130_fd_sc_hd__a211oi_2,_07625_,picorv32_pcpi_fast_mul
sky130_fd_sc_hd__a211o_2,_07626_,picorv32_pcpi_fast_mul
sky130_fd_sc_hd__o211ai_2,_07627_,picorv32_pcpi_fast_mul
sky130_fd_sc_hd__and3_2,_07628_,picorv32_pcpi_fast_mul
sky130_fd_sc_hd__a21oi_2,_07629_,picorv32_pcpi_fast_mul
sky130_fd_sc_hd__nor2_2,_07630_,picorv32_pcpi_fast_mul
sky130_fd_sc_hd__nand2_2,_07631_,picorv32_pcpi_fast_mul
sky130_fd_sc_hd__and2_2,_07632_,picorv32_pcpi_fast_mul
sky130_fd_sc_hd__xnor2_2,_07633_,picorv32_pcpi_fast_mul
sky130_fd_sc_hd__xnor2_2,_07634_,picorv32_pcpi_fast_mul
sky130_fd_sc_hd__nor2_2,_07635_,picorv32_pcpi_fast_mul
sky130_fd_sc_hd__xor2_2,_07636_,picorv32_pcpi_fast_mul
sky130_fd_sc_hd__and2_2,_07637_,picorv32_pcpi_fast_mul
sky130_fd_sc_hd__xor2_2,_07638_,picorv32_pcpi_fast_mul
sky130_fd_sc_hd__o21a_2,_07639_,picorv32_pcpi_fast_mul
sky130_fd_sc_hd__a21oi_2,_07640_,picorv32_pcpi_fast_mul
sky130_fd_sc_hd__and2b_2,_07641_,picorv32_pcpi_fast_mul
sky130_fd_sc_hd__and2b_2,_07642_,picorv32_pcpi_fast_mul
sky130_fd_sc_hd__nor2_2,_07643_,picorv32_pcpi_fast_mul
sky130_fd_sc_hd__nand2_2,_07644_,picorv32_pcpi_fast_mul
sky130_fd_sc_hd__or2_2,_07645_,picorv32_pcpi_fast_mul
sky130_fd_sc_hd__a2bb2o_2,_07646_,picorv32_pcpi_fast_mul
sky130_fd_sc_hd__o21ai_2,_07647_,picorv32_pcpi_fast_mul
sky130_fd_sc_hd__or3_2,_07648_,picorv32_pcpi_fast_mul
sky130_fd_sc_hd__nand2_2,_07649_,picorv32_pcpi_fast_mul
sky130_fd_sc_hd__and4_2,_07650_,picorv32_pcpi_fast_mul
sky130_fd_sc_hd__a22o_2,_07651_,picorv32_pcpi_fast_mul
sky130_fd_sc_hd__and2b_2,_07652_,picorv32_pcpi_fast_mul
sky130_fd_sc_hd__nand2_2,_07653_,picorv32_pcpi_fast_mul
sky130_fd_sc_hd__xnor2_2,_07654_,picorv32_pcpi_fast_mul
sky130_fd_sc_hd__and4_2,_07655_,picorv32_pcpi_fast_mul
sky130_fd_sc_hd__a22o_2,_07656_,picorv32_pcpi_fast_mul
sky130_fd_sc_hd__and2b_2,_07657_,picorv32_pcpi_fast_mul
sky130_fd_sc_hd__nand2_2,_07658_,picorv32_pcpi_fast_mul
sky130_fd_sc_hd__xnor2_2,_07659_,picorv32_pcpi_fast_mul
sky130_fd_sc_hd__a31o_2,_07660_,picorv32_pcpi_fast_mul
sky130_fd_sc_hd__and2_2,_07661_,picorv32_pcpi_fast_mul
sky130_fd_sc_hd__xor2_2,_07662_,picorv32_pcpi_fast_mul
sky130_fd_sc_hd__and2_2,_07663_,picorv32_pcpi_fast_mul
sky130_fd_sc_hd__nor2_2,_07664_,picorv32_pcpi_fast_mul
sky130_fd_sc_hd__or2_2,_07665_,picorv32_pcpi_fast_mul
sky130_fd_sc_hd__a31o_2,_07666_,picorv32_pcpi_fast_mul
sky130_fd_sc_hd__o21bai_2,_07667_,picorv32_pcpi_fast_mul
sky130_fd_sc_hd__nand4_2,_07668_,picorv32_pcpi_fast_mul
sky130_fd_sc_hd__a22o_2,_07669_,picorv32_pcpi_fast_mul
sky130_fd_sc_hd__nand2_2,_07670_,picorv32_pcpi_fast_mul
sky130_fd_sc_hd__nand3b_2,_07671_,picorv32_pcpi_fast_mul
sky130_fd_sc_hd__a21bo_2,_07672_,picorv32_pcpi_fast_mul
sky130_fd_sc_hd__and3_2,_07673_,picorv32_pcpi_fast_mul
sky130_fd_sc_hd__a21o_2,_07674_,picorv32_pcpi_fast_mul
sky130_fd_sc_hd__and2b_2,_07675_,picorv32_pcpi_fast_mul
sky130_fd_sc_hd__xnor2_2,_07676_,picorv32_pcpi_fast_mul
sky130_fd_sc_hd__a21oi_2,_07677_,picorv32_pcpi_fast_mul
sky130_fd_sc_hd__inv_2,_07678_,picorv32_pcpi_fast_mul
sky130_fd_sc_hd__and3_2,_07679_,picorv32_pcpi_fast_mul
sky130_fd_sc_hd__nor3_2,_07680_,picorv32_pcpi_fast_mul
sky130_fd_sc_hd__or3_2,_07681_,picorv32_pcpi_fast_mul
sky130_fd_sc_hd__o21a_2,_07682_,picorv32_pcpi_fast_mul
sky130_fd_sc_hd__a211oi_2,_07683_,picorv32_pcpi_fast_mul
sky130_fd_sc_hd__o211a_2,_07684_,picorv32_pcpi_fast_mul
sky130_fd_sc_hd__a211oi_2,_07685_,picorv32_pcpi_fast_mul
sky130_fd_sc_hd__o211a_2,_07686_,picorv32_pcpi_fast_mul
sky130_fd_sc_hd__a21o_2,_07687_,picorv32_pcpi_fast_mul
sky130_fd_sc_hd__a22oi_2,_07688_,picorv32_pcpi_fast_mul
sky130_fd_sc_hd__and4_2,_07689_,picorv32_pcpi_fast_mul
sky130_fd_sc_hd__nor2_2,_07690_,picorv32_pcpi_fast_mul
sky130_fd_sc_hd__nand2_2,_07691_,picorv32_pcpi_fast_mul
sky130_fd_sc_hd__xnor2_2,_07692_,picorv32_pcpi_fast_mul
sky130_fd_sc_hd__and4_2,_07693_,picorv32_pcpi_fast_mul
sky130_fd_sc_hd__a22oi_2,_07694_,picorv32_pcpi_fast_mul
sky130_fd_sc_hd__nand2_2,_07695_,picorv32_pcpi_fast_mul
sky130_fd_sc_hd__or3_2,_07696_,picorv32_pcpi_fast_mul
sky130_fd_sc_hd__o21ai_2,_07697_,picorv32_pcpi_fast_mul
sky130_fd_sc_hd__a31o_2,_07698_,picorv32_pcpi_fast_mul
sky130_fd_sc_hd__nand3_2,_07699_,picorv32_pcpi_fast_mul
sky130_fd_sc_hd__a21o_2,_07700_,picorv32_pcpi_fast_mul
sky130_fd_sc_hd__nand3_2,_07701_,picorv32_pcpi_fast_mul
sky130_fd_sc_hd__a21o_2,_07702_,picorv32_pcpi_fast_mul
sky130_fd_sc_hd__nand3_2,_07703_,picorv32_pcpi_fast_mul
sky130_fd_sc_hd__a21o_2,_07704_,picorv32_pcpi_fast_mul
sky130_fd_sc_hd__o211ai_2,_07705_,picorv32_pcpi_fast_mul
sky130_fd_sc_hd__a211o_2,_07706_,picorv32_pcpi_fast_mul
sky130_fd_sc_hd__nand2_2,_07707_,picorv32_pcpi_fast_mul
sky130_fd_sc_hd__nand2_2,_07708_,picorv32_pcpi_fast_mul
sky130_fd_sc_hd__o21bai_2,_07709_,picorv32_pcpi_fast_mul
sky130_fd_sc_hd__a22o_2,_07710_,picorv32_pcpi_fast_mul
sky130_fd_sc_hd__nand4_2,_07711_,picorv32_pcpi_fast_mul
sky130_fd_sc_hd__a22o_2,_07712_,picorv32_pcpi_fast_mul
sky130_fd_sc_hd__nand4_2,_07713_,picorv32_pcpi_fast_mul
sky130_fd_sc_hd__and3_2,_07714_,picorv32_pcpi_fast_mul
sky130_fd_sc_hd__a21o_2,_07715_,picorv32_pcpi_fast_mul
sky130_fd_sc_hd__and2b_2,_07716_,picorv32_pcpi_fast_mul
sky130_fd_sc_hd__xor2_2,_07717_,picorv32_pcpi_fast_mul
sky130_fd_sc_hd__nand2_2,_07718_,picorv32_pcpi_fast_mul
sky130_fd_sc_hd__and4_2,_07719_,picorv32_pcpi_fast_mul
sky130_fd_sc_hd__a22oi_2,_07720_,picorv32_pcpi_fast_mul
sky130_fd_sc_hd__nor2_2,_07721_,picorv32_pcpi_fast_mul
sky130_fd_sc_hd__xnor2_2,_07722_,picorv32_pcpi_fast_mul
sky130_fd_sc_hd__nand2_2,_07723_,picorv32_pcpi_fast_mul
sky130_fd_sc_hd__and4_2,_07724_,picorv32_pcpi_fast_mul
sky130_fd_sc_hd__a22oi_2,_07725_,picorv32_pcpi_fast_mul
sky130_fd_sc_hd__or3_2,_07726_,picorv32_pcpi_fast_mul
sky130_fd_sc_hd__o21ai_2,_07727_,picorv32_pcpi_fast_mul
sky130_fd_sc_hd__o21bai_2,_07728_,picorv32_pcpi_fast_mul
sky130_fd_sc_hd__nand3_2,_07729_,picorv32_pcpi_fast_mul
sky130_fd_sc_hd__a21o_2,_07730_,picorv32_pcpi_fast_mul
sky130_fd_sc_hd__nand3_2,_07731_,picorv32_pcpi_fast_mul
sky130_fd_sc_hd__a21o_2,_07732_,picorv32_pcpi_fast_mul
sky130_fd_sc_hd__a21bo_2,_07733_,picorv32_pcpi_fast_mul
sky130_fd_sc_hd__nand3_2,_07734_,picorv32_pcpi_fast_mul
sky130_fd_sc_hd__a21o_2,_07735_,picorv32_pcpi_fast_mul
sky130_fd_sc_hd__and3_2,_07736_,picorv32_pcpi_fast_mul
sky130_fd_sc_hd__nand3_2,_07737_,picorv32_pcpi_fast_mul
sky130_fd_sc_hd__a21oi_2,_07738_,picorv32_pcpi_fast_mul
sky130_fd_sc_hd__a211oi_2,_07739_,picorv32_pcpi_fast_mul
sky130_fd_sc_hd__o211a_2,_07740_,picorv32_pcpi_fast_mul
sky130_fd_sc_hd__nor3_2,_07741_,picorv32_pcpi_fast_mul
sky130_fd_sc_hd__or3_2,_07742_,picorv32_pcpi_fast_mul
sky130_fd_sc_hd__o21ai_2,_07743_,picorv32_pcpi_fast_mul
sky130_fd_sc_hd__o211ai_2,_07744_,picorv32_pcpi_fast_mul
sky130_fd_sc_hd__a211o_2,_07745_,picorv32_pcpi_fast_mul
sky130_fd_sc_hd__or4bb_2,_07746_,picorv32_pcpi_fast_mul
sky130_fd_sc_hd__a2bb2o_2,_07747_,picorv32_pcpi_fast_mul
sky130_fd_sc_hd__o211a_2,_07748_,picorv32_pcpi_fast_mul
sky130_fd_sc_hd__a211oi_2,_07749_,picorv32_pcpi_fast_mul
sky130_fd_sc_hd__or3_2,_07750_,picorv32_pcpi_fast_mul
sky130_fd_sc_hd__o21ai_2,_07751_,picorv32_pcpi_fast_mul
sky130_fd_sc_hd__o211ai_2,_07752_,picorv32_pcpi_fast_mul
sky130_fd_sc_hd__inv_2,_07753_,picorv32_pcpi_fast_mul
sky130_fd_sc_hd__a211o_2,_07754_,picorv32_pcpi_fast_mul
sky130_fd_sc_hd__nand2_2,_07755_,picorv32_pcpi_fast_mul
sky130_fd_sc_hd__and3_2,_07756_,picorv32_pcpi_fast_mul
sky130_fd_sc_hd__xnor2_2,_07757_,picorv32_pcpi_fast_mul
sky130_fd_sc_hd__o21ba_2,_07758_,picorv32_pcpi_fast_mul
sky130_fd_sc_hd__and2b_2,_07759_,picorv32_pcpi_fast_mul
sky130_fd_sc_hd__xnor2_2,_07760_,picorv32_pcpi_fast_mul
sky130_fd_sc_hd__xor2_2,_07761_,picorv32_pcpi_fast_mul
sky130_fd_sc_hd__nor2_2,_07762_,picorv32_pcpi_fast_mul
sky130_fd_sc_hd__xnor2_2,_07763_,picorv32_pcpi_fast_mul
sky130_fd_sc_hd__or2_2,_07764_,picorv32_pcpi_fast_mul
sky130_fd_sc_hd__a31o_2,_07765_,picorv32_pcpi_fast_mul
sky130_fd_sc_hd__and3_2,_07766_,picorv32_pcpi_fast_mul
sky130_fd_sc_hd__a21oi_2,_07767_,picorv32_pcpi_fast_mul
sky130_fd_sc_hd__nor2_2,_07768_,picorv32_pcpi_fast_mul
sky130_fd_sc_hd__o21ai_2,_07769_,picorv32_pcpi_fast_mul
sky130_fd_sc_hd__or3_2,_07770_,picorv32_pcpi_fast_mul
sky130_fd_sc_hd__and2_2,_07771_,picorv32_pcpi_fast_mul
sky130_fd_sc_hd__and3_2,_07772_,picorv32_pcpi_fast_mul
sky130_fd_sc_hd__xnor2_2,_07773_,picorv32_pcpi_fast_mul
sky130_fd_sc_hd__and2_2,_07774_,picorv32_pcpi_fast_mul
sky130_fd_sc_hd__xnor2_2,_07775_,picorv32_pcpi_fast_mul
sky130_fd_sc_hd__a22oi_2,_07776_,picorv32_pcpi_fast_mul
sky130_fd_sc_hd__and4_2,_07777_,picorv32_pcpi_fast_mul
sky130_fd_sc_hd__nor2_2,_07778_,picorv32_pcpi_fast_mul
sky130_fd_sc_hd__nand2_2,_07779_,picorv32_pcpi_fast_mul
sky130_fd_sc_hd__xnor2_2,_07780_,picorv32_pcpi_fast_mul
sky130_fd_sc_hd__and4_2,_07781_,picorv32_pcpi_fast_mul
sky130_fd_sc_hd__a22oi_2,_07782_,picorv32_pcpi_fast_mul
sky130_fd_sc_hd__nand2_2,_07783_,picorv32_pcpi_fast_mul
sky130_fd_sc_hd__or3_2,_07784_,picorv32_pcpi_fast_mul
sky130_fd_sc_hd__o21ai_2,_07785_,picorv32_pcpi_fast_mul
sky130_fd_sc_hd__a31o_2,_07786_,picorv32_pcpi_fast_mul
sky130_fd_sc_hd__and3_2,_07787_,picorv32_pcpi_fast_mul
sky130_fd_sc_hd__a21oi_2,_07788_,picorv32_pcpi_fast_mul
sky130_fd_sc_hd__nor3b_2,_07789_,picorv32_pcpi_fast_mul
sky130_fd_sc_hd__o21ba_2,_07790_,picorv32_pcpi_fast_mul
sky130_fd_sc_hd__or2_2,_07791_,picorv32_pcpi_fast_mul
sky130_fd_sc_hd__nand2_2,_07792_,picorv32_pcpi_fast_mul
sky130_fd_sc_hd__o21bai_2,_07793_,picorv32_pcpi_fast_mul
sky130_fd_sc_hd__nand4_2,_07794_,picorv32_pcpi_fast_mul
sky130_fd_sc_hd__a22o_2,_07795_,picorv32_pcpi_fast_mul
sky130_fd_sc_hd__nand2_2,_07796_,picorv32_pcpi_fast_mul
sky130_fd_sc_hd__nand3b_2,_07797_,picorv32_pcpi_fast_mul
sky130_fd_sc_hd__a21bo_2,_07798_,picorv32_pcpi_fast_mul
sky130_fd_sc_hd__nand3_2,_07799_,picorv32_pcpi_fast_mul
sky130_fd_sc_hd__a21o_2,_07800_,picorv32_pcpi_fast_mul
sky130_fd_sc_hd__nand3_2,_07801_,picorv32_pcpi_fast_mul
sky130_fd_sc_hd__a21o_2,_07802_,picorv32_pcpi_fast_mul
sky130_fd_sc_hd__a21o_2,_07803_,picorv32_pcpi_fast_mul
sky130_fd_sc_hd__and3_2,_07804_,picorv32_pcpi_fast_mul
sky130_fd_sc_hd__inv_2,_07805_,picorv32_pcpi_fast_mul
sky130_fd_sc_hd__a21oi_2,_07806_,picorv32_pcpi_fast_mul
sky130_fd_sc_hd__nor3_2,_07807_,picorv32_pcpi_fast_mul
sky130_fd_sc_hd__or3_2,_07808_,picorv32_pcpi_fast_mul
sky130_fd_sc_hd__o21a_2,_07809_,picorv32_pcpi_fast_mul
sky130_fd_sc_hd__a211oi_2,_07810_,picorv32_pcpi_fast_mul
sky130_fd_sc_hd__o211a_2,_07811_,picorv32_pcpi_fast_mul
sky130_fd_sc_hd__a211oi_2,_07812_,picorv32_pcpi_fast_mul
sky130_fd_sc_hd__o211a_2,_07813_,picorv32_pcpi_fast_mul
sky130_fd_sc_hd__a21o_2,_07814_,picorv32_pcpi_fast_mul
sky130_fd_sc_hd__a22oi_2,_07815_,picorv32_pcpi_fast_mul
sky130_fd_sc_hd__and4_2,_07816_,picorv32_pcpi_fast_mul
sky130_fd_sc_hd__nor2_2,_07817_,picorv32_pcpi_fast_mul
sky130_fd_sc_hd__nand2_2,_07818_,picorv32_pcpi_fast_mul
sky130_fd_sc_hd__xnor2_2,_07819_,picorv32_pcpi_fast_mul
sky130_fd_sc_hd__a22o_2,_07820_,picorv32_pcpi_fast_mul
sky130_fd_sc_hd__nand4_2,_07821_,picorv32_pcpi_fast_mul
sky130_fd_sc_hd__and2_2,_07822_,picorv32_pcpi_fast_mul
sky130_fd_sc_hd__a21o_2,_07823_,picorv32_pcpi_fast_mul
sky130_fd_sc_hd__nand3_2,_07824_,picorv32_pcpi_fast_mul
sky130_fd_sc_hd__o21bai_2,_07825_,picorv32_pcpi_fast_mul
sky130_fd_sc_hd__nand3_2,_07826_,picorv32_pcpi_fast_mul
sky130_fd_sc_hd__a21o_2,_07827_,picorv32_pcpi_fast_mul
sky130_fd_sc_hd__nand3_2,_07828_,picorv32_pcpi_fast_mul
sky130_fd_sc_hd__a21o_2,_07829_,picorv32_pcpi_fast_mul
sky130_fd_sc_hd__and3_2,_07830_,picorv32_pcpi_fast_mul
sky130_fd_sc_hd__a21oi_2,_07831_,picorv32_pcpi_fast_mul
sky130_fd_sc_hd__a211oi_2,_07832_,picorv32_pcpi_fast_mul
sky130_fd_sc_hd__o211a_2,_07833_,picorv32_pcpi_fast_mul
sky130_fd_sc_hd__nand2_2,_07834_,picorv32_pcpi_fast_mul
sky130_fd_sc_hd__o21bai_2,_07835_,picorv32_pcpi_fast_mul
sky130_fd_sc_hd__a22o_2,_07836_,picorv32_pcpi_fast_mul
sky130_fd_sc_hd__nand4_2,_07837_,picorv32_pcpi_fast_mul
sky130_fd_sc_hd__a22o_2,_07838_,picorv32_pcpi_fast_mul
sky130_fd_sc_hd__nand4_2,_07839_,picorv32_pcpi_fast_mul
sky130_fd_sc_hd__and3_2,_07840_,picorv32_pcpi_fast_mul
sky130_fd_sc_hd__a21o_2,_07841_,picorv32_pcpi_fast_mul
sky130_fd_sc_hd__and2b_2,_07842_,picorv32_pcpi_fast_mul
sky130_fd_sc_hd__xor2_2,_07843_,picorv32_pcpi_fast_mul
sky130_fd_sc_hd__and4_2,_07844_,picorv32_pcpi_fast_mul
sky130_fd_sc_hd__a22oi_2,_07845_,picorv32_pcpi_fast_mul
sky130_fd_sc_hd__nor2_2,_07846_,picorv32_pcpi_fast_mul
sky130_fd_sc_hd__nand2_2,_07847_,picorv32_pcpi_fast_mul
sky130_fd_sc_hd__xnor2_2,_07848_,picorv32_pcpi_fast_mul
sky130_fd_sc_hd__nand2_2,_07849_,picorv32_pcpi_fast_mul
sky130_fd_sc_hd__and4_2,_07850_,picorv32_pcpi_fast_mul
sky130_fd_sc_hd__a22oi_2,_07851_,picorv32_pcpi_fast_mul
sky130_fd_sc_hd__or3_2,_07852_,picorv32_pcpi_fast_mul
sky130_fd_sc_hd__o21ai_2,_07853_,picorv32_pcpi_fast_mul
sky130_fd_sc_hd__o21bai_2,_07854_,picorv32_pcpi_fast_mul
sky130_fd_sc_hd__nand3_2,_07855_,picorv32_pcpi_fast_mul
sky130_fd_sc_hd__a21o_2,_07856_,picorv32_pcpi_fast_mul
sky130_fd_sc_hd__nand3_2,_07857_,picorv32_pcpi_fast_mul
sky130_fd_sc_hd__a21o_2,_07858_,picorv32_pcpi_fast_mul
sky130_fd_sc_hd__a21bo_2,_07859_,picorv32_pcpi_fast_mul
sky130_fd_sc_hd__nand3_2,_07860_,picorv32_pcpi_fast_mul
sky130_fd_sc_hd__a21o_2,_07861_,picorv32_pcpi_fast_mul
sky130_fd_sc_hd__and3_2,_07862_,picorv32_pcpi_fast_mul
sky130_fd_sc_hd__nand3_2,_07863_,picorv32_pcpi_fast_mul
sky130_fd_sc_hd__a21oi_2,_07864_,picorv32_pcpi_fast_mul
sky130_fd_sc_hd__a211o_2,_07865_,picorv32_pcpi_fast_mul
sky130_fd_sc_hd__o211ai_2,_07866_,picorv32_pcpi_fast_mul
sky130_fd_sc_hd__or4bb_2,_07867_,picorv32_pcpi_fast_mul
sky130_fd_sc_hd__a2bb2o_2,_07868_,picorv32_pcpi_fast_mul
sky130_fd_sc_hd__o211a_2,_07869_,picorv32_pcpi_fast_mul
sky130_fd_sc_hd__a211oi_2,_07870_,picorv32_pcpi_fast_mul
sky130_fd_sc_hd__nor4_2,_07871_,picorv32_pcpi_fast_mul
sky130_fd_sc_hd__o22a_2,_07872_,picorv32_pcpi_fast_mul
sky130_fd_sc_hd__a211oi_2,_07873_,picorv32_pcpi_fast_mul
sky130_fd_sc_hd__o211a_2,_07874_,picorv32_pcpi_fast_mul
sky130_fd_sc_hd__nor3_2,_07875_,picorv32_pcpi_fast_mul
sky130_fd_sc_hd__or3_2,_07876_,picorv32_pcpi_fast_mul
sky130_fd_sc_hd__o21ai_2,_07877_,picorv32_pcpi_fast_mul
sky130_fd_sc_hd__o21bai_2,_07878_,picorv32_pcpi_fast_mul
sky130_fd_sc_hd__and3_2,_07879_,picorv32_pcpi_fast_mul
sky130_fd_sc_hd__a21oi_2,_07880_,picorv32_pcpi_fast_mul
sky130_fd_sc_hd__nor3_2,_07881_,picorv32_pcpi_fast_mul
sky130_fd_sc_hd__or3_2,_07882_,picorv32_pcpi_fast_mul
sky130_fd_sc_hd__o21ai_2,_07883_,picorv32_pcpi_fast_mul
sky130_fd_sc_hd__o211a_2,_07884_,picorv32_pcpi_fast_mul
sky130_fd_sc_hd__a211oi_2,_07885_,picorv32_pcpi_fast_mul
sky130_fd_sc_hd__nor2_2,_07886_,picorv32_pcpi_fast_mul
sky130_fd_sc_hd__xnor2_2,_07887_,picorv32_pcpi_fast_mul
sky130_fd_sc_hd__and2_2,_07888_,picorv32_pcpi_fast_mul
sky130_fd_sc_hd__and4_2,_07889_,picorv32_pcpi_fast_mul
sky130_fd_sc_hd__o21a_2,_07890_,picorv32_pcpi_fast_mul
sky130_fd_sc_hd__a221o_2,_07891_,picorv32_pcpi_fast_mul
sky130_fd_sc_hd__and3_2,_07892_,picorv32_pcpi_fast_mul
sky130_fd_sc_hd__a21o_2,_07893_,picorv32_pcpi_fast_mul
sky130_fd_sc_hd__a21oi_2,_07894_,picorv32_pcpi_fast_mul
sky130_fd_sc_hd__xnor2_2,_07895_,picorv32_pcpi_fast_mul
sky130_fd_sc_hd__nor2_2,_07896_,picorv32_pcpi_fast_mul
sky130_fd_sc_hd__a31o_2,_07897_,picorv32_pcpi_fast_mul
sky130_fd_sc_hd__a22o_2,_07898_,picorv32_pcpi_fast_mul
sky130_fd_sc_hd__and4_2,_07899_,picorv32_pcpi_fast_mul
sky130_fd_sc_hd__inv_2,_07900_,picorv32_pcpi_fast_mul
sky130_fd_sc_hd__and3_2,_07901_,picorv32_pcpi_fast_mul
sky130_fd_sc_hd__a21oi_2,_07902_,picorv32_pcpi_fast_mul
sky130_fd_sc_hd__nor2_2,_07903_,picorv32_pcpi_fast_mul
sky130_fd_sc_hd__or3_2,_07904_,picorv32_pcpi_fast_mul
sky130_fd_sc_hd__xnor2_2,_07905_,picorv32_pcpi_fast_mul
sky130_fd_sc_hd__nand2_2,_07906_,picorv32_pcpi_fast_mul
sky130_fd_sc_hd__xnor2_2,_07907_,picorv32_pcpi_fast_mul
sky130_fd_sc_hd__nor2_2,_07908_,picorv32_pcpi_fast_mul
sky130_fd_sc_hd__xor2_2,_07909_,picorv32_pcpi_fast_mul
sky130_fd_sc_hd__o21a_2,_07910_,picorv32_pcpi_fast_mul
sky130_fd_sc_hd__nor3_2,_07911_,picorv32_pcpi_fast_mul
sky130_fd_sc_hd__nor2_2,_07912_,picorv32_pcpi_fast_mul
sky130_fd_sc_hd__and2_2,_07913_,picorv32_pcpi_fast_mul
sky130_fd_sc_hd__xnor2_2,_07914_,picorv32_pcpi_fast_mul
sky130_fd_sc_hd__and4_2,_07915_,picorv32_pcpi_fast_mul
sky130_fd_sc_hd__a22o_2,_07916_,picorv32_pcpi_fast_mul
sky130_fd_sc_hd__and2b_2,_07917_,picorv32_pcpi_fast_mul
sky130_fd_sc_hd__nand2_2,_07918_,picorv32_pcpi_fast_mul
sky130_fd_sc_hd__xnor2_2,_07919_,picorv32_pcpi_fast_mul
sky130_fd_sc_hd__and4_2,_07920_,picorv32_pcpi_fast_mul
sky130_fd_sc_hd__a22oi_2,_07921_,picorv32_pcpi_fast_mul
sky130_fd_sc_hd__nand2_2,_07922_,picorv32_pcpi_fast_mul
sky130_fd_sc_hd__or3_2,_07923_,picorv32_pcpi_fast_mul
sky130_fd_sc_hd__o21ai_2,_07924_,picorv32_pcpi_fast_mul
sky130_fd_sc_hd__o21bai_2,_07925_,picorv32_pcpi_fast_mul
sky130_fd_sc_hd__and3_2,_07926_,picorv32_pcpi_fast_mul
sky130_fd_sc_hd__a21o_2,_07927_,picorv32_pcpi_fast_mul
sky130_fd_sc_hd__and2b_2,_07928_,picorv32_pcpi_fast_mul
sky130_fd_sc_hd__xnor2_2,_07929_,picorv32_pcpi_fast_mul
sky130_fd_sc_hd__nand2_2,_07930_,picorv32_pcpi_fast_mul
sky130_fd_sc_hd__o21bai_2,_07931_,picorv32_pcpi_fast_mul
sky130_fd_sc_hd__nand4_2,_07932_,picorv32_pcpi_fast_mul
sky130_fd_sc_hd__a22o_2,_07933_,picorv32_pcpi_fast_mul
sky130_fd_sc_hd__nand4_2,_07934_,picorv32_pcpi_fast_mul
sky130_fd_sc_hd__a22o_2,_07935_,picorv32_pcpi_fast_mul
sky130_fd_sc_hd__nand3_2,_07936_,picorv32_pcpi_fast_mul
sky130_fd_sc_hd__a21o_2,_07937_,picorv32_pcpi_fast_mul
sky130_fd_sc_hd__nand3_2,_07938_,picorv32_pcpi_fast_mul
sky130_fd_sc_hd__a21o_2,_07939_,picorv32_pcpi_fast_mul
sky130_fd_sc_hd__a21bo_2,_07940_,picorv32_pcpi_fast_mul
sky130_fd_sc_hd__and3_2,_07941_,picorv32_pcpi_fast_mul
sky130_fd_sc_hd__nand3_2,_07942_,picorv32_pcpi_fast_mul
sky130_fd_sc_hd__a21oi_2,_07943_,picorv32_pcpi_fast_mul
sky130_fd_sc_hd__or3_2,_07944_,picorv32_pcpi_fast_mul
sky130_fd_sc_hd__o21ai_2,_07945_,picorv32_pcpi_fast_mul
sky130_fd_sc_hd__o211a_2,_07946_,picorv32_pcpi_fast_mul
sky130_fd_sc_hd__a211oi_2,_07947_,picorv32_pcpi_fast_mul
sky130_fd_sc_hd__a211oi_2,_07948_,picorv32_pcpi_fast_mul
sky130_fd_sc_hd__o211a_2,_07949_,picorv32_pcpi_fast_mul
sky130_fd_sc_hd__a21o_2,_07950_,picorv32_pcpi_fast_mul
sky130_fd_sc_hd__and4_2,_07951_,picorv32_pcpi_fast_mul
sky130_fd_sc_hd__a22o_2,_07952_,picorv32_pcpi_fast_mul
sky130_fd_sc_hd__and2b_2,_07953_,picorv32_pcpi_fast_mul
sky130_fd_sc_hd__nand2_2,_07954_,picorv32_pcpi_fast_mul
sky130_fd_sc_hd__xnor2_2,_07955_,picorv32_pcpi_fast_mul
sky130_fd_sc_hd__and4_2,_07956_,picorv32_pcpi_fast_mul
sky130_fd_sc_hd__a22oi_2,_07957_,picorv32_pcpi_fast_mul
sky130_fd_sc_hd__and4bb_2,_07958_,picorv32_pcpi_fast_mul
sky130_fd_sc_hd__o2bb2a_2,_07959_,picorv32_pcpi_fast_mul
sky130_fd_sc_hd__a21bo_2,_07960_,picorv32_pcpi_fast_mul
sky130_fd_sc_hd__or3b_2,_07961_,picorv32_pcpi_fast_mul
sky130_fd_sc_hd__o21bai_2,_07962_,picorv32_pcpi_fast_mul
sky130_fd_sc_hd__nand3_2,_07963_,picorv32_pcpi_fast_mul
sky130_fd_sc_hd__a21o_2,_07964_,picorv32_pcpi_fast_mul
sky130_fd_sc_hd__and3_2,_07965_,picorv32_pcpi_fast_mul
sky130_fd_sc_hd__nand3_2,_07966_,picorv32_pcpi_fast_mul
sky130_fd_sc_hd__a21oi_2,_07967_,picorv32_pcpi_fast_mul
sky130_fd_sc_hd__a211o_2,_07968_,picorv32_pcpi_fast_mul
sky130_fd_sc_hd__o211ai_2,_07969_,picorv32_pcpi_fast_mul
sky130_fd_sc_hd__nand2_2,_07970_,picorv32_pcpi_fast_mul
sky130_fd_sc_hd__nand2_2,_07971_,picorv32_pcpi_fast_mul
sky130_fd_sc_hd__o21ba_2,_07972_,picorv32_pcpi_fast_mul
sky130_fd_sc_hd__and4_2,_07973_,picorv32_pcpi_fast_mul
sky130_fd_sc_hd__a22oi_2,_07974_,picorv32_pcpi_fast_mul
sky130_fd_sc_hd__nor2_2,_07975_,picorv32_pcpi_fast_mul
sky130_fd_sc_hd__nand2_2,_07976_,picorv32_pcpi_fast_mul
sky130_fd_sc_hd__xnor2_2,_07977_,picorv32_pcpi_fast_mul
sky130_fd_sc_hd__nand2b_2,_07978_,picorv32_pcpi_fast_mul
sky130_fd_sc_hd__xnor2_2,_07979_,picorv32_pcpi_fast_mul
sky130_fd_sc_hd__nand2_2,_07980_,picorv32_pcpi_fast_mul
sky130_fd_sc_hd__xor2_2,_07981_,picorv32_pcpi_fast_mul
sky130_fd_sc_hd__nand2_2,_07982_,picorv32_pcpi_fast_mul
sky130_fd_sc_hd__and4_2,_07983_,picorv32_pcpi_fast_mul
sky130_fd_sc_hd__a22oi_2,_07984_,picorv32_pcpi_fast_mul
sky130_fd_sc_hd__nor2_2,_07985_,picorv32_pcpi_fast_mul
sky130_fd_sc_hd__xnor2_2,_07986_,picorv32_pcpi_fast_mul
sky130_fd_sc_hd__and2_2,_07987_,picorv32_pcpi_fast_mul
sky130_fd_sc_hd__nand4_2,_07988_,picorv32_pcpi_fast_mul
sky130_fd_sc_hd__a22o_2,_07989_,picorv32_pcpi_fast_mul
sky130_fd_sc_hd__nand3_2,_07990_,picorv32_pcpi_fast_mul
sky130_fd_sc_hd__a21o_2,_07991_,picorv32_pcpi_fast_mul
sky130_fd_sc_hd__o21bai_2,_07992_,picorv32_pcpi_fast_mul
sky130_fd_sc_hd__nand3_2,_07993_,picorv32_pcpi_fast_mul
sky130_fd_sc_hd__a21o_2,_07994_,picorv32_pcpi_fast_mul
sky130_fd_sc_hd__nand3_2,_07995_,picorv32_pcpi_fast_mul
sky130_fd_sc_hd__a21o_2,_07996_,picorv32_pcpi_fast_mul
sky130_fd_sc_hd__a21bo_2,_07997_,picorv32_pcpi_fast_mul
sky130_fd_sc_hd__nand3_2,_07998_,picorv32_pcpi_fast_mul
sky130_fd_sc_hd__a21o_2,_07999_,picorv32_pcpi_fast_mul
sky130_fd_sc_hd__and3_2,_08000_,picorv32_pcpi_fast_mul
sky130_fd_sc_hd__nand3_2,_08001_,picorv32_pcpi_fast_mul
sky130_fd_sc_hd__a21oi_2,_08002_,picorv32_pcpi_fast_mul
sky130_fd_sc_hd__a211oi_2,_08003_,picorv32_pcpi_fast_mul
sky130_fd_sc_hd__o211a_2,_08004_,picorv32_pcpi_fast_mul
sky130_fd_sc_hd__nor3_2,_08005_,picorv32_pcpi_fast_mul
sky130_fd_sc_hd__o21a_2,_08006_,picorv32_pcpi_fast_mul
sky130_fd_sc_hd__a211o_2,_08007_,picorv32_pcpi_fast_mul
sky130_fd_sc_hd__o211ai_2,_08008_,picorv32_pcpi_fast_mul
sky130_fd_sc_hd__or4bb_2,_08009_,picorv32_pcpi_fast_mul
sky130_fd_sc_hd__a2bb2o_2,_08010_,picorv32_pcpi_fast_mul
sky130_fd_sc_hd__o211a_2,_08011_,picorv32_pcpi_fast_mul
sky130_fd_sc_hd__a211oi_2,_08012_,picorv32_pcpi_fast_mul
sky130_fd_sc_hd__nor3_2,_08013_,picorv32_pcpi_fast_mul
sky130_fd_sc_hd__or3_2,_08014_,picorv32_pcpi_fast_mul
sky130_fd_sc_hd__o21ai_2,_08015_,picorv32_pcpi_fast_mul
sky130_fd_sc_hd__o211ai_2,_08016_,picorv32_pcpi_fast_mul
sky130_fd_sc_hd__a211o_2,_08017_,picorv32_pcpi_fast_mul
sky130_fd_sc_hd__nand3_2,_08018_,picorv32_pcpi_fast_mul
sky130_fd_sc_hd__a21o_2,_08019_,picorv32_pcpi_fast_mul
sky130_fd_sc_hd__o211ai_2,_08020_,picorv32_pcpi_fast_mul
sky130_fd_sc_hd__a211o_2,_08021_,picorv32_pcpi_fast_mul
sky130_fd_sc_hd__a21oi_2,_08022_,picorv32_pcpi_fast_mul
sky130_fd_sc_hd__a21o_2,_08023_,picorv32_pcpi_fast_mul
sky130_fd_sc_hd__and3_2,_08024_,picorv32_pcpi_fast_mul
sky130_fd_sc_hd__nor2_2,_08025_,picorv32_pcpi_fast_mul
sky130_fd_sc_hd__o2bb2a_2,_08026_,picorv32_pcpi_fast_mul
sky130_fd_sc_hd__xnor2_2,_08027_,picorv32_pcpi_fast_mul
sky130_fd_sc_hd__or2_2,_08028_,picorv32_pcpi_fast_mul
sky130_fd_sc_hd__a21oi_2,_08029_,picorv32_pcpi_fast_mul
sky130_fd_sc_hd__a31o_2,_08030_,picorv32_pcpi_fast_mul
sky130_fd_sc_hd__nand4_2,_08031_,picorv32_pcpi_fast_mul
sky130_fd_sc_hd__a22o_2,_08032_,picorv32_pcpi_fast_mul
sky130_fd_sc_hd__nand2_2,_08033_,picorv32_pcpi_fast_mul
sky130_fd_sc_hd__nand3b_2,_08034_,picorv32_pcpi_fast_mul
sky130_fd_sc_hd__a21bo_2,_08035_,picorv32_pcpi_fast_mul
sky130_fd_sc_hd__nand3_2,_08036_,picorv32_pcpi_fast_mul
sky130_fd_sc_hd__a21o_2,_08037_,picorv32_pcpi_fast_mul
sky130_fd_sc_hd__nand2_2,_08038_,picorv32_pcpi_fast_mul
sky130_fd_sc_hd__xnor2_2,_08039_,picorv32_pcpi_fast_mul
sky130_fd_sc_hd__nor2_2,_08040_,picorv32_pcpi_fast_mul
sky130_fd_sc_hd__xor2_2,_08041_,picorv32_pcpi_fast_mul
sky130_fd_sc_hd__xnor2_2,_08042_,picorv32_pcpi_fast_mul
sky130_fd_sc_hd__a21o_2,_08043_,picorv32_pcpi_fast_mul
sky130_fd_sc_hd__nand3_2,_08044_,picorv32_pcpi_fast_mul
sky130_fd_sc_hd__nand2_2,_08045_,picorv32_pcpi_fast_mul
sky130_fd_sc_hd__nand2b_2,_08046_,picorv32_pcpi_fast_mul
sky130_fd_sc_hd__xnor2_2,_08047_,picorv32_pcpi_fast_mul
sky130_fd_sc_hd__nand2_2,_08048_,picorv32_pcpi_fast_mul
sky130_fd_sc_hd__xnor2_2,_08049_,picorv32_pcpi_fast_mul
sky130_fd_sc_hd__nand2_2,_08050_,picorv32_pcpi_fast_mul
sky130_fd_sc_hd__and4_2,_08051_,picorv32_pcpi_fast_mul
sky130_fd_sc_hd__a22oi_2,_08052_,picorv32_pcpi_fast_mul
sky130_fd_sc_hd__nor2_2,_08053_,picorv32_pcpi_fast_mul
sky130_fd_sc_hd__xnor2_2,_08054_,picorv32_pcpi_fast_mul
sky130_fd_sc_hd__and4_2,_08055_,picorv32_pcpi_fast_mul
sky130_fd_sc_hd__a22oi_2,_08056_,picorv32_pcpi_fast_mul
sky130_fd_sc_hd__and4bb_2,_08057_,picorv32_pcpi_fast_mul
sky130_fd_sc_hd__o2bb2a_2,_08058_,picorv32_pcpi_fast_mul
sky130_fd_sc_hd__o21ba_2,_08059_,picorv32_pcpi_fast_mul
sky130_fd_sc_hd__nor3_2,_08060_,picorv32_pcpi_fast_mul
sky130_fd_sc_hd__o21a_2,_08061_,picorv32_pcpi_fast_mul
sky130_fd_sc_hd__nor2_2,_08062_,picorv32_pcpi_fast_mul
sky130_fd_sc_hd__xnor2_2,_08063_,picorv32_pcpi_fast_mul
sky130_fd_sc_hd__nand2_2,_08064_,picorv32_pcpi_fast_mul
sky130_fd_sc_hd__a31o_2,_08065_,picorv32_pcpi_fast_mul
sky130_fd_sc_hd__nand2_2,_08066_,picorv32_pcpi_fast_mul
sky130_fd_sc_hd__nand4_2,_08067_,picorv32_pcpi_fast_mul
sky130_fd_sc_hd__a22o_2,_08068_,picorv32_pcpi_fast_mul
sky130_fd_sc_hd__nand3b_2,_08069_,picorv32_pcpi_fast_mul
sky130_fd_sc_hd__a21bo_2,_08070_,picorv32_pcpi_fast_mul
sky130_fd_sc_hd__nand3_2,_08071_,picorv32_pcpi_fast_mul
sky130_fd_sc_hd__a21o_2,_08072_,picorv32_pcpi_fast_mul
sky130_fd_sc_hd__nand3_2,_08073_,picorv32_pcpi_fast_mul
sky130_fd_sc_hd__a21o_2,_08074_,picorv32_pcpi_fast_mul
sky130_fd_sc_hd__a21bo_2,_08075_,picorv32_pcpi_fast_mul
sky130_fd_sc_hd__and3_2,_08076_,picorv32_pcpi_fast_mul
sky130_fd_sc_hd__inv_2,_08077_,picorv32_pcpi_fast_mul
sky130_fd_sc_hd__a21oi_2,_08078_,picorv32_pcpi_fast_mul
sky130_fd_sc_hd__nor3_2,_08079_,picorv32_pcpi_fast_mul
sky130_fd_sc_hd__inv_2,_08080_,picorv32_pcpi_fast_mul
sky130_fd_sc_hd__o21a_2,_08081_,picorv32_pcpi_fast_mul
sky130_fd_sc_hd__a211oi_2,_08082_,picorv32_pcpi_fast_mul
sky130_fd_sc_hd__o211a_2,_08083_,picorv32_pcpi_fast_mul
sky130_fd_sc_hd__a211oi_2,_08084_,picorv32_pcpi_fast_mul
sky130_fd_sc_hd__o211a_2,_08085_,picorv32_pcpi_fast_mul
sky130_fd_sc_hd__nand2_2,_08086_,picorv32_pcpi_fast_mul
sky130_fd_sc_hd__and4_2,_08087_,picorv32_pcpi_fast_mul
sky130_fd_sc_hd__a22oi_2,_08088_,picorv32_pcpi_fast_mul
sky130_fd_sc_hd__nor2_2,_08089_,picorv32_pcpi_fast_mul
sky130_fd_sc_hd__xnor2_2,_08090_,picorv32_pcpi_fast_mul
sky130_fd_sc_hd__nand2_2,_08091_,picorv32_pcpi_fast_mul
sky130_fd_sc_hd__and4_2,_08092_,picorv32_pcpi_fast_mul
sky130_fd_sc_hd__a22oi_2,_08093_,picorv32_pcpi_fast_mul
sky130_fd_sc_hd__nor2_2,_08094_,picorv32_pcpi_fast_mul
sky130_fd_sc_hd__xnor2_2,_08095_,picorv32_pcpi_fast_mul
sky130_fd_sc_hd__nor2_2,_08096_,picorv32_pcpi_fast_mul
sky130_fd_sc_hd__and2b_2,_08097_,picorv32_pcpi_fast_mul
sky130_fd_sc_hd__xnor2_2,_08098_,picorv32_pcpi_fast_mul
sky130_fd_sc_hd__and2_2,_08099_,picorv32_pcpi_fast_mul
sky130_fd_sc_hd__xnor2_2,_08100_,picorv32_pcpi_fast_mul
sky130_fd_sc_hd__a21oi_2,_08101_,picorv32_pcpi_fast_mul
sky130_fd_sc_hd__and3_2,_08102_,picorv32_pcpi_fast_mul
sky130_fd_sc_hd__a211oi_2,_08103_,picorv32_pcpi_fast_mul
sky130_fd_sc_hd__o211a_2,_08104_,picorv32_pcpi_fast_mul
sky130_fd_sc_hd__o21ba_2,_08105_,picorv32_pcpi_fast_mul
sky130_fd_sc_hd__o21ba_2,_08106_,picorv32_pcpi_fast_mul
sky130_fd_sc_hd__nand2_2,_08107_,picorv32_pcpi_fast_mul
sky130_fd_sc_hd__and4_2,_08108_,picorv32_pcpi_fast_mul
sky130_fd_sc_hd__a22oi_2,_08109_,picorv32_pcpi_fast_mul
sky130_fd_sc_hd__nor2_2,_08110_,picorv32_pcpi_fast_mul
sky130_fd_sc_hd__xnor2_2,_08111_,picorv32_pcpi_fast_mul
sky130_fd_sc_hd__nand2b_2,_08112_,picorv32_pcpi_fast_mul
sky130_fd_sc_hd__xnor2_2,_08113_,picorv32_pcpi_fast_mul
sky130_fd_sc_hd__nand2b_2,_08114_,picorv32_pcpi_fast_mul
sky130_fd_sc_hd__xnor2_2,_08115_,picorv32_pcpi_fast_mul
sky130_fd_sc_hd__nand2_2,_08116_,picorv32_pcpi_fast_mul
sky130_fd_sc_hd__and4_2,_08117_,picorv32_pcpi_fast_mul
sky130_fd_sc_hd__a22oi_2,_08118_,picorv32_pcpi_fast_mul
sky130_fd_sc_hd__nor2_2,_08119_,picorv32_pcpi_fast_mul
sky130_fd_sc_hd__xnor2_2,_08120_,picorv32_pcpi_fast_mul
sky130_fd_sc_hd__nand2_2,_08121_,picorv32_pcpi_fast_mul
sky130_fd_sc_hd__and4_2,_08122_,picorv32_pcpi_fast_mul
sky130_fd_sc_hd__a22oi_2,_08123_,picorv32_pcpi_fast_mul
sky130_fd_sc_hd__or3_2,_08124_,picorv32_pcpi_fast_mul
sky130_fd_sc_hd__o21ai_2,_08125_,picorv32_pcpi_fast_mul
sky130_fd_sc_hd__a21bo_2,_08126_,picorv32_pcpi_fast_mul
sky130_fd_sc_hd__nand3_2,_08127_,picorv32_pcpi_fast_mul
sky130_fd_sc_hd__a21o_2,_08128_,picorv32_pcpi_fast_mul
sky130_fd_sc_hd__nand3_2,_08129_,picorv32_pcpi_fast_mul
sky130_fd_sc_hd__a21o_2,_08130_,picorv32_pcpi_fast_mul
sky130_fd_sc_hd__a21bo_2,_08131_,picorv32_pcpi_fast_mul
sky130_fd_sc_hd__nand3_2,_08132_,picorv32_pcpi_fast_mul
sky130_fd_sc_hd__a21o_2,_08133_,picorv32_pcpi_fast_mul
sky130_fd_sc_hd__and3_2,_08134_,picorv32_pcpi_fast_mul
sky130_fd_sc_hd__nand3_2,_08135_,picorv32_pcpi_fast_mul
sky130_fd_sc_hd__a21oi_2,_08136_,picorv32_pcpi_fast_mul
sky130_fd_sc_hd__a211o_2,_08137_,picorv32_pcpi_fast_mul
sky130_fd_sc_hd__o211ai_2,_08138_,picorv32_pcpi_fast_mul
sky130_fd_sc_hd__or4bb_2,_08139_,picorv32_pcpi_fast_mul
sky130_fd_sc_hd__a2bb2o_2,_08140_,picorv32_pcpi_fast_mul
sky130_fd_sc_hd__o211a_2,_08141_,picorv32_pcpi_fast_mul
sky130_fd_sc_hd__a211oi_2,_08142_,picorv32_pcpi_fast_mul
sky130_fd_sc_hd__nor4_2,_08143_,picorv32_pcpi_fast_mul
sky130_fd_sc_hd__o22a_2,_08144_,picorv32_pcpi_fast_mul
sky130_fd_sc_hd__a211oi_2,_08145_,picorv32_pcpi_fast_mul
sky130_fd_sc_hd__o211a_2,_08146_,picorv32_pcpi_fast_mul
sky130_fd_sc_hd__nor3_2,_08147_,picorv32_pcpi_fast_mul
sky130_fd_sc_hd__or3_2,_08148_,picorv32_pcpi_fast_mul
sky130_fd_sc_hd__o21ai_2,_08149_,picorv32_pcpi_fast_mul
sky130_fd_sc_hd__o211ai_2,_08150_,picorv32_pcpi_fast_mul
sky130_fd_sc_hd__a211o_2,_08151_,picorv32_pcpi_fast_mul
sky130_fd_sc_hd__o211a_2,_08152_,picorv32_pcpi_fast_mul
sky130_fd_sc_hd__o211ai_2,_08153_,picorv32_pcpi_fast_mul
sky130_fd_sc_hd__a211oi_2,_08154_,picorv32_pcpi_fast_mul
sky130_fd_sc_hd__a211oi_2,_08155_,picorv32_pcpi_fast_mul
sky130_fd_sc_hd__o211a_2,_08156_,picorv32_pcpi_fast_mul
sky130_fd_sc_hd__nor2_2,_08157_,picorv32_pcpi_fast_mul
sky130_fd_sc_hd__xnor2_2,_08158_,picorv32_pcpi_fast_mul
sky130_fd_sc_hd__inv_2,_08159_,picorv32_pcpi_fast_mul
sky130_fd_sc_hd__a31o_2,_08160_,picorv32_pcpi_fast_mul
sky130_fd_sc_hd__and2b_2,_08161_,picorv32_pcpi_fast_mul
sky130_fd_sc_hd__a21oi_2,_08162_,picorv32_pcpi_fast_mul
sky130_fd_sc_hd__nor2_2,_08163_,picorv32_pcpi_fast_mul
sky130_fd_sc_hd__xnor2_2,_08164_,picorv32_pcpi_fast_mul
sky130_fd_sc_hd__or2_2,_08165_,picorv32_pcpi_fast_mul
sky130_fd_sc_hd__a21oi_2,_08166_,picorv32_pcpi_fast_mul
sky130_fd_sc_hd__nand2_2,_08167_,picorv32_pcpi_fast_mul
sky130_fd_sc_hd__o21ba_2,_08168_,picorv32_pcpi_fast_mul
sky130_fd_sc_hd__and4_2,_08169_,picorv32_pcpi_fast_mul
sky130_fd_sc_hd__a22oi_2,_08170_,picorv32_pcpi_fast_mul
sky130_fd_sc_hd__and4bb_2,_08171_,picorv32_pcpi_fast_mul
sky130_fd_sc_hd__o2bb2a_2,_08172_,picorv32_pcpi_fast_mul
sky130_fd_sc_hd__nor2_2,_08173_,picorv32_pcpi_fast_mul
sky130_fd_sc_hd__or3_2,_08174_,picorv32_pcpi_fast_mul
sky130_fd_sc_hd__xnor2_2,_08175_,picorv32_pcpi_fast_mul
sky130_fd_sc_hd__nand2_2,_08176_,picorv32_pcpi_fast_mul
sky130_fd_sc_hd__xor2_2,_08177_,picorv32_pcpi_fast_mul
sky130_fd_sc_hd__and2b_2,_08178_,picorv32_pcpi_fast_mul
sky130_fd_sc_hd__xnor2_2,_08179_,picorv32_pcpi_fast_mul
sky130_fd_sc_hd__o21a_2,_08180_,picorv32_pcpi_fast_mul
sky130_fd_sc_hd__and2b_2,_08181_,picorv32_pcpi_fast_mul
sky130_fd_sc_hd__xnor2_2,_08182_,picorv32_pcpi_fast_mul
sky130_fd_sc_hd__a21oi_2,_08183_,picorv32_pcpi_fast_mul
sky130_fd_sc_hd__nand2b_2,_08184_,picorv32_pcpi_fast_mul
sky130_fd_sc_hd__xnor2_2,_08185_,picorv32_pcpi_fast_mul
sky130_fd_sc_hd__nand2_2,_08186_,picorv32_pcpi_fast_mul
sky130_fd_sc_hd__nand3_2,_08187_,picorv32_pcpi_fast_mul
sky130_fd_sc_hd__xnor2_2,_08188_,picorv32_pcpi_fast_mul
sky130_fd_sc_hd__nand2_2,_08189_,picorv32_pcpi_fast_mul
sky130_fd_sc_hd__xnor2_2,_08190_,picorv32_pcpi_fast_mul
sky130_fd_sc_hd__nand2_2,_08191_,picorv32_pcpi_fast_mul
sky130_fd_sc_hd__or2_2,_08192_,picorv32_pcpi_fast_mul
sky130_fd_sc_hd__and4_2,_08193_,picorv32_pcpi_fast_mul
sky130_fd_sc_hd__a22oi_2,_08194_,picorv32_pcpi_fast_mul
sky130_fd_sc_hd__and4bb_2,_08195_,picorv32_pcpi_fast_mul
sky130_fd_sc_hd__o2bb2a_2,_08196_,picorv32_pcpi_fast_mul
sky130_fd_sc_hd__nor2_2,_08197_,picorv32_pcpi_fast_mul
sky130_fd_sc_hd__nand2_2,_08198_,picorv32_pcpi_fast_mul
sky130_fd_sc_hd__and4_2,_08199_,picorv32_pcpi_fast_mul
sky130_fd_sc_hd__a22oi_2,_08200_,picorv32_pcpi_fast_mul
sky130_fd_sc_hd__nor2_2,_08201_,picorv32_pcpi_fast_mul
sky130_fd_sc_hd__xnor2_2,_08202_,picorv32_pcpi_fast_mul
sky130_fd_sc_hd__nor2_2,_08203_,picorv32_pcpi_fast_mul
sky130_fd_sc_hd__and2b_2,_08204_,picorv32_pcpi_fast_mul
sky130_fd_sc_hd__xnor2_2,_08205_,picorv32_pcpi_fast_mul
sky130_fd_sc_hd__and2_2,_08206_,picorv32_pcpi_fast_mul
sky130_fd_sc_hd__nor2_2,_08207_,picorv32_pcpi_fast_mul
sky130_fd_sc_hd__or2_2,_08208_,picorv32_pcpi_fast_mul
sky130_fd_sc_hd__nand2_2,_08209_,picorv32_pcpi_fast_mul
sky130_fd_sc_hd__o21ba_2,_08210_,picorv32_pcpi_fast_mul
sky130_fd_sc_hd__nand2_2,_08211_,picorv32_pcpi_fast_mul
sky130_fd_sc_hd__and4_2,_08212_,picorv32_pcpi_fast_mul
sky130_fd_sc_hd__a22oi_2,_08213_,picorv32_pcpi_fast_mul
sky130_fd_sc_hd__nor2_2,_08214_,picorv32_pcpi_fast_mul
sky130_fd_sc_hd__xnor2_2,_08215_,picorv32_pcpi_fast_mul
sky130_fd_sc_hd__nand2b_2,_08216_,picorv32_pcpi_fast_mul
sky130_fd_sc_hd__xnor2_2,_08217_,picorv32_pcpi_fast_mul
sky130_fd_sc_hd__nand2_2,_08218_,picorv32_pcpi_fast_mul
sky130_fd_sc_hd__xnor2_2,_08219_,picorv32_pcpi_fast_mul
sky130_fd_sc_hd__a21oi_2,_08220_,picorv32_pcpi_fast_mul
sky130_fd_sc_hd__a21o_2,_08221_,picorv32_pcpi_fast_mul
sky130_fd_sc_hd__and3_2,_08222_,picorv32_pcpi_fast_mul
sky130_fd_sc_hd__or3_2,_08223_,picorv32_pcpi_fast_mul
sky130_fd_sc_hd__o21ai_2,_08224_,picorv32_pcpi_fast_mul
sky130_fd_sc_hd__o211a_2,_08225_,picorv32_pcpi_fast_mul
sky130_fd_sc_hd__a211oi_2,_08226_,picorv32_pcpi_fast_mul
sky130_fd_sc_hd__a211oi_2,_08227_,picorv32_pcpi_fast_mul
sky130_fd_sc_hd__o211a_2,_08228_,picorv32_pcpi_fast_mul
sky130_fd_sc_hd__nand2_2,_08229_,picorv32_pcpi_fast_mul
sky130_fd_sc_hd__and4_2,_08230_,picorv32_pcpi_fast_mul
sky130_fd_sc_hd__a22oi_2,_08231_,picorv32_pcpi_fast_mul
sky130_fd_sc_hd__nor2_2,_08232_,picorv32_pcpi_fast_mul
sky130_fd_sc_hd__xnor2_2,_08233_,picorv32_pcpi_fast_mul
sky130_fd_sc_hd__nand2_2,_08234_,picorv32_pcpi_fast_mul
sky130_fd_sc_hd__and4_2,_08235_,picorv32_pcpi_fast_mul
sky130_fd_sc_hd__a22oi_2,_08236_,picorv32_pcpi_fast_mul
sky130_fd_sc_hd__nor2_2,_08237_,picorv32_pcpi_fast_mul
sky130_fd_sc_hd__xnor2_2,_08238_,picorv32_pcpi_fast_mul
sky130_fd_sc_hd__o21ba_2,_08239_,picorv32_pcpi_fast_mul
sky130_fd_sc_hd__and2b_2,_08240_,picorv32_pcpi_fast_mul
sky130_fd_sc_hd__xnor2_2,_08241_,picorv32_pcpi_fast_mul
sky130_fd_sc_hd__and2_2,_08242_,picorv32_pcpi_fast_mul
sky130_fd_sc_hd__xnor2_2,_08243_,picorv32_pcpi_fast_mul
sky130_fd_sc_hd__a21o_2,_08244_,picorv32_pcpi_fast_mul
sky130_fd_sc_hd__nand3_2,_08245_,picorv32_pcpi_fast_mul
sky130_fd_sc_hd__o211ai_2,_08246_,picorv32_pcpi_fast_mul
sky130_fd_sc_hd__a211o_2,_08247_,picorv32_pcpi_fast_mul
sky130_fd_sc_hd__o21ba_2,_08248_,picorv32_pcpi_fast_mul
sky130_fd_sc_hd__o21ba_2,_08249_,picorv32_pcpi_fast_mul
sky130_fd_sc_hd__nand2_2,_08250_,picorv32_pcpi_fast_mul
sky130_fd_sc_hd__and4_2,_08251_,picorv32_pcpi_fast_mul
sky130_fd_sc_hd__a22oi_2,_08252_,picorv32_pcpi_fast_mul
sky130_fd_sc_hd__nor2_2,_08253_,picorv32_pcpi_fast_mul
sky130_fd_sc_hd__xnor2_2,_08254_,picorv32_pcpi_fast_mul
sky130_fd_sc_hd__nand2b_2,_08255_,picorv32_pcpi_fast_mul
sky130_fd_sc_hd__xnor2_2,_08256_,picorv32_pcpi_fast_mul
sky130_fd_sc_hd__nand2b_2,_08257_,picorv32_pcpi_fast_mul
sky130_fd_sc_hd__xnor2_2,_08258_,picorv32_pcpi_fast_mul
sky130_fd_sc_hd__nand2_2,_08259_,picorv32_pcpi_fast_mul
sky130_fd_sc_hd__and4_2,_08260_,picorv32_pcpi_fast_mul
sky130_fd_sc_hd__a22oi_2,_08261_,picorv32_pcpi_fast_mul
sky130_fd_sc_hd__nor2_2,_08262_,picorv32_pcpi_fast_mul
sky130_fd_sc_hd__xnor2_2,_08263_,picorv32_pcpi_fast_mul
sky130_fd_sc_hd__and2_2,_08264_,picorv32_pcpi_fast_mul
sky130_fd_sc_hd__nand4_2,_08265_,picorv32_pcpi_fast_mul
sky130_fd_sc_hd__a22o_2,_08266_,picorv32_pcpi_fast_mul
sky130_fd_sc_hd__nand3_2,_08267_,picorv32_pcpi_fast_mul
sky130_fd_sc_hd__a21o_2,_08268_,picorv32_pcpi_fast_mul
sky130_fd_sc_hd__o21bai_2,_08269_,picorv32_pcpi_fast_mul
sky130_fd_sc_hd__nand3_2,_08270_,picorv32_pcpi_fast_mul
sky130_fd_sc_hd__a21o_2,_08271_,picorv32_pcpi_fast_mul
sky130_fd_sc_hd__nand3_2,_08272_,picorv32_pcpi_fast_mul
sky130_fd_sc_hd__a21o_2,_08273_,picorv32_pcpi_fast_mul
sky130_fd_sc_hd__a21bo_2,_08274_,picorv32_pcpi_fast_mul
sky130_fd_sc_hd__nand3_2,_08275_,picorv32_pcpi_fast_mul
sky130_fd_sc_hd__a21o_2,_08276_,picorv32_pcpi_fast_mul
sky130_fd_sc_hd__and3_2,_08277_,picorv32_pcpi_fast_mul
sky130_fd_sc_hd__nand3_2,_08278_,picorv32_pcpi_fast_mul
sky130_fd_sc_hd__a21oi_2,_08279_,picorv32_pcpi_fast_mul
sky130_fd_sc_hd__a211oi_2,_08280_,picorv32_pcpi_fast_mul
sky130_fd_sc_hd__a211o_2,_08281_,picorv32_pcpi_fast_mul
sky130_fd_sc_hd__o211ai_2,_08282_,picorv32_pcpi_fast_mul
sky130_fd_sc_hd__and4_2,_08283_,picorv32_pcpi_fast_mul
sky130_fd_sc_hd__a22oi_2,_08284_,picorv32_pcpi_fast_mul
sky130_fd_sc_hd__a211o_2,_08285_,picorv32_pcpi_fast_mul
sky130_fd_sc_hd__o211ai_2,_08286_,picorv32_pcpi_fast_mul
sky130_fd_sc_hd__or4bb_2,_08287_,picorv32_pcpi_fast_mul
sky130_fd_sc_hd__a2bb2o_2,_08288_,picorv32_pcpi_fast_mul
sky130_fd_sc_hd__o211ai_2,_08289_,picorv32_pcpi_fast_mul
sky130_fd_sc_hd__a211o_2,_08290_,picorv32_pcpi_fast_mul
sky130_fd_sc_hd__nand4_2,_08291_,picorv32_pcpi_fast_mul
sky130_fd_sc_hd__a22o_2,_08292_,picorv32_pcpi_fast_mul
sky130_fd_sc_hd__o211a_2,_08293_,picorv32_pcpi_fast_mul
sky130_fd_sc_hd__a211oi_2,_08294_,picorv32_pcpi_fast_mul
sky130_fd_sc_hd__a211oi_2,_08295_,picorv32_pcpi_fast_mul
sky130_fd_sc_hd__o211a_2,_08296_,picorv32_pcpi_fast_mul
sky130_fd_sc_hd__a211oi_2,_08297_,picorv32_pcpi_fast_mul
sky130_fd_sc_hd__o211ai_2,_08298_,picorv32_pcpi_fast_mul
sky130_fd_sc_hd__nand2b_2,_08299_,picorv32_pcpi_fast_mul
sky130_fd_sc_hd__nand3b_2,_08300_,picorv32_pcpi_fast_mul
sky130_fd_sc_hd__xnor2_2,_08301_,picorv32_pcpi_fast_mul
sky130_fd_sc_hd__o32a_2,_08302_,picorv32_pcpi_fast_mul
sky130_fd_sc_hd__xnor2_2,_08303_,picorv32_pcpi_fast_mul
sky130_fd_sc_hd__a22o_2,_08304_,picorv32_pcpi_fast_mul
sky130_fd_sc_hd__and4_2,_08305_,picorv32_pcpi_fast_mul
sky130_fd_sc_hd__inv_2,_08306_,picorv32_pcpi_fast_mul
sky130_fd_sc_hd__nor2_2,_08307_,picorv32_pcpi_fast_mul
sky130_fd_sc_hd__nor2_2,_08308_,picorv32_pcpi_fast_mul
sky130_fd_sc_hd__and4_2,_08309_,picorv32_pcpi_fast_mul
sky130_fd_sc_hd__a22oi_2,_08310_,picorv32_pcpi_fast_mul
sky130_fd_sc_hd__nor2_2,_08311_,picorv32_pcpi_fast_mul
sky130_fd_sc_hd__nand2_2,_08312_,picorv32_pcpi_fast_mul
sky130_fd_sc_hd__xnor2_2,_08313_,picorv32_pcpi_fast_mul
sky130_fd_sc_hd__nand2b_2,_08314_,picorv32_pcpi_fast_mul
sky130_fd_sc_hd__xnor2_2,_08315_,picorv32_pcpi_fast_mul
sky130_fd_sc_hd__nand2b_2,_08316_,picorv32_pcpi_fast_mul
sky130_fd_sc_hd__xnor2_2,_08317_,picorv32_pcpi_fast_mul
sky130_fd_sc_hd__o21a_2,_08318_,picorv32_pcpi_fast_mul
sky130_fd_sc_hd__o21ai_2,_08319_,picorv32_pcpi_fast_mul
sky130_fd_sc_hd__nor3_2,_08320_,picorv32_pcpi_fast_mul
sky130_fd_sc_hd__a211o_2,_08321_,picorv32_pcpi_fast_mul
sky130_fd_sc_hd__o211ai_2,_08322_,picorv32_pcpi_fast_mul
sky130_fd_sc_hd__o211ai_2,_08323_,picorv32_pcpi_fast_mul
sky130_fd_sc_hd__a211o_2,_08324_,picorv32_pcpi_fast_mul
sky130_fd_sc_hd__nand4_2,_08325_,picorv32_pcpi_fast_mul
sky130_fd_sc_hd__a22o_2,_08326_,picorv32_pcpi_fast_mul
sky130_fd_sc_hd__o211a_2,_08327_,picorv32_pcpi_fast_mul
sky130_fd_sc_hd__inv_2,_08328_,picorv32_pcpi_fast_mul
sky130_fd_sc_hd__a211oi_2,_08329_,picorv32_pcpi_fast_mul
sky130_fd_sc_hd__a211o_2,_08330_,picorv32_pcpi_fast_mul
sky130_fd_sc_hd__o211ai_2,_08331_,picorv32_pcpi_fast_mul
sky130_fd_sc_hd__nand2_2,_08332_,picorv32_pcpi_fast_mul
sky130_fd_sc_hd__and4_2,_08333_,picorv32_pcpi_fast_mul
sky130_fd_sc_hd__a22oi_2,_08334_,picorv32_pcpi_fast_mul
sky130_fd_sc_hd__nor2_2,_08335_,picorv32_pcpi_fast_mul
sky130_fd_sc_hd__xnor2_2,_08336_,picorv32_pcpi_fast_mul
sky130_fd_sc_hd__nand2_2,_08337_,picorv32_pcpi_fast_mul
sky130_fd_sc_hd__and4_2,_08338_,picorv32_pcpi_fast_mul
sky130_fd_sc_hd__a22oi_2,_08339_,picorv32_pcpi_fast_mul
sky130_fd_sc_hd__nor2_2,_08340_,picorv32_pcpi_fast_mul
sky130_fd_sc_hd__xnor2_2,_08341_,picorv32_pcpi_fast_mul
sky130_fd_sc_hd__o21ba_2,_08342_,picorv32_pcpi_fast_mul
sky130_fd_sc_hd__and2b_2,_08343_,picorv32_pcpi_fast_mul
sky130_fd_sc_hd__xnor2_2,_08344_,picorv32_pcpi_fast_mul
sky130_fd_sc_hd__and2_2,_08345_,picorv32_pcpi_fast_mul
sky130_fd_sc_hd__nor2_2,_08346_,picorv32_pcpi_fast_mul
sky130_fd_sc_hd__or2_2,_08347_,picorv32_pcpi_fast_mul
sky130_fd_sc_hd__a31o_2,_08348_,picorv32_pcpi_fast_mul
sky130_fd_sc_hd__o21ba_2,_08349_,picorv32_pcpi_fast_mul
sky130_fd_sc_hd__and4_2,_08350_,picorv32_pcpi_fast_mul
sky130_fd_sc_hd__a22oi_2,_08351_,picorv32_pcpi_fast_mul
sky130_fd_sc_hd__nor2_2,_08352_,picorv32_pcpi_fast_mul
sky130_fd_sc_hd__nand2_2,_08353_,picorv32_pcpi_fast_mul
sky130_fd_sc_hd__xnor2_2,_08354_,picorv32_pcpi_fast_mul
sky130_fd_sc_hd__nand2b_2,_08355_,picorv32_pcpi_fast_mul
sky130_fd_sc_hd__xnor2_2,_08356_,picorv32_pcpi_fast_mul
sky130_fd_sc_hd__nand2_2,_08357_,picorv32_pcpi_fast_mul
sky130_fd_sc_hd__xnor2_2,_08358_,picorv32_pcpi_fast_mul
sky130_fd_sc_hd__a21oi_2,_08359_,picorv32_pcpi_fast_mul
sky130_fd_sc_hd__and3_2,_08360_,picorv32_pcpi_fast_mul
sky130_fd_sc_hd__nor3_2,_08361_,picorv32_pcpi_fast_mul
sky130_fd_sc_hd__o21a_2,_08362_,picorv32_pcpi_fast_mul
sky130_fd_sc_hd__a211oi_2,_08363_,picorv32_pcpi_fast_mul
sky130_fd_sc_hd__o211a_2,_08364_,picorv32_pcpi_fast_mul
sky130_fd_sc_hd__a211oi_2,_08365_,picorv32_pcpi_fast_mul
sky130_fd_sc_hd__o211a_2,_08366_,picorv32_pcpi_fast_mul
sky130_fd_sc_hd__nand2_2,_08367_,picorv32_pcpi_fast_mul
sky130_fd_sc_hd__and4_2,_08368_,picorv32_pcpi_fast_mul
sky130_fd_sc_hd__a22oi_2,_08369_,picorv32_pcpi_fast_mul
sky130_fd_sc_hd__nor2_2,_08370_,picorv32_pcpi_fast_mul
sky130_fd_sc_hd__xnor2_2,_08371_,picorv32_pcpi_fast_mul
sky130_fd_sc_hd__nand2_2,_08372_,picorv32_pcpi_fast_mul
sky130_fd_sc_hd__and4_2,_08373_,picorv32_pcpi_fast_mul
sky130_fd_sc_hd__a22o_2,_08374_,picorv32_pcpi_fast_mul
sky130_fd_sc_hd__and2b_2,_08375_,picorv32_pcpi_fast_mul
sky130_fd_sc_hd__xnor2_2,_08376_,picorv32_pcpi_fast_mul
sky130_fd_sc_hd__o21ba_2,_08377_,picorv32_pcpi_fast_mul
sky130_fd_sc_hd__and2b_2,_08378_,picorv32_pcpi_fast_mul
sky130_fd_sc_hd__xnor2_2,_08379_,picorv32_pcpi_fast_mul
sky130_fd_sc_hd__and2_2,_08380_,picorv32_pcpi_fast_mul
sky130_fd_sc_hd__xnor2_2,_08381_,picorv32_pcpi_fast_mul
sky130_fd_sc_hd__a21oi_2,_08382_,picorv32_pcpi_fast_mul
sky130_fd_sc_hd__a21o_2,_08383_,picorv32_pcpi_fast_mul
sky130_fd_sc_hd__nand3_2,_08384_,picorv32_pcpi_fast_mul
sky130_fd_sc_hd__o211a_2,_08385_,picorv32_pcpi_fast_mul
sky130_fd_sc_hd__a211oi_2,_08386_,picorv32_pcpi_fast_mul
sky130_fd_sc_hd__a31o_2,_08387_,picorv32_pcpi_fast_mul
sky130_fd_sc_hd__o21bai_2,_08388_,picorv32_pcpi_fast_mul
sky130_fd_sc_hd__nand2_2,_08389_,picorv32_pcpi_fast_mul
sky130_fd_sc_hd__nand4_2,_08390_,picorv32_pcpi_fast_mul
sky130_fd_sc_hd__a22o_2,_08391_,picorv32_pcpi_fast_mul
sky130_fd_sc_hd__nand3b_2,_08392_,picorv32_pcpi_fast_mul
sky130_fd_sc_hd__a21bo_2,_08393_,picorv32_pcpi_fast_mul
sky130_fd_sc_hd__nand3_2,_08394_,picorv32_pcpi_fast_mul
sky130_fd_sc_hd__a21o_2,_08395_,picorv32_pcpi_fast_mul
sky130_fd_sc_hd__and3_2,_08396_,picorv32_pcpi_fast_mul
sky130_fd_sc_hd__a21oi_2,_08397_,picorv32_pcpi_fast_mul
sky130_fd_sc_hd__nor2_2,_08398_,picorv32_pcpi_fast_mul
sky130_fd_sc_hd__nand2_2,_08399_,picorv32_pcpi_fast_mul
sky130_fd_sc_hd__and4_2,_08400_,picorv32_pcpi_fast_mul
sky130_fd_sc_hd__a22oi_2,_08401_,picorv32_pcpi_fast_mul
sky130_fd_sc_hd__nor2_2,_08402_,picorv32_pcpi_fast_mul
sky130_fd_sc_hd__xnor2_2,_08403_,picorv32_pcpi_fast_mul
sky130_fd_sc_hd__nand2_2,_08404_,picorv32_pcpi_fast_mul
sky130_fd_sc_hd__and4_2,_08405_,picorv32_pcpi_fast_mul
sky130_fd_sc_hd__a22oi_2,_08406_,picorv32_pcpi_fast_mul
sky130_fd_sc_hd__or3_2,_08407_,picorv32_pcpi_fast_mul
sky130_fd_sc_hd__o21ai_2,_08408_,picorv32_pcpi_fast_mul
sky130_fd_sc_hd__a21bo_2,_08409_,picorv32_pcpi_fast_mul
sky130_fd_sc_hd__nand3_2,_08410_,picorv32_pcpi_fast_mul
sky130_fd_sc_hd__a21o_2,_08411_,picorv32_pcpi_fast_mul
sky130_fd_sc_hd__nand3_2,_08412_,picorv32_pcpi_fast_mul
sky130_fd_sc_hd__a21o_2,_08413_,picorv32_pcpi_fast_mul
sky130_fd_sc_hd__a21bo_2,_08414_,picorv32_pcpi_fast_mul
sky130_fd_sc_hd__nand3_2,_08415_,picorv32_pcpi_fast_mul
sky130_fd_sc_hd__a21o_2,_08416_,picorv32_pcpi_fast_mul
sky130_fd_sc_hd__and3_2,_08417_,picorv32_pcpi_fast_mul
sky130_fd_sc_hd__nand3_2,_08418_,picorv32_pcpi_fast_mul
sky130_fd_sc_hd__a21oi_2,_08419_,picorv32_pcpi_fast_mul
sky130_fd_sc_hd__a211o_2,_08420_,picorv32_pcpi_fast_mul
sky130_fd_sc_hd__o211ai_2,_08421_,picorv32_pcpi_fast_mul
sky130_fd_sc_hd__or4bb_2,_08422_,picorv32_pcpi_fast_mul
sky130_fd_sc_hd__a2bb2o_2,_08423_,picorv32_pcpi_fast_mul
sky130_fd_sc_hd__o211a_2,_08424_,picorv32_pcpi_fast_mul
sky130_fd_sc_hd__a211oi_2,_08425_,picorv32_pcpi_fast_mul
sky130_fd_sc_hd__nor4_2,_08426_,picorv32_pcpi_fast_mul
sky130_fd_sc_hd__o22a_2,_08427_,picorv32_pcpi_fast_mul
sky130_fd_sc_hd__a211oi_2,_08428_,picorv32_pcpi_fast_mul
sky130_fd_sc_hd__a211o_2,_08429_,picorv32_pcpi_fast_mul
sky130_fd_sc_hd__o211ai_2,_08430_,picorv32_pcpi_fast_mul
sky130_fd_sc_hd__and4_2,_08431_,picorv32_pcpi_fast_mul
sky130_fd_sc_hd__a22oi_2,_08432_,picorv32_pcpi_fast_mul
sky130_fd_sc_hd__a211oi_2,_08433_,picorv32_pcpi_fast_mul
sky130_fd_sc_hd__a211o_2,_08434_,picorv32_pcpi_fast_mul
sky130_fd_sc_hd__o211a_2,_08435_,picorv32_pcpi_fast_mul
sky130_fd_sc_hd__a211o_2,_08436_,picorv32_pcpi_fast_mul
sky130_fd_sc_hd__o211ai_2,_08437_,picorv32_pcpi_fast_mul
sky130_fd_sc_hd__o211a_2,_08438_,picorv32_pcpi_fast_mul
sky130_fd_sc_hd__a211oi_2,_08439_,picorv32_pcpi_fast_mul
sky130_fd_sc_hd__nor2_2,_08440_,picorv32_pcpi_fast_mul
sky130_fd_sc_hd__nand2_2,_08441_,picorv32_pcpi_fast_mul
sky130_fd_sc_hd__xnor2_2,_08442_,picorv32_pcpi_fast_mul
sky130_fd_sc_hd__o41ai_2,_08443_,picorv32_pcpi_fast_mul
sky130_fd_sc_hd__a21oi_2,_08444_,picorv32_pcpi_fast_mul
sky130_fd_sc_hd__xor2_2,_08445_,picorv32_pcpi_fast_mul
sky130_fd_sc_hd__a22oi_2,_08446_,picorv32_pcpi_fast_mul
sky130_fd_sc_hd__and4_2,_08447_,picorv32_pcpi_fast_mul
sky130_fd_sc_hd__nor2_2,_08448_,picorv32_pcpi_fast_mul
sky130_fd_sc_hd__nand2_2,_08449_,picorv32_pcpi_fast_mul
sky130_fd_sc_hd__xnor2_2,_08450_,picorv32_pcpi_fast_mul
sky130_fd_sc_hd__nand2_2,_08451_,picorv32_pcpi_fast_mul
sky130_fd_sc_hd__or2_2,_08452_,picorv32_pcpi_fast_mul
sky130_fd_sc_hd__nand2_2,_08453_,picorv32_pcpi_fast_mul
sky130_fd_sc_hd__o21ba_2,_08454_,picorv32_pcpi_fast_mul
sky130_fd_sc_hd__o21ba_2,_08455_,picorv32_pcpi_fast_mul
sky130_fd_sc_hd__a22oi_2,_08456_,picorv32_pcpi_fast_mul
sky130_fd_sc_hd__and4_2,_08457_,picorv32_pcpi_fast_mul
sky130_fd_sc_hd__nor2_2,_08458_,picorv32_pcpi_fast_mul
sky130_fd_sc_hd__nand2_2,_08459_,picorv32_pcpi_fast_mul
sky130_fd_sc_hd__xnor2_2,_08460_,picorv32_pcpi_fast_mul
sky130_fd_sc_hd__nand2b_2,_08461_,picorv32_pcpi_fast_mul
sky130_fd_sc_hd__xnor2_2,_08462_,picorv32_pcpi_fast_mul
sky130_fd_sc_hd__nand2b_2,_08463_,picorv32_pcpi_fast_mul
sky130_fd_sc_hd__xnor2_2,_08464_,picorv32_pcpi_fast_mul
sky130_fd_sc_hd__o21a_2,_08465_,picorv32_pcpi_fast_mul
sky130_fd_sc_hd__nor3_2,_08466_,picorv32_pcpi_fast_mul
sky130_fd_sc_hd__a211oi_2,_08467_,picorv32_pcpi_fast_mul
sky130_fd_sc_hd__o211a_2,_08468_,picorv32_pcpi_fast_mul
sky130_fd_sc_hd__a211oi_2,_08469_,picorv32_pcpi_fast_mul
sky130_fd_sc_hd__a211o_2,_08470_,picorv32_pcpi_fast_mul
sky130_fd_sc_hd__o211a_2,_08471_,picorv32_pcpi_fast_mul
sky130_fd_sc_hd__or3_2,_08472_,picorv32_pcpi_fast_mul
sky130_fd_sc_hd__o21ai_2,_08473_,picorv32_pcpi_fast_mul
sky130_fd_sc_hd__o211a_2,_08474_,picorv32_pcpi_fast_mul
sky130_fd_sc_hd__a211oi_2,_08475_,picorv32_pcpi_fast_mul
sky130_fd_sc_hd__a211oi_2,_08476_,picorv32_pcpi_fast_mul
sky130_fd_sc_hd__o211a_2,_08477_,picorv32_pcpi_fast_mul
sky130_fd_sc_hd__nor2_2,_08478_,picorv32_pcpi_fast_mul
sky130_fd_sc_hd__a22oi_2,_08479_,picorv32_pcpi_fast_mul
sky130_fd_sc_hd__and4_2,_08480_,picorv32_pcpi_fast_mul
sky130_fd_sc_hd__nor2_2,_08481_,picorv32_pcpi_fast_mul
sky130_fd_sc_hd__nand2_2,_08482_,picorv32_pcpi_fast_mul
sky130_fd_sc_hd__xnor2_2,_08483_,picorv32_pcpi_fast_mul
sky130_fd_sc_hd__nand2_2,_08484_,picorv32_pcpi_fast_mul
sky130_fd_sc_hd__and4_2,_08485_,picorv32_pcpi_fast_mul
sky130_fd_sc_hd__a22oi_2,_08486_,picorv32_pcpi_fast_mul
sky130_fd_sc_hd__or3_2,_08487_,picorv32_pcpi_fast_mul
sky130_fd_sc_hd__o21ai_2,_08488_,picorv32_pcpi_fast_mul
sky130_fd_sc_hd__o21bai_2,_08489_,picorv32_pcpi_fast_mul
sky130_fd_sc_hd__and3_2,_08490_,picorv32_pcpi_fast_mul
sky130_fd_sc_hd__a21o_2,_08491_,picorv32_pcpi_fast_mul
sky130_fd_sc_hd__and2b_2,_08492_,picorv32_pcpi_fast_mul
sky130_fd_sc_hd__xnor2_2,_08493_,picorv32_pcpi_fast_mul
sky130_fd_sc_hd__a31o_2,_08494_,picorv32_pcpi_fast_mul
sky130_fd_sc_hd__o21bai_2,_08495_,picorv32_pcpi_fast_mul
sky130_fd_sc_hd__a22o_2,_08496_,picorv32_pcpi_fast_mul
sky130_fd_sc_hd__nand4_2,_08497_,picorv32_pcpi_fast_mul
sky130_fd_sc_hd__a22o_2,_08498_,picorv32_pcpi_fast_mul
sky130_fd_sc_hd__nand4_2,_08499_,picorv32_pcpi_fast_mul
sky130_fd_sc_hd__and3_2,_08500_,picorv32_pcpi_fast_mul
sky130_fd_sc_hd__a21o_2,_08501_,picorv32_pcpi_fast_mul
sky130_fd_sc_hd__and2b_2,_08502_,picorv32_pcpi_fast_mul
sky130_fd_sc_hd__xnor2_2,_08503_,picorv32_pcpi_fast_mul
sky130_fd_sc_hd__a21o_2,_08504_,picorv32_pcpi_fast_mul
sky130_fd_sc_hd__nand3_2,_08505_,picorv32_pcpi_fast_mul
sky130_fd_sc_hd__nand3b_2,_08506_,picorv32_pcpi_fast_mul
sky130_fd_sc_hd__a21bo_2,_08507_,picorv32_pcpi_fast_mul
sky130_fd_sc_hd__o211a_2,_08508_,picorv32_pcpi_fast_mul
sky130_fd_sc_hd__a211oi_2,_08509_,picorv32_pcpi_fast_mul
sky130_fd_sc_hd__nor3_2,_08510_,picorv32_pcpi_fast_mul
sky130_fd_sc_hd__o21a_2,_08511_,picorv32_pcpi_fast_mul
sky130_fd_sc_hd__a21bo_2,_08512_,picorv32_pcpi_fast_mul
sky130_fd_sc_hd__nand2_2,_08513_,picorv32_pcpi_fast_mul
sky130_fd_sc_hd__and4_2,_08514_,picorv32_pcpi_fast_mul
sky130_fd_sc_hd__a22o_2,_08515_,picorv32_pcpi_fast_mul
sky130_fd_sc_hd__and2b_2,_08516_,picorv32_pcpi_fast_mul
sky130_fd_sc_hd__xnor2_2,_08517_,picorv32_pcpi_fast_mul
sky130_fd_sc_hd__and4_2,_08518_,picorv32_pcpi_fast_mul
sky130_fd_sc_hd__a22oi_2,_08519_,picorv32_pcpi_fast_mul
sky130_fd_sc_hd__and4bb_2,_08520_,picorv32_pcpi_fast_mul
sky130_fd_sc_hd__o2bb2a_2,_08521_,picorv32_pcpi_fast_mul
sky130_fd_sc_hd__a31o_2,_08522_,picorv32_pcpi_fast_mul
sky130_fd_sc_hd__or3b_2,_08523_,picorv32_pcpi_fast_mul
sky130_fd_sc_hd__o21bai_2,_08524_,picorv32_pcpi_fast_mul
sky130_fd_sc_hd__nand3_2,_08525_,picorv32_pcpi_fast_mul
sky130_fd_sc_hd__a21o_2,_08526_,picorv32_pcpi_fast_mul
sky130_fd_sc_hd__nand3_2,_08527_,picorv32_pcpi_fast_mul
sky130_fd_sc_hd__a21o_2,_08528_,picorv32_pcpi_fast_mul
sky130_fd_sc_hd__o211ai_2,_08529_,picorv32_pcpi_fast_mul
sky130_fd_sc_hd__a211o_2,_08530_,picorv32_pcpi_fast_mul
sky130_fd_sc_hd__nand2_2,_08531_,picorv32_pcpi_fast_mul
sky130_fd_sc_hd__nand2_2,_08532_,picorv32_pcpi_fast_mul
sky130_fd_sc_hd__o21ba_2,_08533_,picorv32_pcpi_fast_mul
sky130_fd_sc_hd__nand2_2,_08534_,picorv32_pcpi_fast_mul
sky130_fd_sc_hd__and4_2,_08535_,picorv32_pcpi_fast_mul
sky130_fd_sc_hd__a22oi_2,_08536_,picorv32_pcpi_fast_mul
sky130_fd_sc_hd__nor2_2,_08537_,picorv32_pcpi_fast_mul
sky130_fd_sc_hd__xnor2_2,_08538_,picorv32_pcpi_fast_mul
sky130_fd_sc_hd__nand2b_2,_08539_,picorv32_pcpi_fast_mul
sky130_fd_sc_hd__xnor2_2,_08540_,picorv32_pcpi_fast_mul
sky130_fd_sc_hd__nand2_2,_08541_,picorv32_pcpi_fast_mul
sky130_fd_sc_hd__xor2_2,_08542_,picorv32_pcpi_fast_mul
sky130_fd_sc_hd__nand2_2,_08543_,picorv32_pcpi_fast_mul
sky130_fd_sc_hd__and4_2,_08544_,picorv32_pcpi_fast_mul
sky130_fd_sc_hd__a22oi_2,_08545_,picorv32_pcpi_fast_mul
sky130_fd_sc_hd__nor2_2,_08546_,picorv32_pcpi_fast_mul
sky130_fd_sc_hd__xnor2_2,_08547_,picorv32_pcpi_fast_mul
sky130_fd_sc_hd__and2_2,_08548_,picorv32_pcpi_fast_mul
sky130_fd_sc_hd__nand4_2,_08549_,picorv32_pcpi_fast_mul
sky130_fd_sc_hd__a22o_2,_08550_,picorv32_pcpi_fast_mul
sky130_fd_sc_hd__nand3_2,_08551_,picorv32_pcpi_fast_mul
sky130_fd_sc_hd__a21o_2,_08552_,picorv32_pcpi_fast_mul
sky130_fd_sc_hd__o21bai_2,_08553_,picorv32_pcpi_fast_mul
sky130_fd_sc_hd__nand3_2,_08554_,picorv32_pcpi_fast_mul
sky130_fd_sc_hd__a21o_2,_08555_,picorv32_pcpi_fast_mul
sky130_fd_sc_hd__nand3_2,_08556_,picorv32_pcpi_fast_mul
sky130_fd_sc_hd__a21o_2,_08557_,picorv32_pcpi_fast_mul
sky130_fd_sc_hd__a21bo_2,_08558_,picorv32_pcpi_fast_mul
sky130_fd_sc_hd__nand3_2,_08559_,picorv32_pcpi_fast_mul
sky130_fd_sc_hd__a21o_2,_08560_,picorv32_pcpi_fast_mul
sky130_fd_sc_hd__and3_2,_08561_,picorv32_pcpi_fast_mul
sky130_fd_sc_hd__nand3_2,_08562_,picorv32_pcpi_fast_mul
sky130_fd_sc_hd__a21oi_2,_08563_,picorv32_pcpi_fast_mul
sky130_fd_sc_hd__a211oi_2,_08564_,picorv32_pcpi_fast_mul
sky130_fd_sc_hd__o211a_2,_08565_,picorv32_pcpi_fast_mul
sky130_fd_sc_hd__nor3_2,_08566_,picorv32_pcpi_fast_mul
sky130_fd_sc_hd__o21a_2,_08567_,picorv32_pcpi_fast_mul
sky130_fd_sc_hd__a211o_2,_08568_,picorv32_pcpi_fast_mul
sky130_fd_sc_hd__o211ai_2,_08569_,picorv32_pcpi_fast_mul
sky130_fd_sc_hd__or4bb_2,_08570_,picorv32_pcpi_fast_mul
sky130_fd_sc_hd__a2bb2o_2,_08571_,picorv32_pcpi_fast_mul
sky130_fd_sc_hd__o211ai_2,_08572_,picorv32_pcpi_fast_mul
sky130_fd_sc_hd__a211o_2,_08573_,picorv32_pcpi_fast_mul
sky130_fd_sc_hd__or4bb_2,_08574_,picorv32_pcpi_fast_mul
sky130_fd_sc_hd__a2bb2o_2,_08575_,picorv32_pcpi_fast_mul
sky130_fd_sc_hd__o211a_2,_08576_,picorv32_pcpi_fast_mul
sky130_fd_sc_hd__a211oi_2,_08577_,picorv32_pcpi_fast_mul
sky130_fd_sc_hd__a211oi_2,_08578_,picorv32_pcpi_fast_mul
sky130_fd_sc_hd__o211a_2,_08579_,picorv32_pcpi_fast_mul
sky130_fd_sc_hd__a211o_2,_08580_,picorv32_pcpi_fast_mul
sky130_fd_sc_hd__o211ai_2,_08581_,picorv32_pcpi_fast_mul
sky130_fd_sc_hd__a21oi_2,_08582_,picorv32_pcpi_fast_mul
sky130_fd_sc_hd__a21o_2,_08583_,picorv32_pcpi_fast_mul
sky130_fd_sc_hd__and3_2,_08584_,picorv32_pcpi_fast_mul
sky130_fd_sc_hd__or2_2,_08585_,picorv32_pcpi_fast_mul
sky130_fd_sc_hd__o21ai_2,_08586_,picorv32_pcpi_fast_mul
sky130_fd_sc_hd__xnor2_2,_08587_,picorv32_pcpi_fast_mul
sky130_fd_sc_hd__a22oi_2,_08588_,picorv32_pcpi_fast_mul
sky130_fd_sc_hd__and4_2,_08589_,picorv32_pcpi_fast_mul
sky130_fd_sc_hd__nor2_2,_08590_,picorv32_pcpi_fast_mul
sky130_fd_sc_hd__nand2_2,_08591_,picorv32_pcpi_fast_mul
sky130_fd_sc_hd__xnor2_2,_08592_,picorv32_pcpi_fast_mul
sky130_fd_sc_hd__o21ba_2,_08593_,picorv32_pcpi_fast_mul
sky130_fd_sc_hd__and2b_2,_08594_,picorv32_pcpi_fast_mul
sky130_fd_sc_hd__xnor2_2,_08595_,picorv32_pcpi_fast_mul
sky130_fd_sc_hd__nand2_2,_08596_,picorv32_pcpi_fast_mul
sky130_fd_sc_hd__xor2_2,_08597_,picorv32_pcpi_fast_mul
sky130_fd_sc_hd__nor2_2,_08598_,picorv32_pcpi_fast_mul
sky130_fd_sc_hd__nand2_2,_08599_,picorv32_pcpi_fast_mul
sky130_fd_sc_hd__nand2b_2,_08600_,picorv32_pcpi_fast_mul
sky130_fd_sc_hd__a21o_2,_08601_,picorv32_pcpi_fast_mul
sky130_fd_sc_hd__a31o_2,_08602_,picorv32_pcpi_fast_mul
sky130_fd_sc_hd__o21bai_2,_08603_,picorv32_pcpi_fast_mul
sky130_fd_sc_hd__a22o_2,_08604_,picorv32_pcpi_fast_mul
sky130_fd_sc_hd__nand4_2,_08605_,picorv32_pcpi_fast_mul
sky130_fd_sc_hd__a22o_2,_08606_,picorv32_pcpi_fast_mul
sky130_fd_sc_hd__nand4_2,_08607_,picorv32_pcpi_fast_mul
sky130_fd_sc_hd__nand3_2,_08608_,picorv32_pcpi_fast_mul
sky130_fd_sc_hd__a21o_2,_08609_,picorv32_pcpi_fast_mul
sky130_fd_sc_hd__nand3_2,_08610_,picorv32_pcpi_fast_mul
sky130_fd_sc_hd__a21o_2,_08611_,picorv32_pcpi_fast_mul
sky130_fd_sc_hd__and3_2,_08612_,picorv32_pcpi_fast_mul
sky130_fd_sc_hd__a21oi_2,_08613_,picorv32_pcpi_fast_mul
sky130_fd_sc_hd__a211oi_2,_08614_,picorv32_pcpi_fast_mul
sky130_fd_sc_hd__a211o_2,_08615_,picorv32_pcpi_fast_mul
sky130_fd_sc_hd__o211ai_2,_08616_,picorv32_pcpi_fast_mul
sky130_fd_sc_hd__o211a_2,_08617_,picorv32_pcpi_fast_mul
sky130_fd_sc_hd__inv_2,_08618_,picorv32_pcpi_fast_mul
sky130_fd_sc_hd__a211oi_2,_08619_,picorv32_pcpi_fast_mul
sky130_fd_sc_hd__or3_2,_08620_,picorv32_pcpi_fast_mul
sky130_fd_sc_hd__o21ai_2,_08621_,picorv32_pcpi_fast_mul
sky130_fd_sc_hd__o211a_2,_08622_,picorv32_pcpi_fast_mul
sky130_fd_sc_hd__a211oi_2,_08623_,picorv32_pcpi_fast_mul
sky130_fd_sc_hd__a211oi_2,_08624_,picorv32_pcpi_fast_mul
sky130_fd_sc_hd__o211a_2,_08625_,picorv32_pcpi_fast_mul
sky130_fd_sc_hd__a22oi_2,_08626_,picorv32_pcpi_fast_mul
sky130_fd_sc_hd__and4_2,_08627_,picorv32_pcpi_fast_mul
sky130_fd_sc_hd__nor2_2,_08628_,picorv32_pcpi_fast_mul
sky130_fd_sc_hd__nand2_2,_08629_,picorv32_pcpi_fast_mul
sky130_fd_sc_hd__xnor2_2,_08630_,picorv32_pcpi_fast_mul
sky130_fd_sc_hd__nand2_2,_08631_,picorv32_pcpi_fast_mul
sky130_fd_sc_hd__nand4_2,_08632_,picorv32_pcpi_fast_mul
sky130_fd_sc_hd__a22o_2,_08633_,picorv32_pcpi_fast_mul
sky130_fd_sc_hd__nand3b_2,_08634_,picorv32_pcpi_fast_mul
sky130_fd_sc_hd__a21bo_2,_08635_,picorv32_pcpi_fast_mul
sky130_fd_sc_hd__o21bai_2,_08636_,picorv32_pcpi_fast_mul
sky130_fd_sc_hd__nand3_2,_08637_,picorv32_pcpi_fast_mul
sky130_fd_sc_hd__a21o_2,_08638_,picorv32_pcpi_fast_mul
sky130_fd_sc_hd__and3_2,_08639_,picorv32_pcpi_fast_mul
sky130_fd_sc_hd__a21oi_2,_08640_,picorv32_pcpi_fast_mul
sky130_fd_sc_hd__or2_2,_08641_,picorv32_pcpi_fast_mul
sky130_fd_sc_hd__nand2_2,_08642_,picorv32_pcpi_fast_mul
sky130_fd_sc_hd__a31o_2,_08643_,picorv32_pcpi_fast_mul
sky130_fd_sc_hd__a22o_2,_08644_,picorv32_pcpi_fast_mul
sky130_fd_sc_hd__nand4_2,_08645_,picorv32_pcpi_fast_mul
sky130_fd_sc_hd__a22o_2,_08646_,picorv32_pcpi_fast_mul
sky130_fd_sc_hd__nand4_2,_08647_,picorv32_pcpi_fast_mul
sky130_fd_sc_hd__nand3_2,_08648_,picorv32_pcpi_fast_mul
sky130_fd_sc_hd__a21o_2,_08649_,picorv32_pcpi_fast_mul
sky130_fd_sc_hd__nand3_2,_08650_,picorv32_pcpi_fast_mul
sky130_fd_sc_hd__a21o_2,_08651_,picorv32_pcpi_fast_mul
sky130_fd_sc_hd__a21o_2,_08652_,picorv32_pcpi_fast_mul
sky130_fd_sc_hd__and3_2,_08653_,picorv32_pcpi_fast_mul
sky130_fd_sc_hd__a21oi_2,_08654_,picorv32_pcpi_fast_mul
sky130_fd_sc_hd__nor3_2,_08655_,picorv32_pcpi_fast_mul
sky130_fd_sc_hd__o21a_2,_08656_,picorv32_pcpi_fast_mul
sky130_fd_sc_hd__a211oi_2,_08657_,picorv32_pcpi_fast_mul
sky130_fd_sc_hd__o211a_2,_08658_,picorv32_pcpi_fast_mul
sky130_fd_sc_hd__a211oi_2,_08659_,picorv32_pcpi_fast_mul
sky130_fd_sc_hd__o211a_2,_08660_,picorv32_pcpi_fast_mul
sky130_fd_sc_hd__nor2_2,_08661_,picorv32_pcpi_fast_mul
sky130_fd_sc_hd__nand2_2,_08662_,picorv32_pcpi_fast_mul
sky130_fd_sc_hd__and4_2,_08663_,picorv32_pcpi_fast_mul
sky130_fd_sc_hd__a22oi_2,_08664_,picorv32_pcpi_fast_mul
sky130_fd_sc_hd__nor2_2,_08665_,picorv32_pcpi_fast_mul
sky130_fd_sc_hd__xnor2_2,_08666_,picorv32_pcpi_fast_mul
sky130_fd_sc_hd__nand2_2,_08667_,picorv32_pcpi_fast_mul
sky130_fd_sc_hd__and4_2,_08668_,picorv32_pcpi_fast_mul
sky130_fd_sc_hd__a22oi_2,_08669_,picorv32_pcpi_fast_mul
sky130_fd_sc_hd__nor2_2,_08670_,picorv32_pcpi_fast_mul
sky130_fd_sc_hd__xnor2_2,_08671_,picorv32_pcpi_fast_mul
sky130_fd_sc_hd__nor2_2,_08672_,picorv32_pcpi_fast_mul
sky130_fd_sc_hd__and2b_2,_08673_,picorv32_pcpi_fast_mul
sky130_fd_sc_hd__xnor2_2,_08674_,picorv32_pcpi_fast_mul
sky130_fd_sc_hd__and2_2,_08675_,picorv32_pcpi_fast_mul
sky130_fd_sc_hd__xnor2_2,_08676_,picorv32_pcpi_fast_mul
sky130_fd_sc_hd__a21oi_2,_08677_,picorv32_pcpi_fast_mul
sky130_fd_sc_hd__and3_2,_08678_,picorv32_pcpi_fast_mul
sky130_fd_sc_hd__a211oi_2,_08679_,picorv32_pcpi_fast_mul
sky130_fd_sc_hd__o211a_2,_08680_,picorv32_pcpi_fast_mul
sky130_fd_sc_hd__o21ba_2,_08681_,picorv32_pcpi_fast_mul
sky130_fd_sc_hd__o21ba_2,_08682_,picorv32_pcpi_fast_mul
sky130_fd_sc_hd__nand2_2,_08683_,picorv32_pcpi_fast_mul
sky130_fd_sc_hd__and4_2,_08684_,picorv32_pcpi_fast_mul
sky130_fd_sc_hd__a22oi_2,_08685_,picorv32_pcpi_fast_mul
sky130_fd_sc_hd__nor2_2,_08686_,picorv32_pcpi_fast_mul
sky130_fd_sc_hd__xnor2_2,_08687_,picorv32_pcpi_fast_mul
sky130_fd_sc_hd__nand2b_2,_08688_,picorv32_pcpi_fast_mul
sky130_fd_sc_hd__xnor2_2,_08689_,picorv32_pcpi_fast_mul
sky130_fd_sc_hd__nand2b_2,_08690_,picorv32_pcpi_fast_mul
sky130_fd_sc_hd__xnor2_2,_08691_,picorv32_pcpi_fast_mul
sky130_fd_sc_hd__nand2_2,_08692_,picorv32_pcpi_fast_mul
sky130_fd_sc_hd__and4_2,_08693_,picorv32_pcpi_fast_mul
sky130_fd_sc_hd__a22oi_2,_08694_,picorv32_pcpi_fast_mul
sky130_fd_sc_hd__nor2_2,_08695_,picorv32_pcpi_fast_mul
sky130_fd_sc_hd__xnor2_2,_08696_,picorv32_pcpi_fast_mul
sky130_fd_sc_hd__nand2_2,_08697_,picorv32_pcpi_fast_mul
sky130_fd_sc_hd__and4_2,_08698_,picorv32_pcpi_fast_mul
sky130_fd_sc_hd__a22oi_2,_08699_,picorv32_pcpi_fast_mul
sky130_fd_sc_hd__or3_2,_08700_,picorv32_pcpi_fast_mul
sky130_fd_sc_hd__o21ai_2,_08701_,picorv32_pcpi_fast_mul
sky130_fd_sc_hd__a21bo_2,_08702_,picorv32_pcpi_fast_mul
sky130_fd_sc_hd__nand3_2,_08703_,picorv32_pcpi_fast_mul
sky130_fd_sc_hd__a21o_2,_08704_,picorv32_pcpi_fast_mul
sky130_fd_sc_hd__nand3_2,_08705_,picorv32_pcpi_fast_mul
sky130_fd_sc_hd__a21o_2,_08706_,picorv32_pcpi_fast_mul
sky130_fd_sc_hd__a21bo_2,_08707_,picorv32_pcpi_fast_mul
sky130_fd_sc_hd__nand3_2,_08708_,picorv32_pcpi_fast_mul
sky130_fd_sc_hd__a21o_2,_08709_,picorv32_pcpi_fast_mul
sky130_fd_sc_hd__and3_2,_08710_,picorv32_pcpi_fast_mul
sky130_fd_sc_hd__nand3_2,_08711_,picorv32_pcpi_fast_mul
sky130_fd_sc_hd__a21oi_2,_08712_,picorv32_pcpi_fast_mul
sky130_fd_sc_hd__a211o_2,_08713_,picorv32_pcpi_fast_mul
sky130_fd_sc_hd__o211ai_2,_08714_,picorv32_pcpi_fast_mul
sky130_fd_sc_hd__or4bb_2,_08715_,picorv32_pcpi_fast_mul
sky130_fd_sc_hd__a2bb2o_2,_08716_,picorv32_pcpi_fast_mul
sky130_fd_sc_hd__o211a_2,_08717_,picorv32_pcpi_fast_mul
sky130_fd_sc_hd__a211oi_2,_08718_,picorv32_pcpi_fast_mul
sky130_fd_sc_hd__nor3b_2,_08719_,picorv32_pcpi_fast_mul
sky130_fd_sc_hd__o21ba_2,_08720_,picorv32_pcpi_fast_mul
sky130_fd_sc_hd__a211oi_2,_08721_,picorv32_pcpi_fast_mul
sky130_fd_sc_hd__o211a_2,_08722_,picorv32_pcpi_fast_mul
sky130_fd_sc_hd__nor4_2,_08723_,picorv32_pcpi_fast_mul
sky130_fd_sc_hd__o22a_2,_08724_,picorv32_pcpi_fast_mul
sky130_fd_sc_hd__a211o_2,_08725_,picorv32_pcpi_fast_mul
sky130_fd_sc_hd__o211ai_2,_08726_,picorv32_pcpi_fast_mul
sky130_fd_sc_hd__o211ai_2,_08727_,picorv32_pcpi_fast_mul
sky130_fd_sc_hd__a211o_2,_08728_,picorv32_pcpi_fast_mul
sky130_fd_sc_hd__o211a_2,_08729_,picorv32_pcpi_fast_mul
sky130_fd_sc_hd__a211o_2,_08730_,picorv32_pcpi_fast_mul
sky130_fd_sc_hd__and2b_2,_08731_,picorv32_pcpi_fast_mul
sky130_fd_sc_hd__and2b_2,_08732_,picorv32_pcpi_fast_mul
sky130_fd_sc_hd__xnor2_2,_08733_,picorv32_pcpi_fast_mul
sky130_fd_sc_hd__a31oi_2,_08734_,picorv32_pcpi_fast_mul
sky130_fd_sc_hd__o31a_2,_08735_,picorv32_pcpi_fast_mul
sky130_fd_sc_hd__and2b_2,_08736_,picorv32_pcpi_fast_mul
sky130_fd_sc_hd__and2b_2,_08737_,picorv32_pcpi_fast_mul
sky130_fd_sc_hd__nor2_2,_08738_,picorv32_pcpi_fast_mul
sky130_fd_sc_hd__o21ai_2,_08739_,picorv32_pcpi_fast_mul
sky130_fd_sc_hd__or3_2,_08740_,picorv32_pcpi_fast_mul
sky130_fd_sc_hd__and2_2,_08741_,picorv32_pcpi_fast_mul
sky130_fd_sc_hd__a22oi_2,_08742_,picorv32_pcpi_fast_mul
sky130_fd_sc_hd__nand2_2,_08743_,picorv32_pcpi_fast_mul
sky130_fd_sc_hd__and4_2,_08744_,picorv32_pcpi_fast_mul
sky130_fd_sc_hd__nor2_2,_08745_,picorv32_pcpi_fast_mul
sky130_fd_sc_hd__nand2_2,_08746_,picorv32_pcpi_fast_mul
sky130_fd_sc_hd__xnor2_2,_08747_,picorv32_pcpi_fast_mul
sky130_fd_sc_hd__o21ba_2,_08748_,picorv32_pcpi_fast_mul
sky130_fd_sc_hd__nand2b_2,_08749_,picorv32_pcpi_fast_mul
sky130_fd_sc_hd__xnor2_2,_08750_,picorv32_pcpi_fast_mul
sky130_fd_sc_hd__a22o_2,_08751_,picorv32_pcpi_fast_mul
sky130_fd_sc_hd__nand4_2,_08752_,picorv32_pcpi_fast_mul
sky130_fd_sc_hd__nand3_2,_08753_,picorv32_pcpi_fast_mul
sky130_fd_sc_hd__a21o_2,_08754_,picorv32_pcpi_fast_mul
sky130_fd_sc_hd__nand2_2,_08755_,picorv32_pcpi_fast_mul
sky130_fd_sc_hd__a31oi_2,_08756_,picorv32_pcpi_fast_mul
sky130_fd_sc_hd__nor2_2,_08757_,picorv32_pcpi_fast_mul
sky130_fd_sc_hd__xnor2_2,_08758_,picorv32_pcpi_fast_mul
sky130_fd_sc_hd__a21bo_2,_08759_,picorv32_pcpi_fast_mul
sky130_fd_sc_hd__nand2_2,_08760_,picorv32_pcpi_fast_mul
sky130_fd_sc_hd__o21bai_2,_08761_,picorv32_pcpi_fast_mul
sky130_fd_sc_hd__a22o_2,_08762_,picorv32_pcpi_fast_mul
sky130_fd_sc_hd__and2_2,_08763_,picorv32_pcpi_fast_mul
sky130_fd_sc_hd__nand4_2,_08764_,picorv32_pcpi_fast_mul
sky130_fd_sc_hd__a22o_2,_08765_,picorv32_pcpi_fast_mul
sky130_fd_sc_hd__nand4_2,_08766_,picorv32_pcpi_fast_mul
sky130_fd_sc_hd__nand3_2,_08767_,picorv32_pcpi_fast_mul
sky130_fd_sc_hd__a21o_2,_08768_,picorv32_pcpi_fast_mul
sky130_fd_sc_hd__nand3_2,_08769_,picorv32_pcpi_fast_mul
sky130_fd_sc_hd__a21o_2,_08770_,picorv32_pcpi_fast_mul
sky130_fd_sc_hd__and3_2,_08771_,picorv32_pcpi_fast_mul
sky130_fd_sc_hd__nand3_2,_08772_,picorv32_pcpi_fast_mul
sky130_fd_sc_hd__a21oi_2,_08773_,picorv32_pcpi_fast_mul
sky130_fd_sc_hd__a211o_2,_08774_,picorv32_pcpi_fast_mul
sky130_fd_sc_hd__o211ai_2,_08775_,picorv32_pcpi_fast_mul
sky130_fd_sc_hd__o211a_2,_08776_,picorv32_pcpi_fast_mul
sky130_fd_sc_hd__inv_2,_08777_,picorv32_pcpi_fast_mul
sky130_fd_sc_hd__a211oi_2,_08778_,picorv32_pcpi_fast_mul
sky130_fd_sc_hd__or3_2,_08779_,picorv32_pcpi_fast_mul
sky130_fd_sc_hd__o21ai_2,_08780_,picorv32_pcpi_fast_mul
sky130_fd_sc_hd__o211a_2,_08781_,picorv32_pcpi_fast_mul
sky130_fd_sc_hd__a211oi_2,_08782_,picorv32_pcpi_fast_mul
sky130_fd_sc_hd__a211oi_2,_08783_,picorv32_pcpi_fast_mul
sky130_fd_sc_hd__o211a_2,_08784_,picorv32_pcpi_fast_mul
sky130_fd_sc_hd__a22oi_2,_08785_,picorv32_pcpi_fast_mul
sky130_fd_sc_hd__nand2_2,_08786_,picorv32_pcpi_fast_mul
sky130_fd_sc_hd__and4_2,_08787_,picorv32_pcpi_fast_mul
sky130_fd_sc_hd__o2bb2a_2,_08788_,picorv32_pcpi_fast_mul
sky130_fd_sc_hd__and4bb_2,_08789_,picorv32_pcpi_fast_mul
sky130_fd_sc_hd__nor2_2,_08790_,picorv32_pcpi_fast_mul
sky130_fd_sc_hd__nand2_2,_08791_,picorv32_pcpi_fast_mul
sky130_fd_sc_hd__and2_2,_08792_,picorv32_pcpi_fast_mul
sky130_fd_sc_hd__and4_2,_08793_,picorv32_pcpi_fast_mul
sky130_fd_sc_hd__a22o_2,_08794_,picorv32_pcpi_fast_mul
sky130_fd_sc_hd__and2b_2,_08795_,picorv32_pcpi_fast_mul
sky130_fd_sc_hd__xnor2_2,_08796_,picorv32_pcpi_fast_mul
sky130_fd_sc_hd__nand2_2,_08797_,picorv32_pcpi_fast_mul
sky130_fd_sc_hd__and2_2,_08798_,picorv32_pcpi_fast_mul
sky130_fd_sc_hd__xor2_2,_08799_,picorv32_pcpi_fast_mul
sky130_fd_sc_hd__and2_2,_08800_,picorv32_pcpi_fast_mul
sky130_fd_sc_hd__nor2_2,_08801_,picorv32_pcpi_fast_mul
sky130_fd_sc_hd__or2_2,_08802_,picorv32_pcpi_fast_mul
sky130_fd_sc_hd__nand2_2,_08803_,picorv32_pcpi_fast_mul
sky130_fd_sc_hd__o21ba_2,_08804_,picorv32_pcpi_fast_mul
sky130_fd_sc_hd__a22o_2,_08805_,picorv32_pcpi_fast_mul
sky130_fd_sc_hd__and3_2,_08806_,picorv32_pcpi_fast_mul
sky130_fd_sc_hd__a21bo_2,_08807_,picorv32_pcpi_fast_mul
sky130_fd_sc_hd__and2_2,_08808_,picorv32_pcpi_fast_mul
sky130_fd_sc_hd__xnor2_2,_08809_,picorv32_pcpi_fast_mul
sky130_fd_sc_hd__nand2b_2,_08810_,picorv32_pcpi_fast_mul
sky130_fd_sc_hd__xnor2_2,_08811_,picorv32_pcpi_fast_mul
sky130_fd_sc_hd__nand2_2,_08812_,picorv32_pcpi_fast_mul
sky130_fd_sc_hd__xnor2_2,_08813_,picorv32_pcpi_fast_mul
sky130_fd_sc_hd__a21o_2,_08814_,picorv32_pcpi_fast_mul
sky130_fd_sc_hd__nand3_2,_08815_,picorv32_pcpi_fast_mul
sky130_fd_sc_hd__nand3b_2,_08816_,picorv32_pcpi_fast_mul
sky130_fd_sc_hd__a21bo_2,_08817_,picorv32_pcpi_fast_mul
sky130_fd_sc_hd__o211a_2,_08818_,picorv32_pcpi_fast_mul
sky130_fd_sc_hd__o211ai_2,_08819_,picorv32_pcpi_fast_mul
sky130_fd_sc_hd__a211o_2,_08820_,picorv32_pcpi_fast_mul
sky130_fd_sc_hd__o211a_2,_08821_,picorv32_pcpi_fast_mul
sky130_fd_sc_hd__a211oi_2,_08822_,picorv32_pcpi_fast_mul
sky130_fd_sc_hd__nand2_2,_08823_,picorv32_pcpi_fast_mul
sky130_fd_sc_hd__and2_2,_08824_,picorv32_pcpi_fast_mul
sky130_fd_sc_hd__and4_2,_08825_,picorv32_pcpi_fast_mul
sky130_fd_sc_hd__a22o_2,_08826_,picorv32_pcpi_fast_mul
sky130_fd_sc_hd__and2b_2,_08827_,picorv32_pcpi_fast_mul
sky130_fd_sc_hd__xnor2_2,_08828_,picorv32_pcpi_fast_mul
sky130_fd_sc_hd__nand2_2,_08829_,picorv32_pcpi_fast_mul
sky130_fd_sc_hd__and2_2,_08830_,picorv32_pcpi_fast_mul
sky130_fd_sc_hd__and4_2,_08831_,picorv32_pcpi_fast_mul
sky130_fd_sc_hd__a22o_2,_08832_,picorv32_pcpi_fast_mul
sky130_fd_sc_hd__and2b_2,_08833_,picorv32_pcpi_fast_mul
sky130_fd_sc_hd__xnor2_2,_08834_,picorv32_pcpi_fast_mul
sky130_fd_sc_hd__o21ba_2,_08835_,picorv32_pcpi_fast_mul
sky130_fd_sc_hd__and2b_2,_08836_,picorv32_pcpi_fast_mul
sky130_fd_sc_hd__xnor2_2,_08837_,picorv32_pcpi_fast_mul
sky130_fd_sc_hd__and2_2,_08838_,picorv32_pcpi_fast_mul
sky130_fd_sc_hd__xnor2_2,_08839_,picorv32_pcpi_fast_mul
sky130_fd_sc_hd__a21o_2,_08840_,picorv32_pcpi_fast_mul
sky130_fd_sc_hd__nand3_2,_08841_,picorv32_pcpi_fast_mul
sky130_fd_sc_hd__o211ai_2,_08842_,picorv32_pcpi_fast_mul
sky130_fd_sc_hd__a211o_2,_08843_,picorv32_pcpi_fast_mul
sky130_fd_sc_hd__a31o_2,_08844_,picorv32_pcpi_fast_mul
sky130_fd_sc_hd__o21bai_2,_08845_,picorv32_pcpi_fast_mul
sky130_fd_sc_hd__a22o_2,_08846_,picorv32_pcpi_fast_mul
sky130_fd_sc_hd__nand4_2,_08847_,picorv32_pcpi_fast_mul
sky130_fd_sc_hd__a22o_2,_08848_,picorv32_pcpi_fast_mul
sky130_fd_sc_hd__nand4_2,_08849_,picorv32_pcpi_fast_mul
sky130_fd_sc_hd__and3_2,_08850_,picorv32_pcpi_fast_mul
sky130_fd_sc_hd__a21o_2,_08851_,picorv32_pcpi_fast_mul
sky130_fd_sc_hd__and2b_2,_08852_,picorv32_pcpi_fast_mul
sky130_fd_sc_hd__xor2_2,_08853_,picorv32_pcpi_fast_mul
sky130_fd_sc_hd__nand2_2,_08854_,picorv32_pcpi_fast_mul
sky130_fd_sc_hd__and2_2,_08855_,picorv32_pcpi_fast_mul
sky130_fd_sc_hd__and4_2,_08856_,picorv32_pcpi_fast_mul
sky130_fd_sc_hd__a22o_2,_08857_,picorv32_pcpi_fast_mul
sky130_fd_sc_hd__and2b_2,_08858_,picorv32_pcpi_fast_mul
sky130_fd_sc_hd__xnor2_2,_08859_,picorv32_pcpi_fast_mul
sky130_fd_sc_hd__nand2_2,_08860_,picorv32_pcpi_fast_mul
sky130_fd_sc_hd__nand2_2,_08861_,picorv32_pcpi_fast_mul
sky130_fd_sc_hd__and4_2,_08862_,picorv32_pcpi_fast_mul
sky130_fd_sc_hd__a22oi_2,_08863_,picorv32_pcpi_fast_mul
sky130_fd_sc_hd__nor3_2,_08864_,picorv32_pcpi_fast_mul
sky130_fd_sc_hd__or3_2,_08865_,picorv32_pcpi_fast_mul
sky130_fd_sc_hd__o21ai_2,_08866_,picorv32_pcpi_fast_mul
sky130_fd_sc_hd__o21bai_2,_08867_,picorv32_pcpi_fast_mul
sky130_fd_sc_hd__nand3_2,_08868_,picorv32_pcpi_fast_mul
sky130_fd_sc_hd__a21o_2,_08869_,picorv32_pcpi_fast_mul
sky130_fd_sc_hd__nand3_2,_08870_,picorv32_pcpi_fast_mul
sky130_fd_sc_hd__a21o_2,_08871_,picorv32_pcpi_fast_mul
sky130_fd_sc_hd__a21bo_2,_08872_,picorv32_pcpi_fast_mul
sky130_fd_sc_hd__nand3_2,_08873_,picorv32_pcpi_fast_mul
sky130_fd_sc_hd__a21o_2,_08874_,picorv32_pcpi_fast_mul
sky130_fd_sc_hd__and3_2,_08875_,picorv32_pcpi_fast_mul
sky130_fd_sc_hd__nand3_2,_08876_,picorv32_pcpi_fast_mul
sky130_fd_sc_hd__a21oi_2,_08877_,picorv32_pcpi_fast_mul
sky130_fd_sc_hd__a211oi_2,_08878_,picorv32_pcpi_fast_mul
sky130_fd_sc_hd__a211o_2,_08879_,picorv32_pcpi_fast_mul
sky130_fd_sc_hd__o211ai_2,_08880_,picorv32_pcpi_fast_mul
sky130_fd_sc_hd__and4_2,_08881_,picorv32_pcpi_fast_mul
sky130_fd_sc_hd__a22oi_2,_08882_,picorv32_pcpi_fast_mul
sky130_fd_sc_hd__a211o_2,_08883_,picorv32_pcpi_fast_mul
sky130_fd_sc_hd__o211ai_2,_08884_,picorv32_pcpi_fast_mul
sky130_fd_sc_hd__or4bb_2,_08885_,picorv32_pcpi_fast_mul
sky130_fd_sc_hd__a2bb2o_2,_08886_,picorv32_pcpi_fast_mul
sky130_fd_sc_hd__o211ai_2,_08887_,picorv32_pcpi_fast_mul
sky130_fd_sc_hd__a211o_2,_08888_,picorv32_pcpi_fast_mul
sky130_fd_sc_hd__or4bb_2,_08889_,picorv32_pcpi_fast_mul
sky130_fd_sc_hd__a2bb2o_2,_08890_,picorv32_pcpi_fast_mul
sky130_fd_sc_hd__o211ai_2,_08891_,picorv32_pcpi_fast_mul
sky130_fd_sc_hd__a211o_2,_08892_,picorv32_pcpi_fast_mul
sky130_fd_sc_hd__and3_2,_08893_,picorv32_pcpi_fast_mul
sky130_fd_sc_hd__a21oi_2,_08894_,picorv32_pcpi_fast_mul
sky130_fd_sc_hd__a211o_2,_08895_,picorv32_pcpi_fast_mul
sky130_fd_sc_hd__o211ai_2,_08896_,picorv32_pcpi_fast_mul
sky130_fd_sc_hd__a21oi_2,_08897_,picorv32_pcpi_fast_mul
sky130_fd_sc_hd__a21o_2,_08898_,picorv32_pcpi_fast_mul
sky130_fd_sc_hd__and3_2,_08899_,picorv32_pcpi_fast_mul
sky130_fd_sc_hd__nor2_2,_08900_,picorv32_pcpi_fast_mul
sky130_fd_sc_hd__nor2_2,_08901_,picorv32_pcpi_fast_mul
sky130_fd_sc_hd__xnor2_2,_08902_,picorv32_pcpi_fast_mul
sky130_fd_sc_hd__nor2_2,_08903_,picorv32_pcpi_fast_mul
sky130_fd_sc_hd__or3_2,_08904_,picorv32_pcpi_fast_mul
sky130_fd_sc_hd__xnor2_2,_08905_,picorv32_pcpi_fast_mul
sky130_fd_sc_hd__nor2_2,_08906_,picorv32_pcpi_fast_mul
sky130_fd_sc_hd__nand2_2,_08907_,picorv32_pcpi_fast_mul
sky130_fd_sc_hd__xnor2_2,_08908_,picorv32_pcpi_fast_mul
sky130_fd_sc_hd__a22oi_2,_08909_,picorv32_pcpi_fast_mul
sky130_fd_sc_hd__and4_2,_08910_,picorv32_pcpi_fast_mul
sky130_fd_sc_hd__nor2_2,_08911_,picorv32_pcpi_fast_mul
sky130_fd_sc_hd__xnor2_2,_08912_,picorv32_pcpi_fast_mul
sky130_fd_sc_hd__o21ba_2,_08913_,picorv32_pcpi_fast_mul
sky130_fd_sc_hd__nand2b_2,_08914_,picorv32_pcpi_fast_mul
sky130_fd_sc_hd__xnor2_2,_08915_,picorv32_pcpi_fast_mul
sky130_fd_sc_hd__a22o_2,_08916_,picorv32_pcpi_fast_mul
sky130_fd_sc_hd__and2_2,_08917_,picorv32_pcpi_fast_mul
sky130_fd_sc_hd__nand2b_2,_08918_,picorv32_pcpi_fast_mul
sky130_fd_sc_hd__a22o_2,_08919_,picorv32_pcpi_fast_mul
sky130_fd_sc_hd__nand4_2,_08920_,picorv32_pcpi_fast_mul
sky130_fd_sc_hd__and2_2,_08921_,picorv32_pcpi_fast_mul
sky130_fd_sc_hd__nand2_2,_08922_,picorv32_pcpi_fast_mul
sky130_fd_sc_hd__xnor2_2,_08923_,picorv32_pcpi_fast_mul
sky130_fd_sc_hd__a21o_2,_08924_,picorv32_pcpi_fast_mul
sky130_fd_sc_hd__nand3_2,_08925_,picorv32_pcpi_fast_mul
sky130_fd_sc_hd__nand2_2,_08926_,picorv32_pcpi_fast_mul
sky130_fd_sc_hd__xnor2_2,_08927_,picorv32_pcpi_fast_mul
sky130_fd_sc_hd__nand2_2,_08928_,picorv32_pcpi_fast_mul
sky130_fd_sc_hd__nor2_2,_08929_,picorv32_pcpi_fast_mul
sky130_fd_sc_hd__a22o_2,_08930_,picorv32_pcpi_fast_mul
sky130_fd_sc_hd__and3_2,_08931_,picorv32_pcpi_fast_mul
sky130_fd_sc_hd__a21bo_2,_08932_,picorv32_pcpi_fast_mul
sky130_fd_sc_hd__xnor2_2,_08933_,picorv32_pcpi_fast_mul
sky130_fd_sc_hd__nand2b_2,_08934_,picorv32_pcpi_fast_mul
sky130_fd_sc_hd__xnor2_2,_08935_,picorv32_pcpi_fast_mul
sky130_fd_sc_hd__nand2_2,_08936_,picorv32_pcpi_fast_mul
sky130_fd_sc_hd__xor2_2,_08937_,picorv32_pcpi_fast_mul
sky130_fd_sc_hd__o21a_2,_08938_,picorv32_pcpi_fast_mul
sky130_fd_sc_hd__nor3_2,_08939_,picorv32_pcpi_fast_mul
sky130_fd_sc_hd__a211oi_2,_08940_,picorv32_pcpi_fast_mul
sky130_fd_sc_hd__o211a_2,_08941_,picorv32_pcpi_fast_mul
sky130_fd_sc_hd__a211oi_2,_08942_,picorv32_pcpi_fast_mul
sky130_fd_sc_hd__o211a_2,_08943_,picorv32_pcpi_fast_mul
sky130_fd_sc_hd__nor3_2,_08944_,picorv32_pcpi_fast_mul
sky130_fd_sc_hd__or3_2,_08945_,picorv32_pcpi_fast_mul
sky130_fd_sc_hd__o21ai_2,_08946_,picorv32_pcpi_fast_mul
sky130_fd_sc_hd__o211a_2,_08947_,picorv32_pcpi_fast_mul
sky130_fd_sc_hd__a211oi_2,_08948_,picorv32_pcpi_fast_mul
sky130_fd_sc_hd__a211oi_2,_08949_,picorv32_pcpi_fast_mul
sky130_fd_sc_hd__o211a_2,_08950_,picorv32_pcpi_fast_mul
sky130_fd_sc_hd__a22o_2,_08951_,picorv32_pcpi_fast_mul
sky130_fd_sc_hd__nand2_2,_08952_,picorv32_pcpi_fast_mul
sky130_fd_sc_hd__and4_2,_08953_,picorv32_pcpi_fast_mul
sky130_fd_sc_hd__o21a_2,_08954_,picorv32_pcpi_fast_mul
sky130_fd_sc_hd__xnor2_2,_08955_,picorv32_pcpi_fast_mul
sky130_fd_sc_hd__a22o_2,_08956_,picorv32_pcpi_fast_mul
sky130_fd_sc_hd__nand4_2,_08957_,picorv32_pcpi_fast_mul
sky130_fd_sc_hd__a21o_2,_08958_,picorv32_pcpi_fast_mul
sky130_fd_sc_hd__nand3_2,_08959_,picorv32_pcpi_fast_mul
sky130_fd_sc_hd__a31o_2,_08960_,picorv32_pcpi_fast_mul
sky130_fd_sc_hd__and3_2,_08961_,picorv32_pcpi_fast_mul
sky130_fd_sc_hd__a21o_2,_08962_,picorv32_pcpi_fast_mul
sky130_fd_sc_hd__and2b_2,_08963_,picorv32_pcpi_fast_mul
sky130_fd_sc_hd__xnor2_2,_08964_,picorv32_pcpi_fast_mul
sky130_fd_sc_hd__a22o_2,_08965_,picorv32_pcpi_fast_mul
sky130_fd_sc_hd__a31o_2,_08966_,picorv32_pcpi_fast_mul
sky130_fd_sc_hd__a22o_2,_08967_,picorv32_pcpi_fast_mul
sky130_fd_sc_hd__nand4_2,_08968_,picorv32_pcpi_fast_mul
sky130_fd_sc_hd__a22o_2,_08969_,picorv32_pcpi_fast_mul
sky130_fd_sc_hd__nand4_2,_08970_,picorv32_pcpi_fast_mul
sky130_fd_sc_hd__and3_2,_08971_,picorv32_pcpi_fast_mul
sky130_fd_sc_hd__a21o_2,_08972_,picorv32_pcpi_fast_mul
sky130_fd_sc_hd__and2b_2,_08973_,picorv32_pcpi_fast_mul
sky130_fd_sc_hd__xnor2_2,_08974_,picorv32_pcpi_fast_mul
sky130_fd_sc_hd__a21oi_2,_08975_,picorv32_pcpi_fast_mul
sky130_fd_sc_hd__and3_2,_08976_,picorv32_pcpi_fast_mul
sky130_fd_sc_hd__nor3_2,_08977_,picorv32_pcpi_fast_mul
sky130_fd_sc_hd__o21a_2,_08978_,picorv32_pcpi_fast_mul
sky130_fd_sc_hd__a211oi_2,_08979_,picorv32_pcpi_fast_mul
sky130_fd_sc_hd__inv_2,_08980_,picorv32_pcpi_fast_mul
sky130_fd_sc_hd__o211a_2,_08981_,picorv32_pcpi_fast_mul
sky130_fd_sc_hd__a211oi_2,_08982_,picorv32_pcpi_fast_mul
sky130_fd_sc_hd__a211o_2,_08983_,picorv32_pcpi_fast_mul
sky130_fd_sc_hd__o211a_2,_08984_,picorv32_pcpi_fast_mul
sky130_fd_sc_hd__a21o_2,_08985_,picorv32_pcpi_fast_mul
sky130_fd_sc_hd__a22o_2,_08986_,picorv32_pcpi_fast_mul
sky130_fd_sc_hd__and3_2,_08987_,picorv32_pcpi_fast_mul
sky130_fd_sc_hd__a21bo_2,_08988_,picorv32_pcpi_fast_mul
sky130_fd_sc_hd__xnor2_2,_08989_,picorv32_pcpi_fast_mul
sky130_fd_sc_hd__a22o_2,_08990_,picorv32_pcpi_fast_mul
sky130_fd_sc_hd__nand4_2,_08991_,picorv32_pcpi_fast_mul
sky130_fd_sc_hd__a21o_2,_08992_,picorv32_pcpi_fast_mul
sky130_fd_sc_hd__nand3_2,_08993_,picorv32_pcpi_fast_mul
sky130_fd_sc_hd__a31o_2,_08994_,picorv32_pcpi_fast_mul
sky130_fd_sc_hd__nand3_2,_08995_,picorv32_pcpi_fast_mul
sky130_fd_sc_hd__a21o_2,_08996_,picorv32_pcpi_fast_mul
sky130_fd_sc_hd__nand3_2,_08997_,picorv32_pcpi_fast_mul
sky130_fd_sc_hd__a21o_2,_08998_,picorv32_pcpi_fast_mul
sky130_fd_sc_hd__nand3_2,_08999_,picorv32_pcpi_fast_mul
sky130_fd_sc_hd__a21o_2,_09000_,picorv32_pcpi_fast_mul
sky130_fd_sc_hd__o211ai_2,_09001_,picorv32_pcpi_fast_mul
sky130_fd_sc_hd__a211o_2,_09002_,picorv32_pcpi_fast_mul
sky130_fd_sc_hd__nand2_2,_09003_,picorv32_pcpi_fast_mul
sky130_fd_sc_hd__nand2_2,_09004_,picorv32_pcpi_fast_mul
sky130_fd_sc_hd__a31o_2,_09005_,picorv32_pcpi_fast_mul
sky130_fd_sc_hd__a22o_2,_09006_,picorv32_pcpi_fast_mul
sky130_fd_sc_hd__nand4_2,_09007_,picorv32_pcpi_fast_mul
sky130_fd_sc_hd__a22o_2,_09008_,picorv32_pcpi_fast_mul
sky130_fd_sc_hd__nand4_2,_09009_,picorv32_pcpi_fast_mul
sky130_fd_sc_hd__and3_2,_09010_,picorv32_pcpi_fast_mul
sky130_fd_sc_hd__a21o_2,_09011_,picorv32_pcpi_fast_mul
sky130_fd_sc_hd__and2b_2,_09012_,picorv32_pcpi_fast_mul
sky130_fd_sc_hd__xor2_2,_09013_,picorv32_pcpi_fast_mul
sky130_fd_sc_hd__and3_2,_09014_,picorv32_pcpi_fast_mul
sky130_fd_sc_hd__a22o_2,_09015_,picorv32_pcpi_fast_mul
sky130_fd_sc_hd__a21bo_2,_09016_,picorv32_pcpi_fast_mul
sky130_fd_sc_hd__xnor2_2,_09017_,picorv32_pcpi_fast_mul
sky130_fd_sc_hd__a21oi_2,_09018_,picorv32_pcpi_fast_mul
sky130_fd_sc_hd__and3_2,_09019_,picorv32_pcpi_fast_mul
sky130_fd_sc_hd__or3_2,_09020_,picorv32_pcpi_fast_mul
sky130_fd_sc_hd__o21ai_2,_09021_,picorv32_pcpi_fast_mul
sky130_fd_sc_hd__o211ai_2,_09022_,picorv32_pcpi_fast_mul
sky130_fd_sc_hd__a211o_2,_09023_,picorv32_pcpi_fast_mul
sky130_fd_sc_hd__nand3_2,_09024_,picorv32_pcpi_fast_mul
sky130_fd_sc_hd__a21o_2,_09025_,picorv32_pcpi_fast_mul
sky130_fd_sc_hd__a21bo_2,_09026_,picorv32_pcpi_fast_mul
sky130_fd_sc_hd__nand3_2,_09027_,picorv32_pcpi_fast_mul
sky130_fd_sc_hd__a21o_2,_09028_,picorv32_pcpi_fast_mul
sky130_fd_sc_hd__and3_2,_09029_,picorv32_pcpi_fast_mul
sky130_fd_sc_hd__nand3_2,_09030_,picorv32_pcpi_fast_mul
sky130_fd_sc_hd__a21oi_2,_09031_,picorv32_pcpi_fast_mul
sky130_fd_sc_hd__a211o_2,_09032_,picorv32_pcpi_fast_mul
sky130_fd_sc_hd__o211ai_2,_09033_,picorv32_pcpi_fast_mul
sky130_fd_sc_hd__nand3b_2,_09034_,picorv32_pcpi_fast_mul
sky130_fd_sc_hd__a21bo_2,_09035_,picorv32_pcpi_fast_mul
sky130_fd_sc_hd__o211a_2,_09036_,picorv32_pcpi_fast_mul
sky130_fd_sc_hd__a211oi_2,_09037_,picorv32_pcpi_fast_mul
sky130_fd_sc_hd__nor4_2,_09038_,picorv32_pcpi_fast_mul
sky130_fd_sc_hd__o22a_2,_09039_,picorv32_pcpi_fast_mul
sky130_fd_sc_hd__a211oi_2,_09040_,picorv32_pcpi_fast_mul
sky130_fd_sc_hd__inv_2,_09041_,picorv32_pcpi_fast_mul
sky130_fd_sc_hd__o211a_2,_09042_,picorv32_pcpi_fast_mul
sky130_fd_sc_hd__nor4_2,_09043_,picorv32_pcpi_fast_mul
sky130_fd_sc_hd__or4_2,_09044_,picorv32_pcpi_fast_mul
sky130_fd_sc_hd__o22a_2,_09045_,picorv32_pcpi_fast_mul
sky130_fd_sc_hd__a211oi_2,_09046_,picorv32_pcpi_fast_mul
sky130_fd_sc_hd__o211a_2,_09047_,picorv32_pcpi_fast_mul
sky130_fd_sc_hd__nor3_2,_09048_,picorv32_pcpi_fast_mul
sky130_fd_sc_hd__or3_2,_09049_,picorv32_pcpi_fast_mul
sky130_fd_sc_hd__o21ai_2,_09050_,picorv32_pcpi_fast_mul
sky130_fd_sc_hd__a21bo_2,_09051_,picorv32_pcpi_fast_mul
sky130_fd_sc_hd__and3_2,_09052_,picorv32_pcpi_fast_mul
sky130_fd_sc_hd__nand3_2,_09053_,picorv32_pcpi_fast_mul
sky130_fd_sc_hd__a21oi_2,_09054_,picorv32_pcpi_fast_mul
sky130_fd_sc_hd__or3_2,_09055_,picorv32_pcpi_fast_mul
sky130_fd_sc_hd__o21ai_2,_09056_,picorv32_pcpi_fast_mul
sky130_fd_sc_hd__nand3b_2,_09057_,picorv32_pcpi_fast_mul
sky130_fd_sc_hd__a21bo_2,_09058_,picorv32_pcpi_fast_mul
sky130_fd_sc_hd__and2_2,_09059_,picorv32_pcpi_fast_mul
sky130_fd_sc_hd__and4bb_2,_09060_,picorv32_pcpi_fast_mul
sky130_fd_sc_hd__a31o_2,_09061_,picorv32_pcpi_fast_mul
sky130_fd_sc_hd__a21o_2,_09062_,picorv32_pcpi_fast_mul
sky130_fd_sc_hd__and4bb_2,_09063_,picorv32_pcpi_fast_mul
sky130_fd_sc_hd__a211o_2,_09064_,picorv32_pcpi_fast_mul
sky130_fd_sc_hd__a211o_2,_09065_,picorv32_pcpi_fast_mul
sky130_fd_sc_hd__a41o_2,_09066_,picorv32_pcpi_fast_mul
sky130_fd_sc_hd__and2_2,_09067_,picorv32_pcpi_fast_mul
sky130_fd_sc_hd__xor2_2,_09068_,picorv32_pcpi_fast_mul
sky130_fd_sc_hd__o21a_2,_09069_,picorv32_pcpi_fast_mul
sky130_fd_sc_hd__o21ba_2,_09070_,picorv32_pcpi_fast_mul
sky130_fd_sc_hd__or3b_2,_09071_,picorv32_pcpi_fast_mul
sky130_fd_sc_hd__and2b_2,_09072_,picorv32_pcpi_fast_mul
sky130_fd_sc_hd__a21o_2,_09073_,picorv32_pcpi_fast_mul
sky130_fd_sc_hd__nand3_2,_09074_,picorv32_pcpi_fast_mul
sky130_fd_sc_hd__nand2_2,_09075_,picorv32_pcpi_fast_mul
sky130_fd_sc_hd__nor2_2,_09076_,picorv32_pcpi_fast_mul
sky130_fd_sc_hd__or3_2,_09077_,picorv32_pcpi_fast_mul
sky130_fd_sc_hd__xnor2_2,_09078_,picorv32_pcpi_fast_mul
sky130_fd_sc_hd__a22oi_2,_09079_,picorv32_pcpi_fast_mul
sky130_fd_sc_hd__and4_2,_09080_,picorv32_pcpi_fast_mul
sky130_fd_sc_hd__nor2_2,_09081_,picorv32_pcpi_fast_mul
sky130_fd_sc_hd__nand2_2,_09082_,picorv32_pcpi_fast_mul
sky130_fd_sc_hd__xnor2_2,_09083_,picorv32_pcpi_fast_mul
sky130_fd_sc_hd__o21ba_2,_09084_,picorv32_pcpi_fast_mul
sky130_fd_sc_hd__nand2b_2,_09085_,picorv32_pcpi_fast_mul
sky130_fd_sc_hd__xnor2_2,_09086_,picorv32_pcpi_fast_mul
sky130_fd_sc_hd__nand2_2,_09087_,picorv32_pcpi_fast_mul
sky130_fd_sc_hd__or2_2,_09088_,picorv32_pcpi_fast_mul
sky130_fd_sc_hd__nand2_2,_09089_,picorv32_pcpi_fast_mul
sky130_fd_sc_hd__a21oi_2,_09090_,picorv32_pcpi_fast_mul
sky130_fd_sc_hd__and3_2,_09091_,picorv32_pcpi_fast_mul
sky130_fd_sc_hd__a211oi_2,_09092_,picorv32_pcpi_fast_mul
sky130_fd_sc_hd__o211a_2,_09093_,picorv32_pcpi_fast_mul
sky130_fd_sc_hd__a21o_2,_09094_,picorv32_pcpi_fast_mul
sky130_fd_sc_hd__a22o_2,_09095_,picorv32_pcpi_fast_mul
sky130_fd_sc_hd__a31o_2,_09096_,picorv32_pcpi_fast_mul
sky130_fd_sc_hd__a22o_2,_09097_,picorv32_pcpi_fast_mul
sky130_fd_sc_hd__nand4_2,_09098_,picorv32_pcpi_fast_mul
sky130_fd_sc_hd__a22o_2,_09099_,picorv32_pcpi_fast_mul
sky130_fd_sc_hd__nand4_2,_09100_,picorv32_pcpi_fast_mul
sky130_fd_sc_hd__nand3_2,_09101_,picorv32_pcpi_fast_mul
sky130_fd_sc_hd__a21o_2,_09102_,picorv32_pcpi_fast_mul
sky130_fd_sc_hd__nand3_2,_09103_,picorv32_pcpi_fast_mul
sky130_fd_sc_hd__a21o_2,_09104_,picorv32_pcpi_fast_mul
sky130_fd_sc_hd__and3_2,_09105_,picorv32_pcpi_fast_mul
sky130_fd_sc_hd__a21oi_2,_09106_,picorv32_pcpi_fast_mul
sky130_fd_sc_hd__a211oi_2,_09107_,picorv32_pcpi_fast_mul
sky130_fd_sc_hd__inv_2,_09108_,picorv32_pcpi_fast_mul
sky130_fd_sc_hd__o211ai_2,_09109_,picorv32_pcpi_fast_mul
sky130_fd_sc_hd__o211a_2,_09110_,picorv32_pcpi_fast_mul
sky130_fd_sc_hd__a211oi_2,_09111_,picorv32_pcpi_fast_mul
sky130_fd_sc_hd__nor4_2,_09112_,picorv32_pcpi_fast_mul
sky130_fd_sc_hd__o22a_2,_09113_,picorv32_pcpi_fast_mul
sky130_fd_sc_hd__a211o_2,_09114_,picorv32_pcpi_fast_mul
sky130_fd_sc_hd__o211ai_2,_09115_,picorv32_pcpi_fast_mul
sky130_fd_sc_hd__o211a_2,_09116_,picorv32_pcpi_fast_mul
sky130_fd_sc_hd__o211ai_2,_09117_,picorv32_pcpi_fast_mul
sky130_fd_sc_hd__a211oi_2,_09118_,picorv32_pcpi_fast_mul
sky130_fd_sc_hd__o21ba_2,_09119_,picorv32_pcpi_fast_mul
sky130_fd_sc_hd__a22o_2,_09120_,picorv32_pcpi_fast_mul
sky130_fd_sc_hd__and3_2,_09121_,picorv32_pcpi_fast_mul
sky130_fd_sc_hd__a21bo_2,_09122_,picorv32_pcpi_fast_mul
sky130_fd_sc_hd__nand2_2,_09123_,picorv32_pcpi_fast_mul
sky130_fd_sc_hd__xor2_2,_09124_,picorv32_pcpi_fast_mul
sky130_fd_sc_hd__and2_2,_09125_,picorv32_pcpi_fast_mul
sky130_fd_sc_hd__nand4_2,_09126_,picorv32_pcpi_fast_mul
sky130_fd_sc_hd__a22o_2,_09127_,picorv32_pcpi_fast_mul
sky130_fd_sc_hd__nand3_2,_09128_,picorv32_pcpi_fast_mul
sky130_fd_sc_hd__a21o_2,_09129_,picorv32_pcpi_fast_mul
sky130_fd_sc_hd__a21bo_2,_09130_,picorv32_pcpi_fast_mul
sky130_fd_sc_hd__and3_2,_09131_,picorv32_pcpi_fast_mul
sky130_fd_sc_hd__a21o_2,_09132_,picorv32_pcpi_fast_mul
sky130_fd_sc_hd__and2b_2,_09133_,picorv32_pcpi_fast_mul
sky130_fd_sc_hd__xnor2_2,_09134_,picorv32_pcpi_fast_mul
sky130_fd_sc_hd__nand2_2,_09135_,picorv32_pcpi_fast_mul
sky130_fd_sc_hd__a22o_2,_09136_,picorv32_pcpi_fast_mul
sky130_fd_sc_hd__a22o_2,_09137_,picorv32_pcpi_fast_mul
sky130_fd_sc_hd__nand4_2,_09138_,picorv32_pcpi_fast_mul
sky130_fd_sc_hd__a22o_2,_09139_,picorv32_pcpi_fast_mul
sky130_fd_sc_hd__nand4_2,_09140_,picorv32_pcpi_fast_mul
sky130_fd_sc_hd__nand3_2,_09141_,picorv32_pcpi_fast_mul
sky130_fd_sc_hd__a21o_2,_09142_,picorv32_pcpi_fast_mul
sky130_fd_sc_hd__nand3_2,_09143_,picorv32_pcpi_fast_mul
sky130_fd_sc_hd__a21o_2,_09144_,picorv32_pcpi_fast_mul
sky130_fd_sc_hd__a21o_2,_09145_,picorv32_pcpi_fast_mul
sky130_fd_sc_hd__and3_2,_09146_,picorv32_pcpi_fast_mul
sky130_fd_sc_hd__a21oi_2,_09147_,picorv32_pcpi_fast_mul
sky130_fd_sc_hd__nor3_2,_09148_,picorv32_pcpi_fast_mul
sky130_fd_sc_hd__o21a_2,_09149_,picorv32_pcpi_fast_mul
sky130_fd_sc_hd__a211oi_2,_09150_,picorv32_pcpi_fast_mul
sky130_fd_sc_hd__o211a_2,_09151_,picorv32_pcpi_fast_mul
sky130_fd_sc_hd__nor3_2,_09152_,picorv32_pcpi_fast_mul
sky130_fd_sc_hd__o21a_2,_09153_,picorv32_pcpi_fast_mul
sky130_fd_sc_hd__a21o_2,_09154_,picorv32_pcpi_fast_mul
sky130_fd_sc_hd__nand2_2,_09155_,picorv32_pcpi_fast_mul
sky130_fd_sc_hd__and4_2,_09156_,picorv32_pcpi_fast_mul
sky130_fd_sc_hd__a22o_2,_09157_,picorv32_pcpi_fast_mul
sky130_fd_sc_hd__and2b_2,_09158_,picorv32_pcpi_fast_mul
sky130_fd_sc_hd__xnor2_2,_09159_,picorv32_pcpi_fast_mul
sky130_fd_sc_hd__and2_2,_09160_,picorv32_pcpi_fast_mul
sky130_fd_sc_hd__nand4_2,_09161_,picorv32_pcpi_fast_mul
sky130_fd_sc_hd__a22o_2,_09162_,picorv32_pcpi_fast_mul
sky130_fd_sc_hd__nand3_2,_09163_,picorv32_pcpi_fast_mul
sky130_fd_sc_hd__a21o_2,_09164_,picorv32_pcpi_fast_mul
sky130_fd_sc_hd__a21bo_2,_09165_,picorv32_pcpi_fast_mul
sky130_fd_sc_hd__nand3_2,_09166_,picorv32_pcpi_fast_mul
sky130_fd_sc_hd__a21o_2,_09167_,picorv32_pcpi_fast_mul
sky130_fd_sc_hd__nand3_2,_09168_,picorv32_pcpi_fast_mul
sky130_fd_sc_hd__a21o_2,_09169_,picorv32_pcpi_fast_mul
sky130_fd_sc_hd__and3_2,_09170_,picorv32_pcpi_fast_mul
sky130_fd_sc_hd__nand3_2,_09171_,picorv32_pcpi_fast_mul
sky130_fd_sc_hd__a21oi_2,_09172_,picorv32_pcpi_fast_mul
sky130_fd_sc_hd__a211o_2,_09173_,picorv32_pcpi_fast_mul
sky130_fd_sc_hd__o211ai_2,_09174_,picorv32_pcpi_fast_mul
sky130_fd_sc_hd__nand2_2,_09175_,picorv32_pcpi_fast_mul
sky130_fd_sc_hd__nand2_2,_09176_,picorv32_pcpi_fast_mul
sky130_fd_sc_hd__a22o_2,_09177_,picorv32_pcpi_fast_mul
sky130_fd_sc_hd__nand4_2,_09178_,picorv32_pcpi_fast_mul
sky130_fd_sc_hd__a22o_2,_09179_,picorv32_pcpi_fast_mul
sky130_fd_sc_hd__nand4_2,_09180_,picorv32_pcpi_fast_mul
sky130_fd_sc_hd__a22o_2,_09181_,picorv32_pcpi_fast_mul
sky130_fd_sc_hd__and3_2,_09182_,picorv32_pcpi_fast_mul
sky130_fd_sc_hd__a21o_2,_09183_,picorv32_pcpi_fast_mul
sky130_fd_sc_hd__and2b_2,_09184_,picorv32_pcpi_fast_mul
sky130_fd_sc_hd__xor2_2,_09185_,picorv32_pcpi_fast_mul
sky130_fd_sc_hd__nand2_2,_09186_,picorv32_pcpi_fast_mul
sky130_fd_sc_hd__and3_2,_09187_,picorv32_pcpi_fast_mul
sky130_fd_sc_hd__and4_2,_09188_,picorv32_pcpi_fast_mul
sky130_fd_sc_hd__a22o_2,_09189_,picorv32_pcpi_fast_mul
sky130_fd_sc_hd__and2b_2,_09190_,picorv32_pcpi_fast_mul
sky130_fd_sc_hd__xnor2_2,_09191_,picorv32_pcpi_fast_mul
sky130_fd_sc_hd__nand3_2,_09192_,picorv32_pcpi_fast_mul
sky130_fd_sc_hd__o21a_2,_09193_,picorv32_pcpi_fast_mul
sky130_fd_sc_hd__a22o_2,_09194_,picorv32_pcpi_fast_mul
sky130_fd_sc_hd__nand4_2,_09195_,picorv32_pcpi_fast_mul
sky130_fd_sc_hd__o21bai_2,_09196_,picorv32_pcpi_fast_mul
sky130_fd_sc_hd__nand3_2,_09197_,picorv32_pcpi_fast_mul
sky130_fd_sc_hd__a21o_2,_09198_,picorv32_pcpi_fast_mul
sky130_fd_sc_hd__nand3_2,_09199_,picorv32_pcpi_fast_mul
sky130_fd_sc_hd__a21o_2,_09200_,picorv32_pcpi_fast_mul
sky130_fd_sc_hd__a21bo_2,_09201_,picorv32_pcpi_fast_mul
sky130_fd_sc_hd__nand3_2,_09202_,picorv32_pcpi_fast_mul
sky130_fd_sc_hd__a21o_2,_09203_,picorv32_pcpi_fast_mul
sky130_fd_sc_hd__and3_2,_09204_,picorv32_pcpi_fast_mul
sky130_fd_sc_hd__nand3_2,_09205_,picorv32_pcpi_fast_mul
sky130_fd_sc_hd__a21oi_2,_09206_,picorv32_pcpi_fast_mul
sky130_fd_sc_hd__a211oi_2,_09207_,picorv32_pcpi_fast_mul
sky130_fd_sc_hd__o211a_2,_09208_,picorv32_pcpi_fast_mul
sky130_fd_sc_hd__nor3_2,_09209_,picorv32_pcpi_fast_mul
sky130_fd_sc_hd__o21a_2,_09210_,picorv32_pcpi_fast_mul
sky130_fd_sc_hd__a211o_2,_09211_,picorv32_pcpi_fast_mul
sky130_fd_sc_hd__o211ai_2,_09212_,picorv32_pcpi_fast_mul
sky130_fd_sc_hd__or4bb_2,_09213_,picorv32_pcpi_fast_mul
sky130_fd_sc_hd__a2bb2o_2,_09214_,picorv32_pcpi_fast_mul
sky130_fd_sc_hd__o211a_2,_09215_,picorv32_pcpi_fast_mul
sky130_fd_sc_hd__a211oi_2,_09216_,picorv32_pcpi_fast_mul
sky130_fd_sc_hd__nor4_2,_09217_,picorv32_pcpi_fast_mul
sky130_fd_sc_hd__o22a_2,_09218_,picorv32_pcpi_fast_mul
sky130_fd_sc_hd__a211o_2,_09219_,picorv32_pcpi_fast_mul
sky130_fd_sc_hd__inv_2,_09220_,picorv32_pcpi_fast_mul
sky130_fd_sc_hd__o211ai_2,_09221_,picorv32_pcpi_fast_mul
sky130_fd_sc_hd__and3_2,_09222_,picorv32_pcpi_fast_mul
sky130_fd_sc_hd__nand3_2,_09223_,picorv32_pcpi_fast_mul
sky130_fd_sc_hd__a21o_2,_09224_,picorv32_pcpi_fast_mul
sky130_fd_sc_hd__o211a_2,_09225_,picorv32_pcpi_fast_mul
sky130_fd_sc_hd__a211oi_2,_09226_,picorv32_pcpi_fast_mul
sky130_fd_sc_hd__a211oi_2,_09227_,picorv32_pcpi_fast_mul
sky130_fd_sc_hd__o211a_2,_09228_,picorv32_pcpi_fast_mul
sky130_fd_sc_hd__a211oi_2,_09229_,picorv32_pcpi_fast_mul
sky130_fd_sc_hd__a211o_2,_09230_,picorv32_pcpi_fast_mul
sky130_fd_sc_hd__o211a_2,_09231_,picorv32_pcpi_fast_mul
sky130_fd_sc_hd__nor2_2,_09232_,picorv32_pcpi_fast_mul
sky130_fd_sc_hd__a21bo_2,_09233_,picorv32_pcpi_fast_mul
sky130_fd_sc_hd__xor2_2,_09234_,picorv32_pcpi_fast_mul
sky130_fd_sc_hd__nor2_2,_09235_,picorv32_pcpi_fast_mul
sky130_fd_sc_hd__a21oi_2,_09236_,picorv32_pcpi_fast_mul
sky130_fd_sc_hd__and3_2,_09237_,picorv32_pcpi_fast_mul
sky130_fd_sc_hd__nor2_2,_09238_,picorv32_pcpi_fast_mul
sky130_fd_sc_hd__or2_2,_09239_,picorv32_pcpi_fast_mul
sky130_fd_sc_hd__nor2_2,_09240_,picorv32_pcpi_fast_mul
sky130_fd_sc_hd__a22oi_2,_09241_,picorv32_pcpi_fast_mul
sky130_fd_sc_hd__and3_2,_09242_,picorv32_pcpi_fast_mul
sky130_fd_sc_hd__o22a_2,_09243_,picorv32_pcpi_fast_mul
sky130_fd_sc_hd__nor4_2,_09244_,picorv32_pcpi_fast_mul
sky130_fd_sc_hd__nor2_2,_09245_,picorv32_pcpi_fast_mul
sky130_fd_sc_hd__a22oi_2,_09246_,picorv32_pcpi_fast_mul
sky130_fd_sc_hd__and4_2,_09247_,picorv32_pcpi_fast_mul
sky130_fd_sc_hd__nor2_2,_09248_,picorv32_pcpi_fast_mul
sky130_fd_sc_hd__nand2_2,_09249_,picorv32_pcpi_fast_mul
sky130_fd_sc_hd__xnor2_2,_09250_,picorv32_pcpi_fast_mul
sky130_fd_sc_hd__o21ba_2,_09251_,picorv32_pcpi_fast_mul
sky130_fd_sc_hd__nand2b_2,_09252_,picorv32_pcpi_fast_mul
sky130_fd_sc_hd__xnor2_2,_09253_,picorv32_pcpi_fast_mul
sky130_fd_sc_hd__nand2_2,_09254_,picorv32_pcpi_fast_mul
sky130_fd_sc_hd__xnor2_2,_09255_,picorv32_pcpi_fast_mul
sky130_fd_sc_hd__a21oi_2,_09256_,picorv32_pcpi_fast_mul
sky130_fd_sc_hd__and3_2,_09257_,picorv32_pcpi_fast_mul
sky130_fd_sc_hd__a211oi_2,_09258_,picorv32_pcpi_fast_mul
sky130_fd_sc_hd__o211a_2,_09259_,picorv32_pcpi_fast_mul
sky130_fd_sc_hd__or2_2,_09260_,picorv32_pcpi_fast_mul
sky130_fd_sc_hd__a21o_2,_09261_,picorv32_pcpi_fast_mul
sky130_fd_sc_hd__nand2_2,_09262_,picorv32_pcpi_fast_mul
sky130_fd_sc_hd__a32o_2,_09263_,picorv32_pcpi_fast_mul
sky130_fd_sc_hd__a22o_2,_09264_,picorv32_pcpi_fast_mul
sky130_fd_sc_hd__nand4_2,_09265_,picorv32_pcpi_fast_mul
sky130_fd_sc_hd__a22o_2,_09266_,picorv32_pcpi_fast_mul
sky130_fd_sc_hd__nand4_2,_09267_,picorv32_pcpi_fast_mul
sky130_fd_sc_hd__nand3_2,_09268_,picorv32_pcpi_fast_mul
sky130_fd_sc_hd__a21o_2,_09269_,picorv32_pcpi_fast_mul
sky130_fd_sc_hd__nand3_2,_09270_,picorv32_pcpi_fast_mul
sky130_fd_sc_hd__a21o_2,_09271_,picorv32_pcpi_fast_mul
sky130_fd_sc_hd__and3_2,_09272_,picorv32_pcpi_fast_mul
sky130_fd_sc_hd__a21oi_2,_09273_,picorv32_pcpi_fast_mul
sky130_fd_sc_hd__a211oi_2,_09274_,picorv32_pcpi_fast_mul
sky130_fd_sc_hd__o211a_2,_09275_,picorv32_pcpi_fast_mul
sky130_fd_sc_hd__nor2_2,_09276_,picorv32_pcpi_fast_mul
sky130_fd_sc_hd__nor2_2,_09277_,picorv32_pcpi_fast_mul
sky130_fd_sc_hd__nand2b_2,_09278_,picorv32_pcpi_fast_mul
sky130_fd_sc_hd__xnor2_2,_09279_,picorv32_pcpi_fast_mul
sky130_fd_sc_hd__nand2b_2,_09280_,picorv32_pcpi_fast_mul
sky130_fd_sc_hd__xnor2_2,_09281_,picorv32_pcpi_fast_mul
sky130_fd_sc_hd__and2b_2,_09282_,picorv32_pcpi_fast_mul
sky130_fd_sc_hd__xnor2_2,_09283_,picorv32_pcpi_fast_mul
sky130_fd_sc_hd__xor2_2,_09284_,picorv32_pcpi_fast_mul
sky130_fd_sc_hd__nor2_2,_09285_,picorv32_pcpi_fast_mul
sky130_fd_sc_hd__a22o_2,_09286_,picorv32_pcpi_fast_mul
sky130_fd_sc_hd__nand2_2,_09287_,picorv32_pcpi_fast_mul
sky130_fd_sc_hd__and4_2,_09288_,picorv32_pcpi_fast_mul
sky130_fd_sc_hd__o21a_2,_09289_,picorv32_pcpi_fast_mul
sky130_fd_sc_hd__nand2_2,_09290_,picorv32_pcpi_fast_mul
sky130_fd_sc_hd__xnor2_2,_09291_,picorv32_pcpi_fast_mul
sky130_fd_sc_hd__nand2_2,_09292_,picorv32_pcpi_fast_mul
sky130_fd_sc_hd__and4_2,_09293_,picorv32_pcpi_fast_mul
sky130_fd_sc_hd__a22oi_2,_09294_,picorv32_pcpi_fast_mul
sky130_fd_sc_hd__or3_2,_09295_,picorv32_pcpi_fast_mul
sky130_fd_sc_hd__o21ai_2,_09296_,picorv32_pcpi_fast_mul
sky130_fd_sc_hd__a21bo_2,_09297_,picorv32_pcpi_fast_mul
sky130_fd_sc_hd__and3_2,_09298_,picorv32_pcpi_fast_mul
sky130_fd_sc_hd__a21o_2,_09299_,picorv32_pcpi_fast_mul
sky130_fd_sc_hd__and2b_2,_09300_,picorv32_pcpi_fast_mul
sky130_fd_sc_hd__xnor2_2,_09301_,picorv32_pcpi_fast_mul
sky130_fd_sc_hd__nand2_2,_09302_,picorv32_pcpi_fast_mul
sky130_fd_sc_hd__a31o_2,_09303_,picorv32_pcpi_fast_mul
sky130_fd_sc_hd__a22o_2,_09304_,picorv32_pcpi_fast_mul
sky130_fd_sc_hd__nand4_2,_09305_,picorv32_pcpi_fast_mul
sky130_fd_sc_hd__a22o_2,_09306_,picorv32_pcpi_fast_mul
sky130_fd_sc_hd__nand4_2,_09307_,picorv32_pcpi_fast_mul
sky130_fd_sc_hd__nand3_2,_09308_,picorv32_pcpi_fast_mul
sky130_fd_sc_hd__a21o_2,_09309_,picorv32_pcpi_fast_mul
sky130_fd_sc_hd__nand3_2,_09310_,picorv32_pcpi_fast_mul
sky130_fd_sc_hd__a21o_2,_09311_,picorv32_pcpi_fast_mul
sky130_fd_sc_hd__a21bo_2,_09312_,picorv32_pcpi_fast_mul
sky130_fd_sc_hd__and3_2,_09313_,picorv32_pcpi_fast_mul
sky130_fd_sc_hd__a21oi_2,_09314_,picorv32_pcpi_fast_mul
sky130_fd_sc_hd__nor3_2,_09315_,picorv32_pcpi_fast_mul
sky130_fd_sc_hd__o21a_2,_09316_,picorv32_pcpi_fast_mul
sky130_fd_sc_hd__a211oi_2,_09317_,picorv32_pcpi_fast_mul
sky130_fd_sc_hd__o211a_2,_09318_,picorv32_pcpi_fast_mul
sky130_fd_sc_hd__nor2_2,_09319_,picorv32_pcpi_fast_mul
sky130_fd_sc_hd__xnor2_2,_09320_,picorv32_pcpi_fast_mul
sky130_fd_sc_hd__nand2_2,_09321_,picorv32_pcpi_fast_mul
sky130_fd_sc_hd__a21o_2,_09322_,picorv32_pcpi_fast_mul
sky130_fd_sc_hd__nand2_2,_09323_,picorv32_pcpi_fast_mul
sky130_fd_sc_hd__and4_2,_09324_,picorv32_pcpi_fast_mul
sky130_fd_sc_hd__a22o_2,_09325_,picorv32_pcpi_fast_mul
sky130_fd_sc_hd__and2b_2,_09326_,picorv32_pcpi_fast_mul
sky130_fd_sc_hd__xnor2_2,_09327_,picorv32_pcpi_fast_mul
sky130_fd_sc_hd__nand2_2,_09328_,picorv32_pcpi_fast_mul
sky130_fd_sc_hd__and4_2,_09329_,picorv32_pcpi_fast_mul
sky130_fd_sc_hd__a22oi_2,_09330_,picorv32_pcpi_fast_mul
sky130_fd_sc_hd__or3_2,_09331_,picorv32_pcpi_fast_mul
sky130_fd_sc_hd__o21ai_2,_09332_,picorv32_pcpi_fast_mul
sky130_fd_sc_hd__a21bo_2,_09333_,picorv32_pcpi_fast_mul
sky130_fd_sc_hd__nand3_2,_09334_,picorv32_pcpi_fast_mul
sky130_fd_sc_hd__a21o_2,_09335_,picorv32_pcpi_fast_mul
sky130_fd_sc_hd__nand3_2,_09336_,picorv32_pcpi_fast_mul
sky130_fd_sc_hd__a21o_2,_09337_,picorv32_pcpi_fast_mul
sky130_fd_sc_hd__nand3_2,_09338_,picorv32_pcpi_fast_mul
sky130_fd_sc_hd__a21o_2,_09339_,picorv32_pcpi_fast_mul
sky130_fd_sc_hd__nand3_2,_09340_,picorv32_pcpi_fast_mul
sky130_fd_sc_hd__a21o_2,_09341_,picorv32_pcpi_fast_mul
sky130_fd_sc_hd__and2_2,_09342_,picorv32_pcpi_fast_mul
sky130_fd_sc_hd__nand2_2,_09343_,picorv32_pcpi_fast_mul
sky130_fd_sc_hd__a31o_2,_09344_,picorv32_pcpi_fast_mul
sky130_fd_sc_hd__nand2_2,_09345_,picorv32_pcpi_fast_mul
sky130_fd_sc_hd__nand4_2,_09346_,picorv32_pcpi_fast_mul
sky130_fd_sc_hd__a22o_2,_09347_,picorv32_pcpi_fast_mul
sky130_fd_sc_hd__nand3b_2,_09348_,picorv32_pcpi_fast_mul
sky130_fd_sc_hd__a21bo_2,_09349_,picorv32_pcpi_fast_mul
sky130_fd_sc_hd__and3_2,_09350_,picorv32_pcpi_fast_mul
sky130_fd_sc_hd__a21o_2,_09351_,picorv32_pcpi_fast_mul
sky130_fd_sc_hd__and2b_2,_09352_,picorv32_pcpi_fast_mul
sky130_fd_sc_hd__xor2_2,_09353_,picorv32_pcpi_fast_mul
sky130_fd_sc_hd__nand2_2,_09354_,picorv32_pcpi_fast_mul
sky130_fd_sc_hd__a22o_2,_09355_,picorv32_pcpi_fast_mul
sky130_fd_sc_hd__a21bo_2,_09356_,picorv32_pcpi_fast_mul
sky130_fd_sc_hd__xor2_2,_09357_,picorv32_pcpi_fast_mul
sky130_fd_sc_hd__and2_2,_09358_,picorv32_pcpi_fast_mul
sky130_fd_sc_hd__nand2_2,_09359_,picorv32_pcpi_fast_mul
sky130_fd_sc_hd__nand3_2,_09360_,picorv32_pcpi_fast_mul
sky130_fd_sc_hd__a21o_2,_09361_,picorv32_pcpi_fast_mul
sky130_fd_sc_hd__and4_2,_09362_,picorv32_pcpi_fast_mul
sky130_fd_sc_hd__nand4_2,_09363_,picorv32_pcpi_fast_mul
sky130_fd_sc_hd__nand4_2,_09364_,picorv32_pcpi_fast_mul
sky130_fd_sc_hd__nand3_2,_09365_,picorv32_pcpi_fast_mul
sky130_fd_sc_hd__a21o_2,_09366_,picorv32_pcpi_fast_mul
sky130_fd_sc_hd__a21bo_2,_09367_,picorv32_pcpi_fast_mul
sky130_fd_sc_hd__nand3_2,_09368_,picorv32_pcpi_fast_mul
sky130_fd_sc_hd__a21o_2,_09369_,picorv32_pcpi_fast_mul
sky130_fd_sc_hd__and3_2,_09370_,picorv32_pcpi_fast_mul
sky130_fd_sc_hd__a21oi_2,_09371_,picorv32_pcpi_fast_mul
sky130_fd_sc_hd__a211o_2,_09372_,picorv32_pcpi_fast_mul
sky130_fd_sc_hd__o211ai_2,_09373_,picorv32_pcpi_fast_mul
sky130_fd_sc_hd__nand3_2,_09374_,picorv32_pcpi_fast_mul
sky130_fd_sc_hd__a21o_2,_09375_,picorv32_pcpi_fast_mul
sky130_fd_sc_hd__o211ai_2,_09376_,picorv32_pcpi_fast_mul
sky130_fd_sc_hd__a211o_2,_09377_,picorv32_pcpi_fast_mul
sky130_fd_sc_hd__and3_2,_09378_,picorv32_pcpi_fast_mul
sky130_fd_sc_hd__a21oi_2,_09379_,picorv32_pcpi_fast_mul
sky130_fd_sc_hd__a211o_2,_09380_,picorv32_pcpi_fast_mul
sky130_fd_sc_hd__o211ai_2,_09381_,picorv32_pcpi_fast_mul
sky130_fd_sc_hd__nand3_2,_09382_,picorv32_pcpi_fast_mul
sky130_fd_sc_hd__a21o_2,_09383_,picorv32_pcpi_fast_mul
sky130_fd_sc_hd__o211ai_2,_09384_,picorv32_pcpi_fast_mul
sky130_fd_sc_hd__a211o_2,_09385_,picorv32_pcpi_fast_mul
sky130_fd_sc_hd__nand3_2,_09386_,picorv32_pcpi_fast_mul
sky130_fd_sc_hd__a21o_2,_09387_,picorv32_pcpi_fast_mul
sky130_fd_sc_hd__o211ai_2,_09388_,picorv32_pcpi_fast_mul
sky130_fd_sc_hd__a211o_2,_09389_,picorv32_pcpi_fast_mul
sky130_fd_sc_hd__nand3_2,_09390_,picorv32_pcpi_fast_mul
sky130_fd_sc_hd__a21o_2,_09391_,picorv32_pcpi_fast_mul
sky130_fd_sc_hd__o211ai_2,_09392_,picorv32_pcpi_fast_mul
sky130_fd_sc_hd__a211o_2,_09393_,picorv32_pcpi_fast_mul
sky130_fd_sc_hd__and2_2,_09394_,picorv32_pcpi_fast_mul
sky130_fd_sc_hd__a21oi_2,_09395_,picorv32_pcpi_fast_mul
sky130_fd_sc_hd__and2_2,_09396_,picorv32_pcpi_fast_mul
sky130_fd_sc_hd__a31o_2,_09397_,picorv32_pcpi_fast_mul
sky130_fd_sc_hd__xor2_2,_09398_,picorv32_pcpi_fast_mul
sky130_fd_sc_hd__a21oi_2,_09399_,picorv32_pcpi_fast_mul
sky130_fd_sc_hd__nor2_2,_09400_,picorv32_pcpi_fast_mul
sky130_fd_sc_hd__nor2_2,_09401_,picorv32_pcpi_fast_mul
sky130_fd_sc_hd__xnor2_2,_09402_,picorv32_pcpi_fast_mul
sky130_fd_sc_hd__nand2_2,_09403_,picorv32_pcpi_fast_mul
sky130_fd_sc_hd__o21bai_2,_09404_,picorv32_pcpi_fast_mul
sky130_fd_sc_hd__or2_2,_09405_,picorv32_pcpi_fast_mul
sky130_fd_sc_hd__a22o_2,_09406_,picorv32_pcpi_fast_mul
sky130_fd_sc_hd__nand4_2,_09407_,picorv32_pcpi_fast_mul
sky130_fd_sc_hd__o2bb2a_2,_09408_,picorv32_pcpi_fast_mul
sky130_fd_sc_hd__or4bb_2,_09409_,picorv32_pcpi_fast_mul
sky130_fd_sc_hd__and2b_2,_09410_,picorv32_pcpi_fast_mul
sky130_fd_sc_hd__a22oi_2,_09411_,picorv32_pcpi_fast_mul
sky130_fd_sc_hd__and4_2,_09412_,picorv32_pcpi_fast_mul
sky130_fd_sc_hd__nor2_2,_09413_,picorv32_pcpi_fast_mul
sky130_fd_sc_hd__nand2_2,_09414_,picorv32_pcpi_fast_mul
sky130_fd_sc_hd__xnor2_2,_09415_,picorv32_pcpi_fast_mul
sky130_fd_sc_hd__o21ba_2,_09416_,picorv32_pcpi_fast_mul
sky130_fd_sc_hd__nand2b_2,_09417_,picorv32_pcpi_fast_mul
sky130_fd_sc_hd__xnor2_2,_09418_,picorv32_pcpi_fast_mul
sky130_fd_sc_hd__nand2_2,_09419_,picorv32_pcpi_fast_mul
sky130_fd_sc_hd__xnor2_2,_09420_,picorv32_pcpi_fast_mul
sky130_fd_sc_hd__a21oi_2,_09421_,picorv32_pcpi_fast_mul
sky130_fd_sc_hd__and3_2,_09422_,picorv32_pcpi_fast_mul
sky130_fd_sc_hd__nor2_2,_09423_,picorv32_pcpi_fast_mul
sky130_fd_sc_hd__xor2_2,_09424_,picorv32_pcpi_fast_mul
sky130_fd_sc_hd__a21o_2,_09425_,picorv32_pcpi_fast_mul
sky130_fd_sc_hd__nand2_2,_09426_,picorv32_pcpi_fast_mul
sky130_fd_sc_hd__a31o_2,_09427_,picorv32_pcpi_fast_mul
sky130_fd_sc_hd__a22o_2,_09428_,picorv32_pcpi_fast_mul
sky130_fd_sc_hd__nand4_2,_09429_,picorv32_pcpi_fast_mul
sky130_fd_sc_hd__a22o_2,_09430_,picorv32_pcpi_fast_mul
sky130_fd_sc_hd__nand4_2,_09431_,picorv32_pcpi_fast_mul
sky130_fd_sc_hd__nand3_2,_09432_,picorv32_pcpi_fast_mul
sky130_fd_sc_hd__a21o_2,_09433_,picorv32_pcpi_fast_mul
sky130_fd_sc_hd__nand3_2,_09434_,picorv32_pcpi_fast_mul
sky130_fd_sc_hd__a21o_2,_09435_,picorv32_pcpi_fast_mul
sky130_fd_sc_hd__and3_2,_09436_,picorv32_pcpi_fast_mul
sky130_fd_sc_hd__a21oi_2,_09437_,picorv32_pcpi_fast_mul
sky130_fd_sc_hd__a211oi_2,_09438_,picorv32_pcpi_fast_mul
sky130_fd_sc_hd__a211o_2,_09439_,picorv32_pcpi_fast_mul
sky130_fd_sc_hd__o211ai_2,_09440_,picorv32_pcpi_fast_mul
sky130_fd_sc_hd__o211ai_2,_09441_,picorv32_pcpi_fast_mul
sky130_fd_sc_hd__a211o_2,_09442_,picorv32_pcpi_fast_mul
sky130_fd_sc_hd__nand2_2,_09443_,picorv32_pcpi_fast_mul
sky130_fd_sc_hd__xnor2_2,_09444_,picorv32_pcpi_fast_mul
sky130_fd_sc_hd__xnor2_2,_09445_,picorv32_pcpi_fast_mul
sky130_fd_sc_hd__and2b_2,_09446_,picorv32_pcpi_fast_mul
sky130_fd_sc_hd__xnor2_2,_09447_,picorv32_pcpi_fast_mul
sky130_fd_sc_hd__nor2_2,_09448_,picorv32_pcpi_fast_mul
sky130_fd_sc_hd__nand2_2,_09449_,picorv32_pcpi_fast_mul
sky130_fd_sc_hd__a22o_2,_09450_,picorv32_pcpi_fast_mul
sky130_fd_sc_hd__and4_2,_09451_,picorv32_pcpi_fast_mul
sky130_fd_sc_hd__a21oi_2,_09452_,picorv32_pcpi_fast_mul
sky130_fd_sc_hd__nand2_2,_09453_,picorv32_pcpi_fast_mul
sky130_fd_sc_hd__xnor2_2,_09454_,picorv32_pcpi_fast_mul
sky130_fd_sc_hd__nand2_2,_09455_,picorv32_pcpi_fast_mul
sky130_fd_sc_hd__and4_2,_09456_,picorv32_pcpi_fast_mul
sky130_fd_sc_hd__a22oi_2,_09457_,picorv32_pcpi_fast_mul
sky130_fd_sc_hd__or3_2,_09458_,picorv32_pcpi_fast_mul
sky130_fd_sc_hd__o21ai_2,_09459_,picorv32_pcpi_fast_mul
sky130_fd_sc_hd__o21bai_2,_09460_,picorv32_pcpi_fast_mul
sky130_fd_sc_hd__and3_2,_09461_,picorv32_pcpi_fast_mul
sky130_fd_sc_hd__a21o_2,_09462_,picorv32_pcpi_fast_mul
sky130_fd_sc_hd__and2b_2,_09463_,picorv32_pcpi_fast_mul
sky130_fd_sc_hd__xnor2_2,_09464_,picorv32_pcpi_fast_mul
sky130_fd_sc_hd__nand2_2,_09465_,picorv32_pcpi_fast_mul
sky130_fd_sc_hd__a31o_2,_09466_,picorv32_pcpi_fast_mul
sky130_fd_sc_hd__a22o_2,_09467_,picorv32_pcpi_fast_mul
sky130_fd_sc_hd__nand4_2,_09468_,picorv32_pcpi_fast_mul
sky130_fd_sc_hd__a22o_2,_09469_,picorv32_pcpi_fast_mul
sky130_fd_sc_hd__nand4_2,_09470_,picorv32_pcpi_fast_mul
sky130_fd_sc_hd__nand3_2,_09471_,picorv32_pcpi_fast_mul
sky130_fd_sc_hd__a21o_2,_09472_,picorv32_pcpi_fast_mul
sky130_fd_sc_hd__nand3_2,_09473_,picorv32_pcpi_fast_mul
sky130_fd_sc_hd__a21o_2,_09474_,picorv32_pcpi_fast_mul
sky130_fd_sc_hd__a21bo_2,_09475_,picorv32_pcpi_fast_mul
sky130_fd_sc_hd__and3_2,_09476_,picorv32_pcpi_fast_mul
sky130_fd_sc_hd__a21oi_2,_09477_,picorv32_pcpi_fast_mul
sky130_fd_sc_hd__nor3_2,_09478_,picorv32_pcpi_fast_mul
sky130_fd_sc_hd__o21a_2,_09479_,picorv32_pcpi_fast_mul
sky130_fd_sc_hd__a211o_2,_09480_,picorv32_pcpi_fast_mul
sky130_fd_sc_hd__o211ai_2,_09481_,picorv32_pcpi_fast_mul
sky130_fd_sc_hd__nand2_2,_09482_,picorv32_pcpi_fast_mul
sky130_fd_sc_hd__xor2_2,_09483_,picorv32_pcpi_fast_mul
sky130_fd_sc_hd__a21o_2,_09484_,picorv32_pcpi_fast_mul
sky130_fd_sc_hd__nand2_2,_09485_,picorv32_pcpi_fast_mul
sky130_fd_sc_hd__and4_2,_09486_,picorv32_pcpi_fast_mul
sky130_fd_sc_hd__a22o_2,_09487_,picorv32_pcpi_fast_mul
sky130_fd_sc_hd__and2b_2,_09488_,picorv32_pcpi_fast_mul
sky130_fd_sc_hd__xnor2_2,_09489_,picorv32_pcpi_fast_mul
sky130_fd_sc_hd__nand2_2,_09490_,picorv32_pcpi_fast_mul
sky130_fd_sc_hd__and4_2,_09491_,picorv32_pcpi_fast_mul
sky130_fd_sc_hd__a22oi_2,_09492_,picorv32_pcpi_fast_mul
sky130_fd_sc_hd__or3_2,_09493_,picorv32_pcpi_fast_mul
sky130_fd_sc_hd__o21ai_2,_09494_,picorv32_pcpi_fast_mul
sky130_fd_sc_hd__o21bai_2,_09495_,picorv32_pcpi_fast_mul
sky130_fd_sc_hd__nand3_2,_09496_,picorv32_pcpi_fast_mul
sky130_fd_sc_hd__a21o_2,_09497_,picorv32_pcpi_fast_mul
sky130_fd_sc_hd__nand3_2,_09498_,picorv32_pcpi_fast_mul
sky130_fd_sc_hd__a21o_2,_09499_,picorv32_pcpi_fast_mul
sky130_fd_sc_hd__and3_2,_09500_,picorv32_pcpi_fast_mul
sky130_fd_sc_hd__a21oi_2,_09501_,picorv32_pcpi_fast_mul
sky130_fd_sc_hd__a211oi_2,_09502_,picorv32_pcpi_fast_mul
sky130_fd_sc_hd__o211a_2,_09503_,picorv32_pcpi_fast_mul
sky130_fd_sc_hd__nor2_2,_09504_,picorv32_pcpi_fast_mul
sky130_fd_sc_hd__nand2_2,_09505_,picorv32_pcpi_fast_mul
sky130_fd_sc_hd__a32o_2,_09506_,picorv32_pcpi_fast_mul
sky130_fd_sc_hd__a22o_2,_09507_,picorv32_pcpi_fast_mul
sky130_fd_sc_hd__nand4_2,_09508_,picorv32_pcpi_fast_mul
sky130_fd_sc_hd__a22o_2,_09509_,picorv32_pcpi_fast_mul
sky130_fd_sc_hd__nand4_2,_09510_,picorv32_pcpi_fast_mul
sky130_fd_sc_hd__and3_2,_09511_,picorv32_pcpi_fast_mul
sky130_fd_sc_hd__a21o_2,_09512_,picorv32_pcpi_fast_mul
sky130_fd_sc_hd__and2b_2,_09513_,picorv32_pcpi_fast_mul
sky130_fd_sc_hd__xnor2_2,_09514_,picorv32_pcpi_fast_mul
sky130_fd_sc_hd__a22o_2,_09515_,picorv32_pcpi_fast_mul
sky130_fd_sc_hd__and3_2,_09516_,picorv32_pcpi_fast_mul
sky130_fd_sc_hd__nand3_2,_09517_,picorv32_pcpi_fast_mul
sky130_fd_sc_hd__nand4_2,_09518_,picorv32_pcpi_fast_mul
sky130_fd_sc_hd__nand4_2,_09519_,picorv32_pcpi_fast_mul
sky130_fd_sc_hd__a22o_2,_09520_,picorv32_pcpi_fast_mul
sky130_fd_sc_hd__o21a_2,_09521_,picorv32_pcpi_fast_mul
sky130_fd_sc_hd__and3_2,_09522_,picorv32_pcpi_fast_mul
sky130_fd_sc_hd__a21oi_2,_09523_,picorv32_pcpi_fast_mul
sky130_fd_sc_hd__or2_2,_09524_,picorv32_pcpi_fast_mul
sky130_fd_sc_hd__a21oi_2,_09525_,picorv32_pcpi_fast_mul
sky130_fd_sc_hd__nor2_2,_09526_,picorv32_pcpi_fast_mul
sky130_fd_sc_hd__xnor2_2,_09527_,picorv32_pcpi_fast_mul
sky130_fd_sc_hd__xnor2_2,_09528_,picorv32_pcpi_fast_mul
sky130_fd_sc_hd__a21boi_2,_09529_,picorv32_pcpi_fast_mul
sky130_fd_sc_hd__nor2_2,_09530_,picorv32_pcpi_fast_mul
sky130_fd_sc_hd__xor2_2,_09531_,picorv32_pcpi_fast_mul
sky130_fd_sc_hd__xnor2_2,_09532_,picorv32_pcpi_fast_mul
sky130_fd_sc_hd__a21bo_2,_09533_,picorv32_pcpi_fast_mul
sky130_fd_sc_hd__and2b_2,_09534_,picorv32_pcpi_fast_mul
sky130_fd_sc_hd__xnor2_2,_09535_,picorv32_pcpi_fast_mul
sky130_fd_sc_hd__xor2_2,_09536_,picorv32_pcpi_fast_mul
sky130_fd_sc_hd__a21boi_2,_09537_,picorv32_pcpi_fast_mul
sky130_fd_sc_hd__and2b_2,_09538_,picorv32_pcpi_fast_mul
sky130_fd_sc_hd__xnor2_2,_09539_,picorv32_pcpi_fast_mul
sky130_fd_sc_hd__xnor2_2,_09540_,picorv32_pcpi_fast_mul
sky130_fd_sc_hd__a21boi_2,_09541_,picorv32_pcpi_fast_mul
sky130_fd_sc_hd__or2_2,_09542_,picorv32_pcpi_fast_mul
sky130_fd_sc_hd__xnor2_2,_09543_,picorv32_pcpi_fast_mul
sky130_fd_sc_hd__xnor2_2,_09544_,picorv32_pcpi_fast_mul
sky130_fd_sc_hd__a21bo_2,_09545_,picorv32_pcpi_fast_mul
sky130_fd_sc_hd__nand2b_2,_09546_,picorv32_pcpi_fast_mul
sky130_fd_sc_hd__xnor2_2,_09547_,picorv32_pcpi_fast_mul
sky130_fd_sc_hd__xnor2_2,_09548_,picorv32_pcpi_fast_mul
sky130_fd_sc_hd__a21oi_2,_09549_,picorv32_pcpi_fast_mul
sky130_fd_sc_hd__and3_2,_09550_,picorv32_pcpi_fast_mul
sky130_fd_sc_hd__nor2_2,_09551_,picorv32_pcpi_fast_mul
sky130_fd_sc_hd__a21boi_2,_09552_,picorv32_pcpi_fast_mul
sky130_fd_sc_hd__xnor2_2,_09553_,picorv32_pcpi_fast_mul
sky130_fd_sc_hd__a21oi_2,_09554_,picorv32_pcpi_fast_mul
sky130_fd_sc_hd__a21oi_2,_09555_,picorv32_pcpi_fast_mul
sky130_fd_sc_hd__nor2_2,_09556_,picorv32_pcpi_fast_mul
sky130_fd_sc_hd__xnor2_2,_09557_,picorv32_pcpi_fast_mul
sky130_fd_sc_hd__a21bo_2,_09558_,picorv32_pcpi_fast_mul
sky130_fd_sc_hd__o21ai_2,_09559_,picorv32_pcpi_fast_mul
sky130_fd_sc_hd__nand2_2,_09560_,picorv32_pcpi_fast_mul
sky130_fd_sc_hd__a22o_2,_09561_,picorv32_pcpi_fast_mul
sky130_fd_sc_hd__nand4_2,_09562_,picorv32_pcpi_fast_mul
sky130_fd_sc_hd__nand2_2,_09563_,picorv32_pcpi_fast_mul
sky130_fd_sc_hd__nor2_2,_09564_,picorv32_pcpi_fast_mul
sky130_fd_sc_hd__or3_2,_09565_,picorv32_pcpi_fast_mul
sky130_fd_sc_hd__xnor2_2,_09566_,picorv32_pcpi_fast_mul
sky130_fd_sc_hd__a22oi_2,_09567_,picorv32_pcpi_fast_mul
sky130_fd_sc_hd__and4_2,_09568_,picorv32_pcpi_fast_mul
sky130_fd_sc_hd__nor2_2,_09569_,picorv32_pcpi_fast_mul
sky130_fd_sc_hd__nand2_2,_09570_,picorv32_pcpi_fast_mul
sky130_fd_sc_hd__xnor2_2,_09571_,picorv32_pcpi_fast_mul
sky130_fd_sc_hd__o21ba_2,_09572_,picorv32_pcpi_fast_mul
sky130_fd_sc_hd__nand2b_2,_09573_,picorv32_pcpi_fast_mul
sky130_fd_sc_hd__xnor2_2,_09574_,picorv32_pcpi_fast_mul
sky130_fd_sc_hd__nand2_2,_09575_,picorv32_pcpi_fast_mul
sky130_fd_sc_hd__xnor2_2,_09576_,picorv32_pcpi_fast_mul
sky130_fd_sc_hd__a21oi_2,_09577_,picorv32_pcpi_fast_mul
sky130_fd_sc_hd__and3_2,_09578_,picorv32_pcpi_fast_mul
sky130_fd_sc_hd__a211oi_2,_09579_,picorv32_pcpi_fast_mul
sky130_fd_sc_hd__o211a_2,_09580_,picorv32_pcpi_fast_mul
sky130_fd_sc_hd__a21o_2,_09581_,picorv32_pcpi_fast_mul
sky130_fd_sc_hd__nand2_2,_09582_,picorv32_pcpi_fast_mul
sky130_fd_sc_hd__a31o_2,_09583_,picorv32_pcpi_fast_mul
sky130_fd_sc_hd__a22o_2,_09584_,picorv32_pcpi_fast_mul
sky130_fd_sc_hd__nand4_2,_09585_,picorv32_pcpi_fast_mul
sky130_fd_sc_hd__a22o_2,_09586_,picorv32_pcpi_fast_mul
sky130_fd_sc_hd__nand4_2,_09587_,picorv32_pcpi_fast_mul
sky130_fd_sc_hd__nand3_2,_09588_,picorv32_pcpi_fast_mul
sky130_fd_sc_hd__a21o_2,_09589_,picorv32_pcpi_fast_mul
sky130_fd_sc_hd__nand3_2,_09590_,picorv32_pcpi_fast_mul
sky130_fd_sc_hd__a21o_2,_09591_,picorv32_pcpi_fast_mul
sky130_fd_sc_hd__and3_2,_09592_,picorv32_pcpi_fast_mul
sky130_fd_sc_hd__a21oi_2,_09593_,picorv32_pcpi_fast_mul
sky130_fd_sc_hd__a211oi_2,_09594_,picorv32_pcpi_fast_mul
sky130_fd_sc_hd__a211o_2,_09595_,picorv32_pcpi_fast_mul
sky130_fd_sc_hd__o211ai_2,_09596_,picorv32_pcpi_fast_mul
sky130_fd_sc_hd__o211ai_2,_09597_,picorv32_pcpi_fast_mul
sky130_fd_sc_hd__a211o_2,_09598_,picorv32_pcpi_fast_mul
sky130_fd_sc_hd__and4bb_2,_09599_,picorv32_pcpi_fast_mul
sky130_fd_sc_hd__inv_2,_09600_,picorv32_pcpi_fast_mul
sky130_fd_sc_hd__a2bb2o_2,_09601_,picorv32_pcpi_fast_mul
sky130_fd_sc_hd__and2b_2,_09602_,picorv32_pcpi_fast_mul
sky130_fd_sc_hd__xnor2_2,_09603_,picorv32_pcpi_fast_mul
sky130_fd_sc_hd__and2b_2,_09604_,picorv32_pcpi_fast_mul
sky130_fd_sc_hd__xnor2_2,_09605_,picorv32_pcpi_fast_mul
sky130_fd_sc_hd__nor2_2,_09606_,picorv32_pcpi_fast_mul
sky130_fd_sc_hd__a22oi_2,_09607_,picorv32_pcpi_fast_mul
sky130_fd_sc_hd__and4_2,_09608_,picorv32_pcpi_fast_mul
sky130_fd_sc_hd__nor2_2,_09609_,picorv32_pcpi_fast_mul
sky130_fd_sc_hd__nand2_2,_09610_,picorv32_pcpi_fast_mul
sky130_fd_sc_hd__xnor2_2,_09611_,picorv32_pcpi_fast_mul
sky130_fd_sc_hd__a22o_2,_09612_,picorv32_pcpi_fast_mul
sky130_fd_sc_hd__nand4_2,_09613_,picorv32_pcpi_fast_mul
sky130_fd_sc_hd__and2_2,_09614_,picorv32_pcpi_fast_mul
sky130_fd_sc_hd__a21o_2,_09615_,picorv32_pcpi_fast_mul
sky130_fd_sc_hd__nand3_2,_09616_,picorv32_pcpi_fast_mul
sky130_fd_sc_hd__o21bai_2,_09617_,picorv32_pcpi_fast_mul
sky130_fd_sc_hd__and3_2,_09618_,picorv32_pcpi_fast_mul
sky130_fd_sc_hd__a21o_2,_09619_,picorv32_pcpi_fast_mul
sky130_fd_sc_hd__and2b_2,_09620_,picorv32_pcpi_fast_mul
sky130_fd_sc_hd__xnor2_2,_09621_,picorv32_pcpi_fast_mul
sky130_fd_sc_hd__nand2_2,_09622_,picorv32_pcpi_fast_mul
sky130_fd_sc_hd__a31o_2,_09623_,picorv32_pcpi_fast_mul
sky130_fd_sc_hd__a22o_2,_09624_,picorv32_pcpi_fast_mul
sky130_fd_sc_hd__nand4_2,_09625_,picorv32_pcpi_fast_mul
sky130_fd_sc_hd__a22o_2,_09626_,picorv32_pcpi_fast_mul
sky130_fd_sc_hd__nand4_2,_09627_,picorv32_pcpi_fast_mul
sky130_fd_sc_hd__nand3_2,_09628_,picorv32_pcpi_fast_mul
sky130_fd_sc_hd__a21o_2,_09629_,picorv32_pcpi_fast_mul
sky130_fd_sc_hd__nand3_2,_09630_,picorv32_pcpi_fast_mul
sky130_fd_sc_hd__a21o_2,_09631_,picorv32_pcpi_fast_mul
sky130_fd_sc_hd__a21bo_2,_09632_,picorv32_pcpi_fast_mul
sky130_fd_sc_hd__and3_2,_09633_,picorv32_pcpi_fast_mul
sky130_fd_sc_hd__a21oi_2,_09634_,picorv32_pcpi_fast_mul
sky130_fd_sc_hd__or3_2,_09635_,picorv32_pcpi_fast_mul
sky130_fd_sc_hd__o21ai_2,_09636_,picorv32_pcpi_fast_mul
sky130_fd_sc_hd__o211ai_2,_09637_,picorv32_pcpi_fast_mul
sky130_fd_sc_hd__a211o_2,_09638_,picorv32_pcpi_fast_mul
sky130_fd_sc_hd__nand2_2,_09639_,picorv32_pcpi_fast_mul
sky130_fd_sc_hd__xor2_2,_09640_,picorv32_pcpi_fast_mul
sky130_fd_sc_hd__nand2_2,_09641_,picorv32_pcpi_fast_mul
sky130_fd_sc_hd__a21o_2,_09642_,picorv32_pcpi_fast_mul
sky130_fd_sc_hd__a22oi_2,_09643_,picorv32_pcpi_fast_mul
sky130_fd_sc_hd__and4_2,_09644_,picorv32_pcpi_fast_mul
sky130_fd_sc_hd__nor2_2,_09645_,picorv32_pcpi_fast_mul
sky130_fd_sc_hd__nand2_2,_09646_,picorv32_pcpi_fast_mul
sky130_fd_sc_hd__xnor2_2,_09647_,picorv32_pcpi_fast_mul
sky130_fd_sc_hd__a22o_2,_09648_,picorv32_pcpi_fast_mul
sky130_fd_sc_hd__nand4_2,_09649_,picorv32_pcpi_fast_mul
sky130_fd_sc_hd__and2_2,_09650_,picorv32_pcpi_fast_mul
sky130_fd_sc_hd__a21o_2,_09651_,picorv32_pcpi_fast_mul
sky130_fd_sc_hd__nand3_2,_09652_,picorv32_pcpi_fast_mul
sky130_fd_sc_hd__o21bai_2,_09653_,picorv32_pcpi_fast_mul
sky130_fd_sc_hd__nand3_2,_09654_,picorv32_pcpi_fast_mul
sky130_fd_sc_hd__a21o_2,_09655_,picorv32_pcpi_fast_mul
sky130_fd_sc_hd__nand3_2,_09656_,picorv32_pcpi_fast_mul
sky130_fd_sc_hd__a21o_2,_09657_,picorv32_pcpi_fast_mul
sky130_fd_sc_hd__nand3_2,_09658_,picorv32_pcpi_fast_mul
sky130_fd_sc_hd__a21o_2,_09659_,picorv32_pcpi_fast_mul
sky130_fd_sc_hd__nand3_2,_09660_,picorv32_pcpi_fast_mul
sky130_fd_sc_hd__a21o_2,_09661_,picorv32_pcpi_fast_mul
sky130_fd_sc_hd__and2_2,_09662_,picorv32_pcpi_fast_mul
sky130_fd_sc_hd__nand2_2,_09663_,picorv32_pcpi_fast_mul
sky130_fd_sc_hd__a32o_2,_09664_,picorv32_pcpi_fast_mul
sky130_fd_sc_hd__a22o_2,_09665_,picorv32_pcpi_fast_mul
sky130_fd_sc_hd__nand4_2,_09666_,picorv32_pcpi_fast_mul
sky130_fd_sc_hd__a22o_2,_09667_,picorv32_pcpi_fast_mul
sky130_fd_sc_hd__nand4_2,_09668_,picorv32_pcpi_fast_mul
sky130_fd_sc_hd__nand3_2,_09669_,picorv32_pcpi_fast_mul
sky130_fd_sc_hd__a21o_2,_09670_,picorv32_pcpi_fast_mul
sky130_fd_sc_hd__and3_2,_09671_,picorv32_pcpi_fast_mul
sky130_fd_sc_hd__a21oi_2,_09672_,picorv32_pcpi_fast_mul
sky130_fd_sc_hd__o21a_2,_09673_,picorv32_pcpi_fast_mul
sky130_fd_sc_hd__a22o_2,_09674_,picorv32_pcpi_fast_mul
sky130_fd_sc_hd__nand4_2,_09675_,picorv32_pcpi_fast_mul
sky130_fd_sc_hd__nand3_2,_09676_,picorv32_pcpi_fast_mul
sky130_fd_sc_hd__a21o_2,_09677_,picorv32_pcpi_fast_mul
sky130_fd_sc_hd__a31o_2,_09678_,picorv32_pcpi_fast_mul
sky130_fd_sc_hd__nand3_2,_09679_,picorv32_pcpi_fast_mul
sky130_fd_sc_hd__a21o_2,_09680_,picorv32_pcpi_fast_mul
sky130_fd_sc_hd__or4bb_2,_09681_,picorv32_pcpi_fast_mul
sky130_fd_sc_hd__a2bb2o_2,_09682_,picorv32_pcpi_fast_mul
sky130_fd_sc_hd__nand2_2,_09683_,picorv32_pcpi_fast_mul
sky130_fd_sc_hd__o21ba_2,_09684_,picorv32_pcpi_fast_mul
sky130_fd_sc_hd__nor2_2,_09685_,picorv32_pcpi_fast_mul
sky130_fd_sc_hd__xor2_2,_09686_,picorv32_pcpi_fast_mul
sky130_fd_sc_hd__xnor2_2,_09687_,picorv32_pcpi_fast_mul
sky130_fd_sc_hd__a21oi_2,_09688_,picorv32_pcpi_fast_mul
sky130_fd_sc_hd__nor2_2,_09689_,picorv32_pcpi_fast_mul
sky130_fd_sc_hd__xor2_2,_09690_,picorv32_pcpi_fast_mul
sky130_fd_sc_hd__xor2_2,_09691_,picorv32_pcpi_fast_mul
sky130_fd_sc_hd__a21oi_2,_09692_,picorv32_pcpi_fast_mul
sky130_fd_sc_hd__and2b_2,_09693_,picorv32_pcpi_fast_mul
sky130_fd_sc_hd__xnor2_2,_09694_,picorv32_pcpi_fast_mul
sky130_fd_sc_hd__xnor2_2,_09695_,picorv32_pcpi_fast_mul
sky130_fd_sc_hd__a21oi_2,_09696_,picorv32_pcpi_fast_mul
sky130_fd_sc_hd__or2_2,_09697_,picorv32_pcpi_fast_mul
sky130_fd_sc_hd__xnor2_2,_09698_,picorv32_pcpi_fast_mul
sky130_fd_sc_hd__xor2_2,_09699_,picorv32_pcpi_fast_mul
sky130_fd_sc_hd__o21ai_2,_09700_,picorv32_pcpi_fast_mul
sky130_fd_sc_hd__nand2_2,_09701_,picorv32_pcpi_fast_mul
sky130_fd_sc_hd__xor2_2,_09702_,picorv32_pcpi_fast_mul
sky130_fd_sc_hd__xnor2_2,_09703_,picorv32_pcpi_fast_mul
sky130_fd_sc_hd__a21boi_2,_09704_,picorv32_pcpi_fast_mul
sky130_fd_sc_hd__or2_2,_09705_,picorv32_pcpi_fast_mul
sky130_fd_sc_hd__xnor2_2,_09706_,picorv32_pcpi_fast_mul
sky130_fd_sc_hd__nor2_2,_09707_,picorv32_pcpi_fast_mul
sky130_fd_sc_hd__a311o_2,_09708_,picorv32_pcpi_fast_mul
sky130_fd_sc_hd__and3_2,_09709_,picorv32_pcpi_fast_mul
sky130_fd_sc_hd__a31o_2,_09710_,picorv32_pcpi_fast_mul
sky130_fd_sc_hd__nand2b_2,_09711_,picorv32_pcpi_fast_mul
sky130_fd_sc_hd__xnor2_2,_09712_,picorv32_pcpi_fast_mul
sky130_fd_sc_hd__a21boi_2,_09713_,picorv32_pcpi_fast_mul
sky130_fd_sc_hd__a21o_2,_09714_,picorv32_pcpi_fast_mul
sky130_fd_sc_hd__nor2_2,_09715_,picorv32_pcpi_fast_mul
sky130_fd_sc_hd__o21a_2,_09716_,picorv32_pcpi_fast_mul
sky130_fd_sc_hd__xnor2_2,_09717_,picorv32_pcpi_fast_mul
sky130_fd_sc_hd__nand2_2,_09718_,picorv32_pcpi_fast_mul
sky130_fd_sc_hd__o21ai_2,_09719_,picorv32_pcpi_fast_mul
sky130_fd_sc_hd__nand2_2,_09720_,picorv32_pcpi_fast_mul
sky130_fd_sc_hd__a22o_2,_09721_,picorv32_pcpi_fast_mul
sky130_fd_sc_hd__nand2_2,_09722_,picorv32_pcpi_fast_mul
sky130_fd_sc_hd__or2_2,_09723_,picorv32_pcpi_fast_mul
sky130_fd_sc_hd__nand2_2,_09724_,picorv32_pcpi_fast_mul
sky130_fd_sc_hd__nor2_2,_09725_,picorv32_pcpi_fast_mul
sky130_fd_sc_hd__or3_2,_09726_,picorv32_pcpi_fast_mul
sky130_fd_sc_hd__xnor2_2,_09727_,picorv32_pcpi_fast_mul
sky130_fd_sc_hd__a22oi_2,_09728_,picorv32_pcpi_fast_mul
sky130_fd_sc_hd__and4_2,_09729_,picorv32_pcpi_fast_mul
sky130_fd_sc_hd__nor2_2,_09730_,picorv32_pcpi_fast_mul
sky130_fd_sc_hd__nand2_2,_09731_,picorv32_pcpi_fast_mul
sky130_fd_sc_hd__xnor2_2,_09732_,picorv32_pcpi_fast_mul
sky130_fd_sc_hd__o21ba_2,_09733_,picorv32_pcpi_fast_mul
sky130_fd_sc_hd__nand2b_2,_09734_,picorv32_pcpi_fast_mul
sky130_fd_sc_hd__xnor2_2,_09735_,picorv32_pcpi_fast_mul
sky130_fd_sc_hd__nand2_2,_09736_,picorv32_pcpi_fast_mul
sky130_fd_sc_hd__xnor2_2,_09737_,picorv32_pcpi_fast_mul
sky130_fd_sc_hd__a21oi_2,_09738_,picorv32_pcpi_fast_mul
sky130_fd_sc_hd__and3_2,_09739_,picorv32_pcpi_fast_mul
sky130_fd_sc_hd__a211oi_2,_09740_,picorv32_pcpi_fast_mul
sky130_fd_sc_hd__o211a_2,_09741_,picorv32_pcpi_fast_mul
sky130_fd_sc_hd__a21o_2,_09742_,picorv32_pcpi_fast_mul
sky130_fd_sc_hd__nand2_2,_09743_,picorv32_pcpi_fast_mul
sky130_fd_sc_hd__o21bai_2,_09744_,picorv32_pcpi_fast_mul
sky130_fd_sc_hd__a22o_2,_09745_,picorv32_pcpi_fast_mul
sky130_fd_sc_hd__nand4_2,_09746_,picorv32_pcpi_fast_mul
sky130_fd_sc_hd__a22o_2,_09747_,picorv32_pcpi_fast_mul
sky130_fd_sc_hd__nand4_2,_09748_,picorv32_pcpi_fast_mul
sky130_fd_sc_hd__nand3_2,_09749_,picorv32_pcpi_fast_mul
sky130_fd_sc_hd__a21o_2,_09750_,picorv32_pcpi_fast_mul
sky130_fd_sc_hd__nand3_2,_09751_,picorv32_pcpi_fast_mul
sky130_fd_sc_hd__a21o_2,_09752_,picorv32_pcpi_fast_mul
sky130_fd_sc_hd__and3_2,_09753_,picorv32_pcpi_fast_mul
sky130_fd_sc_hd__a21oi_2,_09754_,picorv32_pcpi_fast_mul
sky130_fd_sc_hd__a211oi_2,_09755_,picorv32_pcpi_fast_mul
sky130_fd_sc_hd__a211o_2,_09756_,picorv32_pcpi_fast_mul
sky130_fd_sc_hd__o211ai_2,_09757_,picorv32_pcpi_fast_mul
sky130_fd_sc_hd__o211a_2,_09758_,picorv32_pcpi_fast_mul
sky130_fd_sc_hd__a211oi_2,_09759_,picorv32_pcpi_fast_mul
sky130_fd_sc_hd__nor4_2,_09760_,picorv32_pcpi_fast_mul
sky130_fd_sc_hd__o22a_2,_09761_,picorv32_pcpi_fast_mul
sky130_fd_sc_hd__nor2_2,_09762_,picorv32_pcpi_fast_mul
sky130_fd_sc_hd__xnor2_2,_09763_,picorv32_pcpi_fast_mul
sky130_fd_sc_hd__and2b_2,_09764_,picorv32_pcpi_fast_mul
sky130_fd_sc_hd__xnor2_2,_09765_,picorv32_pcpi_fast_mul
sky130_fd_sc_hd__and2b_2,_09766_,picorv32_pcpi_fast_mul
sky130_fd_sc_hd__a22oi_2,_09767_,picorv32_pcpi_fast_mul
sky130_fd_sc_hd__and4_2,_09768_,picorv32_pcpi_fast_mul
sky130_fd_sc_hd__nor2_2,_09769_,picorv32_pcpi_fast_mul
sky130_fd_sc_hd__nand2_2,_09770_,picorv32_pcpi_fast_mul
sky130_fd_sc_hd__xnor2_2,_09771_,picorv32_pcpi_fast_mul
sky130_fd_sc_hd__a22o_2,_09772_,picorv32_pcpi_fast_mul
sky130_fd_sc_hd__nand4_2,_09773_,picorv32_pcpi_fast_mul
sky130_fd_sc_hd__and2_2,_09774_,picorv32_pcpi_fast_mul
sky130_fd_sc_hd__a21o_2,_09775_,picorv32_pcpi_fast_mul
sky130_fd_sc_hd__nand3_2,_09776_,picorv32_pcpi_fast_mul
sky130_fd_sc_hd__a21bo_2,_09777_,picorv32_pcpi_fast_mul
sky130_fd_sc_hd__and3_2,_09778_,picorv32_pcpi_fast_mul
sky130_fd_sc_hd__a21o_2,_09779_,picorv32_pcpi_fast_mul
sky130_fd_sc_hd__and2b_2,_09780_,picorv32_pcpi_fast_mul
sky130_fd_sc_hd__xnor2_2,_09781_,picorv32_pcpi_fast_mul
sky130_fd_sc_hd__nand2_2,_09782_,picorv32_pcpi_fast_mul
sky130_fd_sc_hd__o21bai_2,_09783_,picorv32_pcpi_fast_mul
sky130_fd_sc_hd__a22o_2,_09784_,picorv32_pcpi_fast_mul
sky130_fd_sc_hd__nand4_2,_09785_,picorv32_pcpi_fast_mul
sky130_fd_sc_hd__a22o_2,_09786_,picorv32_pcpi_fast_mul
sky130_fd_sc_hd__nand4_2,_09787_,picorv32_pcpi_fast_mul
sky130_fd_sc_hd__nand3_2,_09788_,picorv32_pcpi_fast_mul
sky130_fd_sc_hd__a21o_2,_09789_,picorv32_pcpi_fast_mul
sky130_fd_sc_hd__nand3_2,_09790_,picorv32_pcpi_fast_mul
sky130_fd_sc_hd__a21o_2,_09791_,picorv32_pcpi_fast_mul
sky130_fd_sc_hd__a21bo_2,_09792_,picorv32_pcpi_fast_mul
sky130_fd_sc_hd__and3_2,_09793_,picorv32_pcpi_fast_mul
sky130_fd_sc_hd__inv_2,_09794_,picorv32_pcpi_fast_mul
sky130_fd_sc_hd__a21oi_2,_09795_,picorv32_pcpi_fast_mul
sky130_fd_sc_hd__nor3_2,_09796_,picorv32_pcpi_fast_mul
sky130_fd_sc_hd__inv_2,_09797_,picorv32_pcpi_fast_mul
sky130_fd_sc_hd__o21a_2,_09798_,picorv32_pcpi_fast_mul
sky130_fd_sc_hd__a211oi_2,_09799_,picorv32_pcpi_fast_mul
sky130_fd_sc_hd__a211o_2,_09800_,picorv32_pcpi_fast_mul
sky130_fd_sc_hd__o211a_2,_09801_,picorv32_pcpi_fast_mul
sky130_fd_sc_hd__or3_2,_09802_,picorv32_pcpi_fast_mul
sky130_fd_sc_hd__o21ai_2,_09803_,picorv32_pcpi_fast_mul
sky130_fd_sc_hd__and2_2,_09804_,picorv32_pcpi_fast_mul
sky130_fd_sc_hd__nand2_2,_09805_,picorv32_pcpi_fast_mul
sky130_fd_sc_hd__a21bo_2,_09806_,picorv32_pcpi_fast_mul
sky130_fd_sc_hd__a22oi_2,_09807_,picorv32_pcpi_fast_mul
sky130_fd_sc_hd__and4_2,_09808_,picorv32_pcpi_fast_mul
sky130_fd_sc_hd__nor2_2,_09809_,picorv32_pcpi_fast_mul
sky130_fd_sc_hd__nand2_2,_09810_,picorv32_pcpi_fast_mul
sky130_fd_sc_hd__xnor2_2,_09811_,picorv32_pcpi_fast_mul
sky130_fd_sc_hd__a22o_2,_09812_,picorv32_pcpi_fast_mul
sky130_fd_sc_hd__nand4_2,_09813_,picorv32_pcpi_fast_mul
sky130_fd_sc_hd__and2_2,_09814_,picorv32_pcpi_fast_mul
sky130_fd_sc_hd__a21o_2,_09815_,picorv32_pcpi_fast_mul
sky130_fd_sc_hd__nand3_2,_09816_,picorv32_pcpi_fast_mul
sky130_fd_sc_hd__a21bo_2,_09817_,picorv32_pcpi_fast_mul
sky130_fd_sc_hd__nand3_2,_09818_,picorv32_pcpi_fast_mul
sky130_fd_sc_hd__a21o_2,_09819_,picorv32_pcpi_fast_mul
sky130_fd_sc_hd__nand3_2,_09820_,picorv32_pcpi_fast_mul
sky130_fd_sc_hd__a21o_2,_09821_,picorv32_pcpi_fast_mul
sky130_fd_sc_hd__nand3_2,_09822_,picorv32_pcpi_fast_mul
sky130_fd_sc_hd__a21o_2,_09823_,picorv32_pcpi_fast_mul
sky130_fd_sc_hd__nand3_2,_09824_,picorv32_pcpi_fast_mul
sky130_fd_sc_hd__a21o_2,_09825_,picorv32_pcpi_fast_mul
sky130_fd_sc_hd__nand2_2,_09826_,picorv32_pcpi_fast_mul
sky130_fd_sc_hd__a31o_2,_09827_,picorv32_pcpi_fast_mul
sky130_fd_sc_hd__a22o_2,_09828_,picorv32_pcpi_fast_mul
sky130_fd_sc_hd__nand4_2,_09829_,picorv32_pcpi_fast_mul
sky130_fd_sc_hd__a22o_2,_09830_,picorv32_pcpi_fast_mul
sky130_fd_sc_hd__nand4_2,_09831_,picorv32_pcpi_fast_mul
sky130_fd_sc_hd__nand3_2,_09832_,picorv32_pcpi_fast_mul
sky130_fd_sc_hd__a21o_2,_09833_,picorv32_pcpi_fast_mul
sky130_fd_sc_hd__nand3_2,_09834_,picorv32_pcpi_fast_mul
sky130_fd_sc_hd__a21o_2,_09835_,picorv32_pcpi_fast_mul
sky130_fd_sc_hd__a22o_2,_09836_,picorv32_pcpi_fast_mul
sky130_fd_sc_hd__nand4_2,_09837_,picorv32_pcpi_fast_mul
sky130_fd_sc_hd__nand3_2,_09838_,picorv32_pcpi_fast_mul
sky130_fd_sc_hd__a21o_2,_09839_,picorv32_pcpi_fast_mul
sky130_fd_sc_hd__a31o_2,_09840_,picorv32_pcpi_fast_mul
sky130_fd_sc_hd__and3_2,_09841_,picorv32_pcpi_fast_mul
sky130_fd_sc_hd__nand3_2,_09842_,picorv32_pcpi_fast_mul
sky130_fd_sc_hd__a21o_2,_09843_,picorv32_pcpi_fast_mul
sky130_fd_sc_hd__and4_2,_09844_,picorv32_pcpi_fast_mul
sky130_fd_sc_hd__a22oi_2,_09845_,picorv32_pcpi_fast_mul
sky130_fd_sc_hd__a211o_2,_09846_,picorv32_pcpi_fast_mul
sky130_fd_sc_hd__o211ai_2,_09847_,picorv32_pcpi_fast_mul
sky130_fd_sc_hd__nand4_2,_09848_,picorv32_pcpi_fast_mul
sky130_fd_sc_hd__a22o_2,_09849_,picorv32_pcpi_fast_mul
sky130_fd_sc_hd__nand2_2,_09850_,picorv32_pcpi_fast_mul
sky130_fd_sc_hd__a21oi_2,_09851_,picorv32_pcpi_fast_mul
sky130_fd_sc_hd__nor2_2,_09852_,picorv32_pcpi_fast_mul
sky130_fd_sc_hd__xor2_2,_09853_,picorv32_pcpi_fast_mul
sky130_fd_sc_hd__xor2_2,_09854_,picorv32_pcpi_fast_mul
sky130_fd_sc_hd__a21oi_2,_09855_,picorv32_pcpi_fast_mul
sky130_fd_sc_hd__and2b_2,_09856_,picorv32_pcpi_fast_mul
sky130_fd_sc_hd__xnor2_2,_09857_,picorv32_pcpi_fast_mul
sky130_fd_sc_hd__xnor2_2,_09858_,picorv32_pcpi_fast_mul
sky130_fd_sc_hd__a21oi_2,_09859_,picorv32_pcpi_fast_mul
sky130_fd_sc_hd__nor2_2,_09860_,picorv32_pcpi_fast_mul
sky130_fd_sc_hd__nand2_2,_09861_,picorv32_pcpi_fast_mul
sky130_fd_sc_hd__xnor2_2,_09862_,picorv32_pcpi_fast_mul
sky130_fd_sc_hd__xnor2_2,_09863_,picorv32_pcpi_fast_mul
sky130_fd_sc_hd__o21ai_2,_09864_,picorv32_pcpi_fast_mul
sky130_fd_sc_hd__nand2_2,_09865_,picorv32_pcpi_fast_mul
sky130_fd_sc_hd__xor2_2,_09866_,picorv32_pcpi_fast_mul
sky130_fd_sc_hd__xnor2_2,_09867_,picorv32_pcpi_fast_mul
sky130_fd_sc_hd__xor2_2,_09868_,picorv32_pcpi_fast_mul
sky130_fd_sc_hd__nand2_2,_09869_,picorv32_pcpi_fast_mul
sky130_fd_sc_hd__xor2_2,_09870_,picorv32_pcpi_fast_mul
sky130_fd_sc_hd__a21o_2,_09871_,picorv32_pcpi_fast_mul
sky130_fd_sc_hd__nor2_2,_09872_,picorv32_pcpi_fast_mul
sky130_fd_sc_hd__o21a_2,_09873_,picorv32_pcpi_fast_mul
sky130_fd_sc_hd__xnor2_2,_09874_,picorv32_pcpi_fast_mul
sky130_fd_sc_hd__or2_2,_09875_,picorv32_pcpi_fast_mul
sky130_fd_sc_hd__nand2_2,_09876_,picorv32_pcpi_fast_mul
sky130_fd_sc_hd__nand2_2,_09877_,picorv32_pcpi_fast_mul
sky130_fd_sc_hd__or2_2,_09878_,picorv32_pcpi_fast_mul
sky130_fd_sc_hd__a21bo_2,_09879_,picorv32_pcpi_fast_mul
sky130_fd_sc_hd__nor2_2,_09880_,picorv32_pcpi_fast_mul
sky130_fd_sc_hd__or3_2,_09881_,picorv32_pcpi_fast_mul
sky130_fd_sc_hd__xnor2_2,_09882_,picorv32_pcpi_fast_mul
sky130_fd_sc_hd__a22oi_2,_09883_,picorv32_pcpi_fast_mul
sky130_fd_sc_hd__and4_2,_09884_,picorv32_pcpi_fast_mul
sky130_fd_sc_hd__nor2_2,_09885_,picorv32_pcpi_fast_mul
sky130_fd_sc_hd__nand2_2,_09886_,picorv32_pcpi_fast_mul
sky130_fd_sc_hd__xnor2_2,_09887_,picorv32_pcpi_fast_mul
sky130_fd_sc_hd__o21ba_2,_09888_,picorv32_pcpi_fast_mul
sky130_fd_sc_hd__nand2b_2,_09889_,picorv32_pcpi_fast_mul
sky130_fd_sc_hd__xnor2_2,_09890_,picorv32_pcpi_fast_mul
sky130_fd_sc_hd__nand2_2,_09891_,picorv32_pcpi_fast_mul
sky130_fd_sc_hd__xnor2_2,_09892_,picorv32_pcpi_fast_mul
sky130_fd_sc_hd__a21oi_2,_09893_,picorv32_pcpi_fast_mul
sky130_fd_sc_hd__and3_2,_09894_,picorv32_pcpi_fast_mul
sky130_fd_sc_hd__a211oi_2,_09895_,picorv32_pcpi_fast_mul
sky130_fd_sc_hd__o211a_2,_09896_,picorv32_pcpi_fast_mul
sky130_fd_sc_hd__a21o_2,_09897_,picorv32_pcpi_fast_mul
sky130_fd_sc_hd__nand2_2,_09898_,picorv32_pcpi_fast_mul
sky130_fd_sc_hd__o21bai_2,_09899_,picorv32_pcpi_fast_mul
sky130_fd_sc_hd__a22o_2,_09900_,picorv32_pcpi_fast_mul
sky130_fd_sc_hd__nand4_2,_09901_,picorv32_pcpi_fast_mul
sky130_fd_sc_hd__a22o_2,_09902_,picorv32_pcpi_fast_mul
sky130_fd_sc_hd__nand4_2,_09903_,picorv32_pcpi_fast_mul
sky130_fd_sc_hd__nand3_2,_09904_,picorv32_pcpi_fast_mul
sky130_fd_sc_hd__a21o_2,_09905_,picorv32_pcpi_fast_mul
sky130_fd_sc_hd__nand3_2,_09906_,picorv32_pcpi_fast_mul
sky130_fd_sc_hd__a21o_2,_09907_,picorv32_pcpi_fast_mul
sky130_fd_sc_hd__and3_2,_09908_,picorv32_pcpi_fast_mul
sky130_fd_sc_hd__a21oi_2,_09909_,picorv32_pcpi_fast_mul
sky130_fd_sc_hd__a211oi_2,_09910_,picorv32_pcpi_fast_mul
sky130_fd_sc_hd__a211o_2,_09911_,picorv32_pcpi_fast_mul
sky130_fd_sc_hd__o211ai_2,_09912_,picorv32_pcpi_fast_mul
sky130_fd_sc_hd__o211a_2,_09913_,picorv32_pcpi_fast_mul
sky130_fd_sc_hd__a211oi_2,_09914_,picorv32_pcpi_fast_mul
sky130_fd_sc_hd__nor4_2,_09915_,picorv32_pcpi_fast_mul
sky130_fd_sc_hd__o22a_2,_09916_,picorv32_pcpi_fast_mul
sky130_fd_sc_hd__a211o_2,_09917_,picorv32_pcpi_fast_mul
sky130_fd_sc_hd__o211ai_2,_09918_,picorv32_pcpi_fast_mul
sky130_fd_sc_hd__and3_2,_09919_,picorv32_pcpi_fast_mul
sky130_fd_sc_hd__a21oi_2,_09920_,picorv32_pcpi_fast_mul
sky130_fd_sc_hd__nor2_2,_09921_,picorv32_pcpi_fast_mul
sky130_fd_sc_hd__a22oi_2,_09922_,picorv32_pcpi_fast_mul
sky130_fd_sc_hd__and4_2,_09923_,picorv32_pcpi_fast_mul
sky130_fd_sc_hd__nor2_2,_09924_,picorv32_pcpi_fast_mul
sky130_fd_sc_hd__nand2_2,_09925_,picorv32_pcpi_fast_mul
sky130_fd_sc_hd__xnor2_2,_09926_,picorv32_pcpi_fast_mul
sky130_fd_sc_hd__a22o_2,_09927_,picorv32_pcpi_fast_mul
sky130_fd_sc_hd__nand4_2,_09928_,picorv32_pcpi_fast_mul
sky130_fd_sc_hd__and2_2,_09929_,picorv32_pcpi_fast_mul
sky130_fd_sc_hd__a21o_2,_09930_,picorv32_pcpi_fast_mul
sky130_fd_sc_hd__nand3_2,_09931_,picorv32_pcpi_fast_mul
sky130_fd_sc_hd__a21bo_2,_09932_,picorv32_pcpi_fast_mul
sky130_fd_sc_hd__and3_2,_09933_,picorv32_pcpi_fast_mul
sky130_fd_sc_hd__a21o_2,_09934_,picorv32_pcpi_fast_mul
sky130_fd_sc_hd__and2b_2,_09935_,picorv32_pcpi_fast_mul
sky130_fd_sc_hd__xnor2_2,_09936_,picorv32_pcpi_fast_mul
sky130_fd_sc_hd__nand2_2,_09937_,picorv32_pcpi_fast_mul
sky130_fd_sc_hd__o21bai_2,_09938_,picorv32_pcpi_fast_mul
sky130_fd_sc_hd__a22o_2,_09939_,picorv32_pcpi_fast_mul
sky130_fd_sc_hd__nand4_2,_09940_,picorv32_pcpi_fast_mul
sky130_fd_sc_hd__a22o_2,_09941_,picorv32_pcpi_fast_mul
sky130_fd_sc_hd__nand4_2,_09942_,picorv32_pcpi_fast_mul
sky130_fd_sc_hd__nand3_2,_09943_,picorv32_pcpi_fast_mul
sky130_fd_sc_hd__a21o_2,_09944_,picorv32_pcpi_fast_mul
sky130_fd_sc_hd__nand3_2,_09945_,picorv32_pcpi_fast_mul
sky130_fd_sc_hd__a21o_2,_09946_,picorv32_pcpi_fast_mul
sky130_fd_sc_hd__a21bo_2,_09947_,picorv32_pcpi_fast_mul
sky130_fd_sc_hd__and3_2,_09948_,picorv32_pcpi_fast_mul
sky130_fd_sc_hd__inv_2,_09949_,picorv32_pcpi_fast_mul
sky130_fd_sc_hd__a21oi_2,_09950_,picorv32_pcpi_fast_mul
sky130_fd_sc_hd__nor3_2,_09951_,picorv32_pcpi_fast_mul
sky130_fd_sc_hd__or3_2,_09952_,picorv32_pcpi_fast_mul
sky130_fd_sc_hd__o21a_2,_09953_,picorv32_pcpi_fast_mul
sky130_fd_sc_hd__a211oi_2,_09954_,picorv32_pcpi_fast_mul
sky130_fd_sc_hd__o211a_2,_09955_,picorv32_pcpi_fast_mul
sky130_fd_sc_hd__a211oi_2,_09956_,picorv32_pcpi_fast_mul
sky130_fd_sc_hd__o211a_2,_09957_,picorv32_pcpi_fast_mul
sky130_fd_sc_hd__nand2_2,_09958_,picorv32_pcpi_fast_mul
sky130_fd_sc_hd__a21bo_2,_09959_,picorv32_pcpi_fast_mul
sky130_fd_sc_hd__a22oi_2,_09960_,picorv32_pcpi_fast_mul
sky130_fd_sc_hd__and4_2,_09961_,picorv32_pcpi_fast_mul
sky130_fd_sc_hd__nor2_2,_09962_,picorv32_pcpi_fast_mul
sky130_fd_sc_hd__nand2_2,_09963_,picorv32_pcpi_fast_mul
sky130_fd_sc_hd__xnor2_2,_09964_,picorv32_pcpi_fast_mul
sky130_fd_sc_hd__a22o_2,_09965_,picorv32_pcpi_fast_mul
sky130_fd_sc_hd__nand4_2,_09966_,picorv32_pcpi_fast_mul
sky130_fd_sc_hd__and2_2,_09967_,picorv32_pcpi_fast_mul
sky130_fd_sc_hd__a21o_2,_09968_,picorv32_pcpi_fast_mul
sky130_fd_sc_hd__nand3_2,_09969_,picorv32_pcpi_fast_mul
sky130_fd_sc_hd__a21bo_2,_09970_,picorv32_pcpi_fast_mul
sky130_fd_sc_hd__nand3_2,_09971_,picorv32_pcpi_fast_mul
sky130_fd_sc_hd__a21o_2,_09972_,picorv32_pcpi_fast_mul
sky130_fd_sc_hd__nand3_2,_09973_,picorv32_pcpi_fast_mul
sky130_fd_sc_hd__a21o_2,_09974_,picorv32_pcpi_fast_mul
sky130_fd_sc_hd__nand3_2,_09975_,picorv32_pcpi_fast_mul
sky130_fd_sc_hd__a21o_2,_09976_,picorv32_pcpi_fast_mul
sky130_fd_sc_hd__nand3_2,_09977_,picorv32_pcpi_fast_mul
sky130_fd_sc_hd__a21o_2,_09978_,picorv32_pcpi_fast_mul
sky130_fd_sc_hd__nand2_2,_09979_,picorv32_pcpi_fast_mul
sky130_fd_sc_hd__a31o_2,_09980_,picorv32_pcpi_fast_mul
sky130_fd_sc_hd__a22o_2,_09981_,picorv32_pcpi_fast_mul
sky130_fd_sc_hd__nand3_2,_09982_,picorv32_pcpi_fast_mul
sky130_fd_sc_hd__nand4_2,_09983_,picorv32_pcpi_fast_mul
sky130_fd_sc_hd__a22o_2,_09984_,picorv32_pcpi_fast_mul
sky130_fd_sc_hd__nand4_2,_09985_,picorv32_pcpi_fast_mul
sky130_fd_sc_hd__nand3_2,_09986_,picorv32_pcpi_fast_mul
sky130_fd_sc_hd__a21o_2,_09987_,picorv32_pcpi_fast_mul
sky130_fd_sc_hd__nand3_2,_09988_,picorv32_pcpi_fast_mul
sky130_fd_sc_hd__a21o_2,_09989_,picorv32_pcpi_fast_mul
sky130_fd_sc_hd__and3_2,_09990_,picorv32_pcpi_fast_mul
sky130_fd_sc_hd__nor2_2,_09991_,picorv32_pcpi_fast_mul
sky130_fd_sc_hd__o21ba_2,_09992_,picorv32_pcpi_fast_mul
sky130_fd_sc_hd__nand3_2,_09993_,picorv32_pcpi_fast_mul
sky130_fd_sc_hd__a21o_2,_09994_,picorv32_pcpi_fast_mul
sky130_fd_sc_hd__a31o_2,_09995_,picorv32_pcpi_fast_mul
sky130_fd_sc_hd__and3_2,_09996_,picorv32_pcpi_fast_mul
sky130_fd_sc_hd__nand3_2,_09997_,picorv32_pcpi_fast_mul
sky130_fd_sc_hd__a21o_2,_09998_,picorv32_pcpi_fast_mul
sky130_fd_sc_hd__and4_2,_09999_,picorv32_pcpi_fast_mul
sky130_fd_sc_hd__a22oi_2,_10000_,picorv32_pcpi_fast_mul
sky130_fd_sc_hd__a211o_2,_10001_,picorv32_pcpi_fast_mul
sky130_fd_sc_hd__o211ai_2,_10002_,picorv32_pcpi_fast_mul
sky130_fd_sc_hd__or4bb_2,_10003_,picorv32_pcpi_fast_mul
sky130_fd_sc_hd__a2bb2o_2,_10004_,picorv32_pcpi_fast_mul
sky130_fd_sc_hd__nand2_2,_10005_,picorv32_pcpi_fast_mul
sky130_fd_sc_hd__a21oi_2,_10006_,picorv32_pcpi_fast_mul
sky130_fd_sc_hd__nor2_2,_10007_,picorv32_pcpi_fast_mul
sky130_fd_sc_hd__xor2_2,_10008_,picorv32_pcpi_fast_mul
sky130_fd_sc_hd__xnor2_2,_10009_,picorv32_pcpi_fast_mul
sky130_fd_sc_hd__a21oi_2,_10010_,picorv32_pcpi_fast_mul
sky130_fd_sc_hd__nor2_2,_10011_,picorv32_pcpi_fast_mul
sky130_fd_sc_hd__nand2_2,_10012_,picorv32_pcpi_fast_mul
sky130_fd_sc_hd__xnor2_2,_10013_,picorv32_pcpi_fast_mul
sky130_fd_sc_hd__xnor2_2,_10014_,picorv32_pcpi_fast_mul
sky130_fd_sc_hd__a21o_2,_10015_,picorv32_pcpi_fast_mul
sky130_fd_sc_hd__nand2_2,_10016_,picorv32_pcpi_fast_mul
sky130_fd_sc_hd__xor2_2,_10017_,picorv32_pcpi_fast_mul
sky130_fd_sc_hd__xnor2_2,_10018_,picorv32_pcpi_fast_mul
sky130_fd_sc_hd__a21boi_2,_10019_,picorv32_pcpi_fast_mul
sky130_fd_sc_hd__or2_2,_10020_,picorv32_pcpi_fast_mul
sky130_fd_sc_hd__xnor2_2,_10021_,picorv32_pcpi_fast_mul
sky130_fd_sc_hd__a21o_2,_10022_,picorv32_pcpi_fast_mul
sky130_fd_sc_hd__o21ai_2,_10023_,picorv32_pcpi_fast_mul
sky130_fd_sc_hd__and2b_2,_10024_,picorv32_pcpi_fast_mul
sky130_fd_sc_hd__a21oi_2,_10025_,picorv32_pcpi_fast_mul
sky130_fd_sc_hd__xor2_2,_10026_,picorv32_pcpi_fast_mul
sky130_fd_sc_hd__a21boi_2,_10027_,picorv32_pcpi_fast_mul
sky130_fd_sc_hd__a21boi_2,_10028_,picorv32_pcpi_fast_mul
sky130_fd_sc_hd__nor2_2,_10029_,picorv32_pcpi_fast_mul
sky130_fd_sc_hd__or2_2,_10030_,picorv32_pcpi_fast_mul
sky130_fd_sc_hd__nand2_2,_10031_,picorv32_pcpi_fast_mul
sky130_fd_sc_hd__nand2_2,_10032_,picorv32_pcpi_fast_mul
sky130_fd_sc_hd__nand2_2,_10033_,picorv32_pcpi_fast_mul
sky130_fd_sc_hd__nand2_2,_10034_,picorv32_pcpi_fast_mul
sky130_fd_sc_hd__or2_2,_10035_,picorv32_pcpi_fast_mul
sky130_fd_sc_hd__a21bo_2,_10036_,picorv32_pcpi_fast_mul
sky130_fd_sc_hd__nor2_2,_10037_,picorv32_pcpi_fast_mul
sky130_fd_sc_hd__or3_2,_10038_,picorv32_pcpi_fast_mul
sky130_fd_sc_hd__xnor2_2,_10039_,picorv32_pcpi_fast_mul
sky130_fd_sc_hd__a22oi_2,_10040_,picorv32_pcpi_fast_mul
sky130_fd_sc_hd__and4_2,_10041_,picorv32_pcpi_fast_mul
sky130_fd_sc_hd__nor2_2,_10042_,picorv32_pcpi_fast_mul
sky130_fd_sc_hd__nand2_2,_10043_,picorv32_pcpi_fast_mul
sky130_fd_sc_hd__xnor2_2,_10044_,picorv32_pcpi_fast_mul
sky130_fd_sc_hd__o21ba_2,_10045_,picorv32_pcpi_fast_mul
sky130_fd_sc_hd__nand2b_2,_10046_,picorv32_pcpi_fast_mul
sky130_fd_sc_hd__xnor2_2,_10047_,picorv32_pcpi_fast_mul
sky130_fd_sc_hd__nand2_2,_10048_,picorv32_pcpi_fast_mul
sky130_fd_sc_hd__xnor2_2,_10049_,picorv32_pcpi_fast_mul
sky130_fd_sc_hd__a21oi_2,_10050_,picorv32_pcpi_fast_mul
sky130_fd_sc_hd__and3_2,_10051_,picorv32_pcpi_fast_mul
sky130_fd_sc_hd__a211oi_2,_10052_,picorv32_pcpi_fast_mul
sky130_fd_sc_hd__o211a_2,_10053_,picorv32_pcpi_fast_mul
sky130_fd_sc_hd__a21o_2,_10054_,picorv32_pcpi_fast_mul
sky130_fd_sc_hd__nand2_2,_10055_,picorv32_pcpi_fast_mul
sky130_fd_sc_hd__o21bai_2,_10056_,picorv32_pcpi_fast_mul
sky130_fd_sc_hd__a22o_2,_10057_,picorv32_pcpi_fast_mul
sky130_fd_sc_hd__nand4_2,_10058_,picorv32_pcpi_fast_mul
sky130_fd_sc_hd__a22o_2,_10059_,picorv32_pcpi_fast_mul
sky130_fd_sc_hd__nand4_2,_10060_,picorv32_pcpi_fast_mul
sky130_fd_sc_hd__nand3_2,_10061_,picorv32_pcpi_fast_mul
sky130_fd_sc_hd__a21o_2,_10062_,picorv32_pcpi_fast_mul
sky130_fd_sc_hd__nand3_2,_10063_,picorv32_pcpi_fast_mul
sky130_fd_sc_hd__a21o_2,_10064_,picorv32_pcpi_fast_mul
sky130_fd_sc_hd__and3_2,_10065_,picorv32_pcpi_fast_mul
sky130_fd_sc_hd__a21oi_2,_10066_,picorv32_pcpi_fast_mul
sky130_fd_sc_hd__a211oi_2,_10067_,picorv32_pcpi_fast_mul
sky130_fd_sc_hd__a211o_2,_10068_,picorv32_pcpi_fast_mul
sky130_fd_sc_hd__o211ai_2,_10069_,picorv32_pcpi_fast_mul
sky130_fd_sc_hd__o211a_2,_10070_,picorv32_pcpi_fast_mul
sky130_fd_sc_hd__a211oi_2,_10071_,picorv32_pcpi_fast_mul
sky130_fd_sc_hd__nor4_2,_10072_,picorv32_pcpi_fast_mul
sky130_fd_sc_hd__or4_2,_10073_,picorv32_pcpi_fast_mul
sky130_fd_sc_hd__o22ai_2,_10074_,picorv32_pcpi_fast_mul
sky130_fd_sc_hd__o211ai_2,_10075_,picorv32_pcpi_fast_mul
sky130_fd_sc_hd__a211o_2,_10076_,picorv32_pcpi_fast_mul
sky130_fd_sc_hd__o211ai_2,_10077_,picorv32_pcpi_fast_mul
sky130_fd_sc_hd__a211o_2,_10078_,picorv32_pcpi_fast_mul
sky130_fd_sc_hd__a22oi_2,_10079_,picorv32_pcpi_fast_mul
sky130_fd_sc_hd__and4_2,_10080_,picorv32_pcpi_fast_mul
sky130_fd_sc_hd__nor2_2,_10081_,picorv32_pcpi_fast_mul
sky130_fd_sc_hd__nand2_2,_10082_,picorv32_pcpi_fast_mul
sky130_fd_sc_hd__xnor2_2,_10083_,picorv32_pcpi_fast_mul
sky130_fd_sc_hd__a22o_2,_10084_,picorv32_pcpi_fast_mul
sky130_fd_sc_hd__nand4_2,_10085_,picorv32_pcpi_fast_mul
sky130_fd_sc_hd__and2_2,_10086_,picorv32_pcpi_fast_mul
sky130_fd_sc_hd__a21o_2,_10087_,picorv32_pcpi_fast_mul
sky130_fd_sc_hd__nand3_2,_10088_,picorv32_pcpi_fast_mul
sky130_fd_sc_hd__a21bo_2,_10089_,picorv32_pcpi_fast_mul
sky130_fd_sc_hd__and3_2,_10090_,picorv32_pcpi_fast_mul
sky130_fd_sc_hd__a21o_2,_10091_,picorv32_pcpi_fast_mul
sky130_fd_sc_hd__and2b_2,_10092_,picorv32_pcpi_fast_mul
sky130_fd_sc_hd__xnor2_2,_10093_,picorv32_pcpi_fast_mul
sky130_fd_sc_hd__nand2_2,_10094_,picorv32_pcpi_fast_mul
sky130_fd_sc_hd__o21bai_2,_10095_,picorv32_pcpi_fast_mul
sky130_fd_sc_hd__a22o_2,_10096_,picorv32_pcpi_fast_mul
sky130_fd_sc_hd__nand4_2,_10097_,picorv32_pcpi_fast_mul
sky130_fd_sc_hd__a22o_2,_10098_,picorv32_pcpi_fast_mul
sky130_fd_sc_hd__nand4_2,_10099_,picorv32_pcpi_fast_mul
sky130_fd_sc_hd__nand3_2,_10100_,picorv32_pcpi_fast_mul
sky130_fd_sc_hd__a21o_2,_10101_,picorv32_pcpi_fast_mul
sky130_fd_sc_hd__nand3_2,_10102_,picorv32_pcpi_fast_mul
sky130_fd_sc_hd__a21o_2,_10103_,picorv32_pcpi_fast_mul
sky130_fd_sc_hd__a21bo_2,_10104_,picorv32_pcpi_fast_mul
sky130_fd_sc_hd__and3_2,_10105_,picorv32_pcpi_fast_mul
sky130_fd_sc_hd__inv_2,_10106_,picorv32_pcpi_fast_mul
sky130_fd_sc_hd__a21oi_2,_10107_,picorv32_pcpi_fast_mul
sky130_fd_sc_hd__nor3_2,_10108_,picorv32_pcpi_fast_mul
sky130_fd_sc_hd__or3_2,_10109_,picorv32_pcpi_fast_mul
sky130_fd_sc_hd__o21a_2,_10110_,picorv32_pcpi_fast_mul
sky130_fd_sc_hd__a211oi_2,_10111_,picorv32_pcpi_fast_mul
sky130_fd_sc_hd__o211a_2,_10112_,picorv32_pcpi_fast_mul
sky130_fd_sc_hd__a211oi_2,_10113_,picorv32_pcpi_fast_mul
sky130_fd_sc_hd__o211a_2,_10114_,picorv32_pcpi_fast_mul
sky130_fd_sc_hd__nand2_2,_10115_,picorv32_pcpi_fast_mul
sky130_fd_sc_hd__a21bo_2,_10116_,picorv32_pcpi_fast_mul
sky130_fd_sc_hd__a22oi_2,_10117_,picorv32_pcpi_fast_mul
sky130_fd_sc_hd__and4_2,_10118_,picorv32_pcpi_fast_mul
sky130_fd_sc_hd__nor2_2,_10119_,picorv32_pcpi_fast_mul
sky130_fd_sc_hd__nand2_2,_10120_,picorv32_pcpi_fast_mul
sky130_fd_sc_hd__xnor2_2,_10121_,picorv32_pcpi_fast_mul
sky130_fd_sc_hd__a22o_2,_10122_,picorv32_pcpi_fast_mul
sky130_fd_sc_hd__nand4_2,_10123_,picorv32_pcpi_fast_mul
sky130_fd_sc_hd__and2_2,_10124_,picorv32_pcpi_fast_mul
sky130_fd_sc_hd__a21o_2,_10125_,picorv32_pcpi_fast_mul
sky130_fd_sc_hd__nand3_2,_10126_,picorv32_pcpi_fast_mul
sky130_fd_sc_hd__a21bo_2,_10127_,picorv32_pcpi_fast_mul
sky130_fd_sc_hd__nand3_2,_10128_,picorv32_pcpi_fast_mul
sky130_fd_sc_hd__a21o_2,_10129_,picorv32_pcpi_fast_mul
sky130_fd_sc_hd__nand3_2,_10130_,picorv32_pcpi_fast_mul
sky130_fd_sc_hd__a21o_2,_10131_,picorv32_pcpi_fast_mul
sky130_fd_sc_hd__nand3_2,_10132_,picorv32_pcpi_fast_mul
sky130_fd_sc_hd__a21o_2,_10133_,picorv32_pcpi_fast_mul
sky130_fd_sc_hd__nand3_2,_10134_,picorv32_pcpi_fast_mul
sky130_fd_sc_hd__a21o_2,_10135_,picorv32_pcpi_fast_mul
sky130_fd_sc_hd__nand2_2,_10136_,picorv32_pcpi_fast_mul
sky130_fd_sc_hd__o21a_2,_10137_,picorv32_pcpi_fast_mul
sky130_fd_sc_hd__a22o_2,_10138_,picorv32_pcpi_fast_mul
sky130_fd_sc_hd__nand4_2,_10139_,picorv32_pcpi_fast_mul
sky130_fd_sc_hd__nand3_2,_10140_,picorv32_pcpi_fast_mul
sky130_fd_sc_hd__a21o_2,_10141_,picorv32_pcpi_fast_mul
sky130_fd_sc_hd__nand3_2,_10142_,picorv32_pcpi_fast_mul
sky130_fd_sc_hd__a21o_2,_10143_,picorv32_pcpi_fast_mul
sky130_fd_sc_hd__nand3_2,_10144_,picorv32_pcpi_fast_mul
sky130_fd_sc_hd__a21o_2,_10145_,picorv32_pcpi_fast_mul
sky130_fd_sc_hd__a31o_2,_10146_,picorv32_pcpi_fast_mul
sky130_fd_sc_hd__nand3_2,_10147_,picorv32_pcpi_fast_mul
sky130_fd_sc_hd__a21o_2,_10148_,picorv32_pcpi_fast_mul
sky130_fd_sc_hd__nand4_2,_10149_,picorv32_pcpi_fast_mul
sky130_fd_sc_hd__a22o_2,_10150_,picorv32_pcpi_fast_mul
sky130_fd_sc_hd__o211a_2,_10151_,picorv32_pcpi_fast_mul
sky130_fd_sc_hd__a211oi_2,_10152_,picorv32_pcpi_fast_mul
sky130_fd_sc_hd__nor4_2,_10153_,picorv32_pcpi_fast_mul
sky130_fd_sc_hd__o22a_2,_10154_,picorv32_pcpi_fast_mul
sky130_fd_sc_hd__a211o_2,_10155_,picorv32_pcpi_fast_mul
sky130_fd_sc_hd__o211ai_2,_10156_,picorv32_pcpi_fast_mul
sky130_fd_sc_hd__nand4_2,_10157_,picorv32_pcpi_fast_mul
sky130_fd_sc_hd__a22o_2,_10158_,picorv32_pcpi_fast_mul
sky130_fd_sc_hd__nand2_2,_10159_,picorv32_pcpi_fast_mul
sky130_fd_sc_hd__a21oi_2,_10160_,picorv32_pcpi_fast_mul
sky130_fd_sc_hd__or2_2,_10161_,picorv32_pcpi_fast_mul
sky130_fd_sc_hd__xnor2_2,_10162_,picorv32_pcpi_fast_mul
sky130_fd_sc_hd__xnor2_2,_10163_,picorv32_pcpi_fast_mul
sky130_fd_sc_hd__a21oi_2,_10164_,picorv32_pcpi_fast_mul
sky130_fd_sc_hd__or2_2,_10165_,picorv32_pcpi_fast_mul
sky130_fd_sc_hd__xor2_2,_10166_,picorv32_pcpi_fast_mul
sky130_fd_sc_hd__nand2_2,_10167_,picorv32_pcpi_fast_mul
sky130_fd_sc_hd__xnor2_2,_10168_,picorv32_pcpi_fast_mul
sky130_fd_sc_hd__xnor2_2,_10169_,picorv32_pcpi_fast_mul
sky130_fd_sc_hd__o21ai_2,_10170_,picorv32_pcpi_fast_mul
sky130_fd_sc_hd__xnor2_2,_10171_,picorv32_pcpi_fast_mul
sky130_fd_sc_hd__nor2_2,_10172_,picorv32_pcpi_fast_mul
sky130_fd_sc_hd__a21o_2,_10173_,picorv32_pcpi_fast_mul
sky130_fd_sc_hd__nand3_2,_10174_,picorv32_pcpi_fast_mul
sky130_fd_sc_hd__nand2_2,_10175_,picorv32_pcpi_fast_mul
sky130_fd_sc_hd__nand2_2,_10176_,picorv32_pcpi_fast_mul
sky130_fd_sc_hd__nand2_2,_10177_,picorv32_pcpi_fast_mul
sky130_fd_sc_hd__or2_2,_10178_,picorv32_pcpi_fast_mul
sky130_fd_sc_hd__a21bo_2,_10179_,picorv32_pcpi_fast_mul
sky130_fd_sc_hd__nor2_2,_10180_,picorv32_pcpi_fast_mul
sky130_fd_sc_hd__or3_2,_10181_,picorv32_pcpi_fast_mul
sky130_fd_sc_hd__xnor2_2,_10182_,picorv32_pcpi_fast_mul
sky130_fd_sc_hd__a22oi_2,_10183_,picorv32_pcpi_fast_mul
sky130_fd_sc_hd__and4_2,_10184_,picorv32_pcpi_fast_mul
sky130_fd_sc_hd__nor2_2,_10185_,picorv32_pcpi_fast_mul
sky130_fd_sc_hd__nand2_2,_10186_,picorv32_pcpi_fast_mul
sky130_fd_sc_hd__xnor2_2,_10187_,picorv32_pcpi_fast_mul
sky130_fd_sc_hd__o21ba_2,_10188_,picorv32_pcpi_fast_mul
sky130_fd_sc_hd__nand2b_2,_10189_,picorv32_pcpi_fast_mul
sky130_fd_sc_hd__xnor2_2,_10190_,picorv32_pcpi_fast_mul
sky130_fd_sc_hd__nand2_2,_10191_,picorv32_pcpi_fast_mul
sky130_fd_sc_hd__xnor2_2,_10192_,picorv32_pcpi_fast_mul
sky130_fd_sc_hd__a21oi_2,_10193_,picorv32_pcpi_fast_mul
sky130_fd_sc_hd__and3_2,_10194_,picorv32_pcpi_fast_mul
sky130_fd_sc_hd__a211oi_2,_10195_,picorv32_pcpi_fast_mul
sky130_fd_sc_hd__o211a_2,_10196_,picorv32_pcpi_fast_mul
sky130_fd_sc_hd__a21o_2,_10197_,picorv32_pcpi_fast_mul
sky130_fd_sc_hd__nand2_2,_10198_,picorv32_pcpi_fast_mul
sky130_fd_sc_hd__o21bai_2,_10199_,picorv32_pcpi_fast_mul
sky130_fd_sc_hd__a22o_2,_10200_,picorv32_pcpi_fast_mul
sky130_fd_sc_hd__nand4_2,_10201_,picorv32_pcpi_fast_mul
sky130_fd_sc_hd__a22o_2,_10202_,picorv32_pcpi_fast_mul
sky130_fd_sc_hd__nand4_2,_10203_,picorv32_pcpi_fast_mul
sky130_fd_sc_hd__nand3_2,_10204_,picorv32_pcpi_fast_mul
sky130_fd_sc_hd__a21o_2,_10205_,picorv32_pcpi_fast_mul
sky130_fd_sc_hd__nand3_2,_10206_,picorv32_pcpi_fast_mul
sky130_fd_sc_hd__a21o_2,_10207_,picorv32_pcpi_fast_mul
sky130_fd_sc_hd__and3_2,_10208_,picorv32_pcpi_fast_mul
sky130_fd_sc_hd__a21oi_2,_10209_,picorv32_pcpi_fast_mul
sky130_fd_sc_hd__a211oi_2,_10210_,picorv32_pcpi_fast_mul
sky130_fd_sc_hd__a211o_2,_10211_,picorv32_pcpi_fast_mul
sky130_fd_sc_hd__o211ai_2,_10212_,picorv32_pcpi_fast_mul
sky130_fd_sc_hd__o211a_2,_10213_,picorv32_pcpi_fast_mul
sky130_fd_sc_hd__a211oi_2,_10214_,picorv32_pcpi_fast_mul
sky130_fd_sc_hd__nor4_2,_10215_,picorv32_pcpi_fast_mul
sky130_fd_sc_hd__or4_2,_10216_,picorv32_pcpi_fast_mul
sky130_fd_sc_hd__o22ai_2,_10217_,picorv32_pcpi_fast_mul
sky130_fd_sc_hd__o211ai_2,_10218_,picorv32_pcpi_fast_mul
sky130_fd_sc_hd__inv_2,_10219_,picorv32_pcpi_fast_mul
sky130_fd_sc_hd__a211o_2,_10220_,picorv32_pcpi_fast_mul
sky130_fd_sc_hd__o211a_2,_10221_,picorv32_pcpi_fast_mul
sky130_fd_sc_hd__a211oi_2,_10222_,picorv32_pcpi_fast_mul
sky130_fd_sc_hd__a22oi_2,_10223_,picorv32_pcpi_fast_mul
sky130_fd_sc_hd__and4_2,_10224_,picorv32_pcpi_fast_mul
sky130_fd_sc_hd__nor2_2,_10225_,picorv32_pcpi_fast_mul
sky130_fd_sc_hd__nand2_2,_10226_,picorv32_pcpi_fast_mul
sky130_fd_sc_hd__xnor2_2,_10227_,picorv32_pcpi_fast_mul
sky130_fd_sc_hd__a22o_2,_10228_,picorv32_pcpi_fast_mul
sky130_fd_sc_hd__nand4_2,_10229_,picorv32_pcpi_fast_mul
sky130_fd_sc_hd__and2_2,_10230_,picorv32_pcpi_fast_mul
sky130_fd_sc_hd__a21o_2,_10231_,picorv32_pcpi_fast_mul
sky130_fd_sc_hd__nand3_2,_10232_,picorv32_pcpi_fast_mul
sky130_fd_sc_hd__a21bo_2,_10233_,picorv32_pcpi_fast_mul
sky130_fd_sc_hd__and3_2,_10234_,picorv32_pcpi_fast_mul
sky130_fd_sc_hd__a21o_2,_10235_,picorv32_pcpi_fast_mul
sky130_fd_sc_hd__and2b_2,_10236_,picorv32_pcpi_fast_mul
sky130_fd_sc_hd__xnor2_2,_10237_,picorv32_pcpi_fast_mul
sky130_fd_sc_hd__nand2_2,_10238_,picorv32_pcpi_fast_mul
sky130_fd_sc_hd__o21bai_2,_10239_,picorv32_pcpi_fast_mul
sky130_fd_sc_hd__a22o_2,_10240_,picorv32_pcpi_fast_mul
sky130_fd_sc_hd__nand4_2,_10241_,picorv32_pcpi_fast_mul
sky130_fd_sc_hd__a22o_2,_10242_,picorv32_pcpi_fast_mul
sky130_fd_sc_hd__nand4_2,_10243_,picorv32_pcpi_fast_mul
sky130_fd_sc_hd__nand3_2,_10244_,picorv32_pcpi_fast_mul
sky130_fd_sc_hd__a21o_2,_10245_,picorv32_pcpi_fast_mul
sky130_fd_sc_hd__nand3_2,_10246_,picorv32_pcpi_fast_mul
sky130_fd_sc_hd__a21o_2,_10247_,picorv32_pcpi_fast_mul
sky130_fd_sc_hd__a21bo_2,_10248_,picorv32_pcpi_fast_mul
sky130_fd_sc_hd__and3_2,_10249_,picorv32_pcpi_fast_mul
sky130_fd_sc_hd__inv_2,_10250_,picorv32_pcpi_fast_mul
sky130_fd_sc_hd__a21oi_2,_10251_,picorv32_pcpi_fast_mul
sky130_fd_sc_hd__nor3_2,_10252_,picorv32_pcpi_fast_mul
sky130_fd_sc_hd__or3_2,_10253_,picorv32_pcpi_fast_mul
sky130_fd_sc_hd__o21a_2,_10254_,picorv32_pcpi_fast_mul
sky130_fd_sc_hd__a211oi_2,_10255_,picorv32_pcpi_fast_mul
sky130_fd_sc_hd__o211a_2,_10256_,picorv32_pcpi_fast_mul
sky130_fd_sc_hd__a211oi_2,_10257_,picorv32_pcpi_fast_mul
sky130_fd_sc_hd__o211a_2,_10258_,picorv32_pcpi_fast_mul
sky130_fd_sc_hd__nand2_2,_10259_,picorv32_pcpi_fast_mul
sky130_fd_sc_hd__a21bo_2,_10260_,picorv32_pcpi_fast_mul
sky130_fd_sc_hd__a22oi_2,_10261_,picorv32_pcpi_fast_mul
sky130_fd_sc_hd__and4_2,_10262_,picorv32_pcpi_fast_mul
sky130_fd_sc_hd__nor2_2,_10263_,picorv32_pcpi_fast_mul
sky130_fd_sc_hd__nand2_2,_10264_,picorv32_pcpi_fast_mul
sky130_fd_sc_hd__xnor2_2,_10265_,picorv32_pcpi_fast_mul
sky130_fd_sc_hd__a22o_2,_10266_,picorv32_pcpi_fast_mul
sky130_fd_sc_hd__nand4_2,_10267_,picorv32_pcpi_fast_mul
sky130_fd_sc_hd__and2_2,_10268_,picorv32_pcpi_fast_mul
sky130_fd_sc_hd__a21o_2,_10269_,picorv32_pcpi_fast_mul
sky130_fd_sc_hd__nand3_2,_10270_,picorv32_pcpi_fast_mul
sky130_fd_sc_hd__a21bo_2,_10271_,picorv32_pcpi_fast_mul
sky130_fd_sc_hd__nand3_2,_10272_,picorv32_pcpi_fast_mul
sky130_fd_sc_hd__a21o_2,_10273_,picorv32_pcpi_fast_mul
sky130_fd_sc_hd__nand3_2,_10274_,picorv32_pcpi_fast_mul
sky130_fd_sc_hd__a21o_2,_10275_,picorv32_pcpi_fast_mul
sky130_fd_sc_hd__nand3_2,_10276_,picorv32_pcpi_fast_mul
sky130_fd_sc_hd__a21o_2,_10277_,picorv32_pcpi_fast_mul
sky130_fd_sc_hd__nand3_2,_10278_,picorv32_pcpi_fast_mul
sky130_fd_sc_hd__a21o_2,_10279_,picorv32_pcpi_fast_mul
sky130_fd_sc_hd__nand2_2,_10280_,picorv32_pcpi_fast_mul
sky130_fd_sc_hd__a22o_2,_10281_,picorv32_pcpi_fast_mul
sky130_fd_sc_hd__nand4_2,_10282_,picorv32_pcpi_fast_mul
sky130_fd_sc_hd__nand3_2,_10283_,picorv32_pcpi_fast_mul
sky130_fd_sc_hd__a21o_2,_10284_,picorv32_pcpi_fast_mul
sky130_fd_sc_hd__nand3_2,_10285_,picorv32_pcpi_fast_mul
sky130_fd_sc_hd__a21o_2,_10286_,picorv32_pcpi_fast_mul
sky130_fd_sc_hd__nand3_2,_10287_,picorv32_pcpi_fast_mul
sky130_fd_sc_hd__a21o_2,_10288_,picorv32_pcpi_fast_mul
sky130_fd_sc_hd__a31o_2,_10289_,picorv32_pcpi_fast_mul
sky130_fd_sc_hd__nand3_2,_10290_,picorv32_pcpi_fast_mul
sky130_fd_sc_hd__a21o_2,_10291_,picorv32_pcpi_fast_mul
sky130_fd_sc_hd__and4_2,_10292_,picorv32_pcpi_fast_mul
sky130_fd_sc_hd__nand4_2,_10293_,picorv32_pcpi_fast_mul
sky130_fd_sc_hd__a22oi_2,_10294_,picorv32_pcpi_fast_mul
sky130_fd_sc_hd__a211o_2,_10295_,picorv32_pcpi_fast_mul
sky130_fd_sc_hd__o211ai_2,_10296_,picorv32_pcpi_fast_mul
sky130_fd_sc_hd__or4bb_2,_10297_,picorv32_pcpi_fast_mul
sky130_fd_sc_hd__a2bb2o_2,_10298_,picorv32_pcpi_fast_mul
sky130_fd_sc_hd__o211a_2,_10299_,picorv32_pcpi_fast_mul
sky130_fd_sc_hd__a211oi_2,_10300_,picorv32_pcpi_fast_mul
sky130_fd_sc_hd__nor4_2,_10301_,picorv32_pcpi_fast_mul
sky130_fd_sc_hd__o22a_2,_10302_,picorv32_pcpi_fast_mul
sky130_fd_sc_hd__a211oi_2,_10303_,picorv32_pcpi_fast_mul
sky130_fd_sc_hd__o211a_2,_10304_,picorv32_pcpi_fast_mul
sky130_fd_sc_hd__nor3_2,_10305_,picorv32_pcpi_fast_mul
sky130_fd_sc_hd__o21a_2,_10306_,picorv32_pcpi_fast_mul
sky130_fd_sc_hd__or2_2,_10307_,picorv32_pcpi_fast_mul
sky130_fd_sc_hd__o21ai_2,_10308_,picorv32_pcpi_fast_mul
sky130_fd_sc_hd__and2b_2,_10309_,picorv32_pcpi_fast_mul
sky130_fd_sc_hd__xor2_2,_10310_,picorv32_pcpi_fast_mul
sky130_fd_sc_hd__nor2_2,_10311_,picorv32_pcpi_fast_mul
sky130_fd_sc_hd__xnor2_2,_10312_,picorv32_pcpi_fast_mul
sky130_fd_sc_hd__a21o_2,_10313_,picorv32_pcpi_fast_mul
sky130_fd_sc_hd__nand3_2,_10314_,picorv32_pcpi_fast_mul
sky130_fd_sc_hd__and2_2,_10315_,picorv32_pcpi_fast_mul
sky130_fd_sc_hd__nor2_2,_10316_,picorv32_pcpi_fast_mul
sky130_fd_sc_hd__and2_2,_10317_,picorv32_pcpi_fast_mul
sky130_fd_sc_hd__a21o_2,_10318_,picorv32_pcpi_fast_mul
sky130_fd_sc_hd__o21ai_2,_10319_,picorv32_pcpi_fast_mul
sky130_fd_sc_hd__a221o_2,_10320_,picorv32_pcpi_fast_mul
sky130_fd_sc_hd__nand4_2,_10321_,picorv32_pcpi_fast_mul
sky130_fd_sc_hd__nand2b_2,_10322_,picorv32_pcpi_fast_mul
sky130_fd_sc_hd__xor2_2,_10323_,picorv32_pcpi_fast_mul
sky130_fd_sc_hd__nor2_2,_10324_,picorv32_pcpi_fast_mul
sky130_fd_sc_hd__nor2_2,_10325_,picorv32_pcpi_fast_mul
sky130_fd_sc_hd__or2_2,_10326_,picorv32_pcpi_fast_mul
sky130_fd_sc_hd__xnor2_2,_10327_,picorv32_pcpi_fast_mul
sky130_fd_sc_hd__nand2_2,_10328_,picorv32_pcpi_fast_mul
sky130_fd_sc_hd__nand2_2,_10329_,picorv32_pcpi_fast_mul
sky130_fd_sc_hd__or2_2,_10330_,picorv32_pcpi_fast_mul
sky130_fd_sc_hd__a21bo_2,_10331_,picorv32_pcpi_fast_mul
sky130_fd_sc_hd__nor2_2,_10332_,picorv32_pcpi_fast_mul
sky130_fd_sc_hd__or3_2,_10333_,picorv32_pcpi_fast_mul
sky130_fd_sc_hd__xnor2_2,_10334_,picorv32_pcpi_fast_mul
sky130_fd_sc_hd__a22oi_2,_10335_,picorv32_pcpi_fast_mul
sky130_fd_sc_hd__and4_2,_10336_,picorv32_pcpi_fast_mul
sky130_fd_sc_hd__nor2_2,_10337_,picorv32_pcpi_fast_mul
sky130_fd_sc_hd__nand2_2,_10338_,picorv32_pcpi_fast_mul
sky130_fd_sc_hd__xnor2_2,_10339_,picorv32_pcpi_fast_mul
sky130_fd_sc_hd__o21ba_2,_10340_,picorv32_pcpi_fast_mul
sky130_fd_sc_hd__nand2b_2,_10341_,picorv32_pcpi_fast_mul
sky130_fd_sc_hd__xnor2_2,_10342_,picorv32_pcpi_fast_mul
sky130_fd_sc_hd__nand2_2,_10343_,picorv32_pcpi_fast_mul
sky130_fd_sc_hd__xnor2_2,_10344_,picorv32_pcpi_fast_mul
sky130_fd_sc_hd__a21oi_2,_10345_,picorv32_pcpi_fast_mul
sky130_fd_sc_hd__and3_2,_10346_,picorv32_pcpi_fast_mul
sky130_fd_sc_hd__a211oi_2,_10347_,picorv32_pcpi_fast_mul
sky130_fd_sc_hd__o211a_2,_10348_,picorv32_pcpi_fast_mul
sky130_fd_sc_hd__a21o_2,_10349_,picorv32_pcpi_fast_mul
sky130_fd_sc_hd__nand2_2,_10350_,picorv32_pcpi_fast_mul
sky130_fd_sc_hd__o21bai_2,_10351_,picorv32_pcpi_fast_mul
sky130_fd_sc_hd__a22o_2,_10352_,picorv32_pcpi_fast_mul
sky130_fd_sc_hd__nand4_2,_10353_,picorv32_pcpi_fast_mul
sky130_fd_sc_hd__a22o_2,_10354_,picorv32_pcpi_fast_mul
sky130_fd_sc_hd__nand4_2,_10355_,picorv32_pcpi_fast_mul
sky130_fd_sc_hd__nand3_2,_10356_,picorv32_pcpi_fast_mul
sky130_fd_sc_hd__a21o_2,_10357_,picorv32_pcpi_fast_mul
sky130_fd_sc_hd__nand3_2,_10358_,picorv32_pcpi_fast_mul
sky130_fd_sc_hd__a21o_2,_10359_,picorv32_pcpi_fast_mul
sky130_fd_sc_hd__and3_2,_10360_,picorv32_pcpi_fast_mul
sky130_fd_sc_hd__a21oi_2,_10361_,picorv32_pcpi_fast_mul
sky130_fd_sc_hd__a211oi_2,_10362_,picorv32_pcpi_fast_mul
sky130_fd_sc_hd__a211o_2,_10363_,picorv32_pcpi_fast_mul
sky130_fd_sc_hd__o211ai_2,_10364_,picorv32_pcpi_fast_mul
sky130_fd_sc_hd__o211a_2,_10365_,picorv32_pcpi_fast_mul
sky130_fd_sc_hd__a211oi_2,_10366_,picorv32_pcpi_fast_mul
sky130_fd_sc_hd__nor4_2,_10367_,picorv32_pcpi_fast_mul
sky130_fd_sc_hd__or4_2,_10368_,picorv32_pcpi_fast_mul
sky130_fd_sc_hd__o22ai_2,_10369_,picorv32_pcpi_fast_mul
sky130_fd_sc_hd__o211ai_2,_10370_,picorv32_pcpi_fast_mul
sky130_fd_sc_hd__inv_2,_10371_,picorv32_pcpi_fast_mul
sky130_fd_sc_hd__a211o_2,_10372_,picorv32_pcpi_fast_mul
sky130_fd_sc_hd__o211a_2,_10373_,picorv32_pcpi_fast_mul
sky130_fd_sc_hd__a211oi_2,_10374_,picorv32_pcpi_fast_mul
sky130_fd_sc_hd__a22oi_2,_10375_,picorv32_pcpi_fast_mul
sky130_fd_sc_hd__and4_2,_10376_,picorv32_pcpi_fast_mul
sky130_fd_sc_hd__nor2_2,_10377_,picorv32_pcpi_fast_mul
sky130_fd_sc_hd__nand2_2,_10378_,picorv32_pcpi_fast_mul
sky130_fd_sc_hd__xnor2_2,_10379_,picorv32_pcpi_fast_mul
sky130_fd_sc_hd__a22o_2,_10380_,picorv32_pcpi_fast_mul
sky130_fd_sc_hd__nand4_2,_10381_,picorv32_pcpi_fast_mul
sky130_fd_sc_hd__and2_2,_10382_,picorv32_pcpi_fast_mul
sky130_fd_sc_hd__a21o_2,_10383_,picorv32_pcpi_fast_mul
sky130_fd_sc_hd__nand3_2,_10384_,picorv32_pcpi_fast_mul
sky130_fd_sc_hd__a21bo_2,_10385_,picorv32_pcpi_fast_mul
sky130_fd_sc_hd__and3_2,_10386_,picorv32_pcpi_fast_mul
sky130_fd_sc_hd__a21o_2,_10387_,picorv32_pcpi_fast_mul
sky130_fd_sc_hd__and2b_2,_10388_,picorv32_pcpi_fast_mul
sky130_fd_sc_hd__xnor2_2,_10389_,picorv32_pcpi_fast_mul
sky130_fd_sc_hd__nand2_2,_10390_,picorv32_pcpi_fast_mul
sky130_fd_sc_hd__o21bai_2,_10391_,picorv32_pcpi_fast_mul
sky130_fd_sc_hd__a22o_2,_10392_,picorv32_pcpi_fast_mul
sky130_fd_sc_hd__nand4_2,_10393_,picorv32_pcpi_fast_mul
sky130_fd_sc_hd__a22o_2,_10394_,picorv32_pcpi_fast_mul
sky130_fd_sc_hd__nand4_2,_10395_,picorv32_pcpi_fast_mul
sky130_fd_sc_hd__nand3_2,_10396_,picorv32_pcpi_fast_mul
sky130_fd_sc_hd__a21o_2,_10397_,picorv32_pcpi_fast_mul
sky130_fd_sc_hd__nand3_2,_10398_,picorv32_pcpi_fast_mul
sky130_fd_sc_hd__a21o_2,_10399_,picorv32_pcpi_fast_mul
sky130_fd_sc_hd__a21bo_2,_10400_,picorv32_pcpi_fast_mul
sky130_fd_sc_hd__and3_2,_10401_,picorv32_pcpi_fast_mul
sky130_fd_sc_hd__a21oi_2,_10402_,picorv32_pcpi_fast_mul
sky130_fd_sc_hd__nor3_2,_10403_,picorv32_pcpi_fast_mul
sky130_fd_sc_hd__o21a_2,_10404_,picorv32_pcpi_fast_mul
sky130_fd_sc_hd__a211oi_2,_10405_,picorv32_pcpi_fast_mul
sky130_fd_sc_hd__o211a_2,_10406_,picorv32_pcpi_fast_mul
sky130_fd_sc_hd__a211oi_2,_10407_,picorv32_pcpi_fast_mul
sky130_fd_sc_hd__o211a_2,_10408_,picorv32_pcpi_fast_mul
sky130_fd_sc_hd__nand2_2,_10409_,picorv32_pcpi_fast_mul
sky130_fd_sc_hd__a21bo_2,_10410_,picorv32_pcpi_fast_mul
sky130_fd_sc_hd__a22oi_2,_10411_,picorv32_pcpi_fast_mul
sky130_fd_sc_hd__and4_2,_10412_,picorv32_pcpi_fast_mul
sky130_fd_sc_hd__nor2_2,_10413_,picorv32_pcpi_fast_mul
sky130_fd_sc_hd__nand2_2,_10414_,picorv32_pcpi_fast_mul
sky130_fd_sc_hd__xnor2_2,_10415_,picorv32_pcpi_fast_mul
sky130_fd_sc_hd__nand3_2,_10416_,picorv32_pcpi_fast_mul
sky130_fd_sc_hd__nand4_2,_10417_,picorv32_pcpi_fast_mul
sky130_fd_sc_hd__a22o_2,_10418_,picorv32_pcpi_fast_mul
sky130_fd_sc_hd__and2_2,_10419_,picorv32_pcpi_fast_mul
sky130_fd_sc_hd__a21o_2,_10420_,picorv32_pcpi_fast_mul
sky130_fd_sc_hd__nand3_2,_10421_,picorv32_pcpi_fast_mul
sky130_fd_sc_hd__a21bo_2,_10422_,picorv32_pcpi_fast_mul
sky130_fd_sc_hd__nand3_2,_10423_,picorv32_pcpi_fast_mul
sky130_fd_sc_hd__a21o_2,_10424_,picorv32_pcpi_fast_mul
sky130_fd_sc_hd__nand3_2,_10425_,picorv32_pcpi_fast_mul
sky130_fd_sc_hd__a21o_2,_10426_,picorv32_pcpi_fast_mul
sky130_fd_sc_hd__nand3_2,_10427_,picorv32_pcpi_fast_mul
sky130_fd_sc_hd__a21o_2,_10428_,picorv32_pcpi_fast_mul
sky130_fd_sc_hd__nand3_2,_10429_,picorv32_pcpi_fast_mul
sky130_fd_sc_hd__a21o_2,_10430_,picorv32_pcpi_fast_mul
sky130_fd_sc_hd__a31oi_2,_10431_,picorv32_pcpi_fast_mul
sky130_fd_sc_hd__nand2_2,_10432_,picorv32_pcpi_fast_mul
sky130_fd_sc_hd__nand3_2,_10433_,picorv32_pcpi_fast_mul
sky130_fd_sc_hd__a21o_2,_10434_,picorv32_pcpi_fast_mul
sky130_fd_sc_hd__nand2_2,_10435_,picorv32_pcpi_fast_mul
sky130_fd_sc_hd__a21bo_2,_10436_,picorv32_pcpi_fast_mul
sky130_fd_sc_hd__nand3b_2,_10437_,picorv32_pcpi_fast_mul
sky130_fd_sc_hd__a21oi_2,_10438_,picorv32_pcpi_fast_mul
sky130_fd_sc_hd__a21o_2,_10439_,picorv32_pcpi_fast_mul
sky130_fd_sc_hd__nand3_2,_10440_,picorv32_pcpi_fast_mul
sky130_fd_sc_hd__and4_2,_10441_,picorv32_pcpi_fast_mul
sky130_fd_sc_hd__a22oi_2,_10442_,picorv32_pcpi_fast_mul
sky130_fd_sc_hd__a211o_2,_10443_,picorv32_pcpi_fast_mul
sky130_fd_sc_hd__o211ai_2,_10444_,picorv32_pcpi_fast_mul
sky130_fd_sc_hd__and4bb_2,_10445_,picorv32_pcpi_fast_mul
sky130_fd_sc_hd__or4bb_2,_10446_,picorv32_pcpi_fast_mul
sky130_fd_sc_hd__a2bb2oi_2,_10447_,picorv32_pcpi_fast_mul
sky130_fd_sc_hd__a211oi_2,_10448_,picorv32_pcpi_fast_mul
sky130_fd_sc_hd__o211a_2,_10449_,picorv32_pcpi_fast_mul
sky130_fd_sc_hd__nor4_2,_10450_,picorv32_pcpi_fast_mul
sky130_fd_sc_hd__or4_2,_10451_,picorv32_pcpi_fast_mul
sky130_fd_sc_hd__o22ai_2,_10452_,picorv32_pcpi_fast_mul
sky130_fd_sc_hd__o211a_2,_10453_,picorv32_pcpi_fast_mul
sky130_fd_sc_hd__a211oi_2,_10454_,picorv32_pcpi_fast_mul
sky130_fd_sc_hd__or3_2,_10455_,picorv32_pcpi_fast_mul
sky130_fd_sc_hd__o21ai_2,_10456_,picorv32_pcpi_fast_mul
sky130_fd_sc_hd__o211a_2,_10457_,picorv32_pcpi_fast_mul
sky130_fd_sc_hd__a211oi_2,_10458_,picorv32_pcpi_fast_mul
sky130_fd_sc_hd__nor2_2,_10459_,picorv32_pcpi_fast_mul
sky130_fd_sc_hd__xnor2_2,_10460_,picorv32_pcpi_fast_mul
sky130_fd_sc_hd__o21ai_2,_10461_,picorv32_pcpi_fast_mul
sky130_fd_sc_hd__or3_2,_10462_,picorv32_pcpi_fast_mul
sky130_fd_sc_hd__and2_2,_10463_,picorv32_pcpi_fast_mul
sky130_fd_sc_hd__a21bo_2,_10464_,picorv32_pcpi_fast_mul
sky130_fd_sc_hd__xor2_2,_10465_,picorv32_pcpi_fast_mul
sky130_fd_sc_hd__nor2_2,_10466_,picorv32_pcpi_fast_mul
sky130_fd_sc_hd__nor2_2,_10467_,picorv32_pcpi_fast_mul
sky130_fd_sc_hd__or2_2,_10468_,picorv32_pcpi_fast_mul
sky130_fd_sc_hd__xnor2_2,_10469_,picorv32_pcpi_fast_mul
sky130_fd_sc_hd__nand2_2,_10470_,picorv32_pcpi_fast_mul
sky130_fd_sc_hd__nand2_2,_10471_,picorv32_pcpi_fast_mul
sky130_fd_sc_hd__or2_2,_10472_,picorv32_pcpi_fast_mul
sky130_fd_sc_hd__a2bb2o_2,_10473_,picorv32_pcpi_fast_mul
sky130_fd_sc_hd__or2_2,_10474_,picorv32_pcpi_fast_mul
sky130_fd_sc_hd__nand2_2,_10475_,picorv32_pcpi_fast_mul
sky130_fd_sc_hd__or2_2,_10476_,picorv32_pcpi_fast_mul
sky130_fd_sc_hd__and2_2,_10477_,picorv32_pcpi_fast_mul
sky130_fd_sc_hd__a22oi_2,_10478_,picorv32_pcpi_fast_mul
sky130_fd_sc_hd__and4_2,_10479_,picorv32_pcpi_fast_mul
sky130_fd_sc_hd__nor2_2,_10480_,picorv32_pcpi_fast_mul
sky130_fd_sc_hd__nand2_2,_10481_,picorv32_pcpi_fast_mul
sky130_fd_sc_hd__xnor2_2,_10482_,picorv32_pcpi_fast_mul
sky130_fd_sc_hd__o21ba_2,_10483_,picorv32_pcpi_fast_mul
sky130_fd_sc_hd__nand2b_2,_10484_,picorv32_pcpi_fast_mul
sky130_fd_sc_hd__xnor2_2,_10485_,picorv32_pcpi_fast_mul
sky130_fd_sc_hd__nand2_2,_10486_,picorv32_pcpi_fast_mul
sky130_fd_sc_hd__xnor2_2,_10487_,picorv32_pcpi_fast_mul
sky130_fd_sc_hd__a21oi_2,_10488_,picorv32_pcpi_fast_mul
sky130_fd_sc_hd__and3_2,_10489_,picorv32_pcpi_fast_mul
sky130_fd_sc_hd__a211oi_2,_10490_,picorv32_pcpi_fast_mul
sky130_fd_sc_hd__o211a_2,_10491_,picorv32_pcpi_fast_mul
sky130_fd_sc_hd__a21o_2,_10492_,picorv32_pcpi_fast_mul
sky130_fd_sc_hd__nand2_2,_10493_,picorv32_pcpi_fast_mul
sky130_fd_sc_hd__o21bai_2,_10494_,picorv32_pcpi_fast_mul
sky130_fd_sc_hd__a22o_2,_10495_,picorv32_pcpi_fast_mul
sky130_fd_sc_hd__nand4_2,_10496_,picorv32_pcpi_fast_mul
sky130_fd_sc_hd__a22o_2,_10497_,picorv32_pcpi_fast_mul
sky130_fd_sc_hd__nand4_2,_10498_,picorv32_pcpi_fast_mul
sky130_fd_sc_hd__nand3_2,_10499_,picorv32_pcpi_fast_mul
sky130_fd_sc_hd__a21o_2,_10500_,picorv32_pcpi_fast_mul
sky130_fd_sc_hd__nand3_2,_10501_,picorv32_pcpi_fast_mul
sky130_fd_sc_hd__a21o_2,_10502_,picorv32_pcpi_fast_mul
sky130_fd_sc_hd__and3_2,_10503_,picorv32_pcpi_fast_mul
sky130_fd_sc_hd__nand3_2,_10504_,picorv32_pcpi_fast_mul
sky130_fd_sc_hd__a21oi_2,_10505_,picorv32_pcpi_fast_mul
sky130_fd_sc_hd__a211o_2,_10506_,picorv32_pcpi_fast_mul
sky130_fd_sc_hd__o211ai_2,_10507_,picorv32_pcpi_fast_mul
sky130_fd_sc_hd__o211ai_2,_10508_,picorv32_pcpi_fast_mul
sky130_fd_sc_hd__a211o_2,_10509_,picorv32_pcpi_fast_mul
sky130_fd_sc_hd__or4bb_2,_10510_,picorv32_pcpi_fast_mul
sky130_fd_sc_hd__a2bb2o_2,_10511_,picorv32_pcpi_fast_mul
sky130_fd_sc_hd__o211ai_2,_10512_,picorv32_pcpi_fast_mul
sky130_fd_sc_hd__a211o_2,_10513_,picorv32_pcpi_fast_mul
sky130_fd_sc_hd__o211ai_2,_10514_,picorv32_pcpi_fast_mul
sky130_fd_sc_hd__a211o_2,_10515_,picorv32_pcpi_fast_mul
sky130_fd_sc_hd__a22oi_2,_10516_,picorv32_pcpi_fast_mul
sky130_fd_sc_hd__and4_2,_10517_,picorv32_pcpi_fast_mul
sky130_fd_sc_hd__nor2_2,_10518_,picorv32_pcpi_fast_mul
sky130_fd_sc_hd__nand2_2,_10519_,picorv32_pcpi_fast_mul
sky130_fd_sc_hd__xnor2_2,_10520_,picorv32_pcpi_fast_mul
sky130_fd_sc_hd__a22o_2,_10521_,picorv32_pcpi_fast_mul
sky130_fd_sc_hd__nand4_2,_10522_,picorv32_pcpi_fast_mul
sky130_fd_sc_hd__and2_2,_10523_,picorv32_pcpi_fast_mul
sky130_fd_sc_hd__a21o_2,_10524_,picorv32_pcpi_fast_mul
sky130_fd_sc_hd__nand3_2,_10525_,picorv32_pcpi_fast_mul
sky130_fd_sc_hd__a21bo_2,_10526_,picorv32_pcpi_fast_mul
sky130_fd_sc_hd__and3_2,_10527_,picorv32_pcpi_fast_mul
sky130_fd_sc_hd__a21o_2,_10528_,picorv32_pcpi_fast_mul
sky130_fd_sc_hd__and2b_2,_10529_,picorv32_pcpi_fast_mul
sky130_fd_sc_hd__xnor2_2,_10530_,picorv32_pcpi_fast_mul
sky130_fd_sc_hd__nand2_2,_10531_,picorv32_pcpi_fast_mul
sky130_fd_sc_hd__o21bai_2,_10532_,picorv32_pcpi_fast_mul
sky130_fd_sc_hd__a22o_2,_10533_,picorv32_pcpi_fast_mul
sky130_fd_sc_hd__nand4_2,_10534_,picorv32_pcpi_fast_mul
sky130_fd_sc_hd__a22o_2,_10535_,picorv32_pcpi_fast_mul
sky130_fd_sc_hd__nand4_2,_10536_,picorv32_pcpi_fast_mul
sky130_fd_sc_hd__nand3_2,_10537_,picorv32_pcpi_fast_mul
sky130_fd_sc_hd__a21o_2,_10538_,picorv32_pcpi_fast_mul
sky130_fd_sc_hd__nand3_2,_10539_,picorv32_pcpi_fast_mul
sky130_fd_sc_hd__a21o_2,_10540_,picorv32_pcpi_fast_mul
sky130_fd_sc_hd__a21bo_2,_10541_,picorv32_pcpi_fast_mul
sky130_fd_sc_hd__and3_2,_10542_,picorv32_pcpi_fast_mul
sky130_fd_sc_hd__inv_2,_10543_,picorv32_pcpi_fast_mul
sky130_fd_sc_hd__a21oi_2,_10544_,picorv32_pcpi_fast_mul
sky130_fd_sc_hd__nor3_2,_10545_,picorv32_pcpi_fast_mul
sky130_fd_sc_hd__inv_2,_10546_,picorv32_pcpi_fast_mul
sky130_fd_sc_hd__o21a_2,_10547_,picorv32_pcpi_fast_mul
sky130_fd_sc_hd__a211o_2,_10548_,picorv32_pcpi_fast_mul
sky130_fd_sc_hd__o211ai_2,_10549_,picorv32_pcpi_fast_mul
sky130_fd_sc_hd__o211ai_2,_10550_,picorv32_pcpi_fast_mul
sky130_fd_sc_hd__a211o_2,_10551_,picorv32_pcpi_fast_mul
sky130_fd_sc_hd__nand2_2,_10552_,picorv32_pcpi_fast_mul
sky130_fd_sc_hd__a21boi_2,_10553_,picorv32_pcpi_fast_mul
sky130_fd_sc_hd__a21bo_2,_10554_,picorv32_pcpi_fast_mul
sky130_fd_sc_hd__a22oi_2,_10555_,picorv32_pcpi_fast_mul
sky130_fd_sc_hd__and4_2,_10556_,picorv32_pcpi_fast_mul
sky130_fd_sc_hd__nor2_2,_10557_,picorv32_pcpi_fast_mul
sky130_fd_sc_hd__nand2_2,_10558_,picorv32_pcpi_fast_mul
sky130_fd_sc_hd__xnor2_2,_10559_,picorv32_pcpi_fast_mul
sky130_fd_sc_hd__o21a_2,_10560_,picorv32_pcpi_fast_mul
sky130_fd_sc_hd__and2_2,_10561_,picorv32_pcpi_fast_mul
sky130_fd_sc_hd__a21o_2,_10562_,picorv32_pcpi_fast_mul
sky130_fd_sc_hd__nand3_2,_10563_,picorv32_pcpi_fast_mul
sky130_fd_sc_hd__a21bo_2,_10564_,picorv32_pcpi_fast_mul
sky130_fd_sc_hd__nand3_2,_10565_,picorv32_pcpi_fast_mul
sky130_fd_sc_hd__a21o_2,_10566_,picorv32_pcpi_fast_mul
sky130_fd_sc_hd__nand3_2,_10567_,picorv32_pcpi_fast_mul
sky130_fd_sc_hd__a21o_2,_10568_,picorv32_pcpi_fast_mul
sky130_fd_sc_hd__nand3_2,_10569_,picorv32_pcpi_fast_mul
sky130_fd_sc_hd__a21o_2,_10570_,picorv32_pcpi_fast_mul
sky130_fd_sc_hd__nand3_2,_10571_,picorv32_pcpi_fast_mul
sky130_fd_sc_hd__a21o_2,_10572_,picorv32_pcpi_fast_mul
sky130_fd_sc_hd__and3_2,_10573_,picorv32_pcpi_fast_mul
sky130_fd_sc_hd__nand3_2,_10574_,picorv32_pcpi_fast_mul
sky130_fd_sc_hd__a21oi_2,_10575_,picorv32_pcpi_fast_mul
sky130_fd_sc_hd__nand3_2,_10576_,picorv32_pcpi_fast_mul
sky130_fd_sc_hd__a21o_2,_10577_,picorv32_pcpi_fast_mul
sky130_fd_sc_hd__a31o_2,_10578_,picorv32_pcpi_fast_mul
sky130_fd_sc_hd__and3_2,_10579_,picorv32_pcpi_fast_mul
sky130_fd_sc_hd__nand3_2,_10580_,picorv32_pcpi_fast_mul
sky130_fd_sc_hd__a21o_2,_10581_,picorv32_pcpi_fast_mul
sky130_fd_sc_hd__and4_2,_10582_,picorv32_pcpi_fast_mul
sky130_fd_sc_hd__a22oi_2,_10583_,picorv32_pcpi_fast_mul
sky130_fd_sc_hd__a211o_2,_10584_,picorv32_pcpi_fast_mul
sky130_fd_sc_hd__inv_2,_10585_,picorv32_pcpi_fast_mul
sky130_fd_sc_hd__o211ai_2,_10586_,picorv32_pcpi_fast_mul
sky130_fd_sc_hd__and4_2,_10587_,picorv32_pcpi_fast_mul
sky130_fd_sc_hd__nand4_2,_10588_,picorv32_pcpi_fast_mul
sky130_fd_sc_hd__a22o_2,_10589_,picorv32_pcpi_fast_mul
sky130_fd_sc_hd__o211a_2,_10590_,picorv32_pcpi_fast_mul
sky130_fd_sc_hd__a211oi_2,_10591_,picorv32_pcpi_fast_mul
sky130_fd_sc_hd__nor3_2,_10592_,picorv32_pcpi_fast_mul
sky130_fd_sc_hd__o21a_2,_10593_,picorv32_pcpi_fast_mul
sky130_fd_sc_hd__or2_2,_10594_,picorv32_pcpi_fast_mul
sky130_fd_sc_hd__and2b_2,_10595_,picorv32_pcpi_fast_mul
sky130_fd_sc_hd__nor2_2,_10596_,picorv32_pcpi_fast_mul
sky130_fd_sc_hd__inv_2,_10597_,picorv32_pcpi_fast_mul
sky130_fd_sc_hd__xor2_2,_10598_,picorv32_pcpi_fast_mul
sky130_fd_sc_hd__nand2b_2,_10599_,picorv32_pcpi_fast_mul
sky130_fd_sc_hd__xor2_2,_10600_,picorv32_pcpi_fast_mul
sky130_fd_sc_hd__o21ba_2,_10601_,picorv32_pcpi_fast_mul
sky130_fd_sc_hd__nor2_2,_10602_,picorv32_pcpi_fast_mul
sky130_fd_sc_hd__xor2_2,_10603_,picorv32_pcpi_fast_mul
sky130_fd_sc_hd__inv_2,_10604_,picorv32_pcpi_fast_mul
sky130_fd_sc_hd__a21bo_2,_10605_,picorv32_pcpi_fast_mul
sky130_fd_sc_hd__and2_2,_10606_,picorv32_pcpi_fast_mul
sky130_fd_sc_hd__a21bo_2,_10607_,picorv32_pcpi_fast_mul
sky130_fd_sc_hd__xnor2_2,_10608_,picorv32_pcpi_fast_mul
sky130_fd_sc_hd__nor2_2,_10609_,picorv32_pcpi_fast_mul
sky130_fd_sc_hd__a21o_2,_10610_,picorv32_pcpi_fast_mul
sky130_fd_sc_hd__nand3_2,_10611_,picorv32_pcpi_fast_mul
sky130_fd_sc_hd__nand2_2,_10612_,picorv32_pcpi_fast_mul
sky130_fd_sc_hd__nand2_2,_10613_,picorv32_pcpi_fast_mul
sky130_fd_sc_hd__nand2_2,_10614_,picorv32_pcpi_fast_mul
sky130_fd_sc_hd__nand2_2,_10615_,picorv32_pcpi_fast_mul
sky130_fd_sc_hd__or2_2,_10616_,picorv32_pcpi_fast_mul
sky130_fd_sc_hd__a21bo_2,_10617_,picorv32_pcpi_fast_mul
sky130_fd_sc_hd__nor2_2,_10618_,picorv32_pcpi_fast_mul
sky130_fd_sc_hd__or3_2,_10619_,picorv32_pcpi_fast_mul
sky130_fd_sc_hd__xnor2_2,_10620_,picorv32_pcpi_fast_mul
sky130_fd_sc_hd__a22oi_2,_10621_,picorv32_pcpi_fast_mul
sky130_fd_sc_hd__and4_2,_10622_,picorv32_pcpi_fast_mul
sky130_fd_sc_hd__nor2_2,_10623_,picorv32_pcpi_fast_mul
sky130_fd_sc_hd__nand2_2,_10624_,picorv32_pcpi_fast_mul
sky130_fd_sc_hd__xnor2_2,_10625_,picorv32_pcpi_fast_mul
sky130_fd_sc_hd__o21ba_2,_10626_,picorv32_pcpi_fast_mul
sky130_fd_sc_hd__nand2b_2,_10627_,picorv32_pcpi_fast_mul
sky130_fd_sc_hd__xnor2_2,_10628_,picorv32_pcpi_fast_mul
sky130_fd_sc_hd__nand2_2,_10629_,picorv32_pcpi_fast_mul
sky130_fd_sc_hd__xnor2_2,_10630_,picorv32_pcpi_fast_mul
sky130_fd_sc_hd__a21oi_2,_10631_,picorv32_pcpi_fast_mul
sky130_fd_sc_hd__and3_2,_10632_,picorv32_pcpi_fast_mul
sky130_fd_sc_hd__a211oi_2,_10633_,picorv32_pcpi_fast_mul
sky130_fd_sc_hd__o211a_2,_10634_,picorv32_pcpi_fast_mul
sky130_fd_sc_hd__a21o_2,_10635_,picorv32_pcpi_fast_mul
sky130_fd_sc_hd__nand2_2,_10636_,picorv32_pcpi_fast_mul
sky130_fd_sc_hd__o21bai_2,_10637_,picorv32_pcpi_fast_mul
sky130_fd_sc_hd__a22o_2,_10638_,picorv32_pcpi_fast_mul
sky130_fd_sc_hd__nand4_2,_10639_,picorv32_pcpi_fast_mul
sky130_fd_sc_hd__a22o_2,_10640_,picorv32_pcpi_fast_mul
sky130_fd_sc_hd__nand4_2,_10641_,picorv32_pcpi_fast_mul
sky130_fd_sc_hd__nand3_2,_10642_,picorv32_pcpi_fast_mul
sky130_fd_sc_hd__a21o_2,_10643_,picorv32_pcpi_fast_mul
sky130_fd_sc_hd__nand3_2,_10644_,picorv32_pcpi_fast_mul
sky130_fd_sc_hd__a21o_2,_10645_,picorv32_pcpi_fast_mul
sky130_fd_sc_hd__and3_2,_10646_,picorv32_pcpi_fast_mul
sky130_fd_sc_hd__a21oi_2,_10647_,picorv32_pcpi_fast_mul
sky130_fd_sc_hd__a211oi_2,_10648_,picorv32_pcpi_fast_mul
sky130_fd_sc_hd__o211a_2,_10649_,picorv32_pcpi_fast_mul
sky130_fd_sc_hd__a211oi_2,_10650_,picorv32_pcpi_fast_mul
sky130_fd_sc_hd__o211a_2,_10651_,picorv32_pcpi_fast_mul
sky130_fd_sc_hd__nor4_2,_10652_,picorv32_pcpi_fast_mul
sky130_fd_sc_hd__o22a_2,_10653_,picorv32_pcpi_fast_mul
sky130_fd_sc_hd__a211o_2,_10654_,picorv32_pcpi_fast_mul
sky130_fd_sc_hd__o211ai_2,_10655_,picorv32_pcpi_fast_mul
sky130_fd_sc_hd__nand3_2,_10656_,picorv32_pcpi_fast_mul
sky130_fd_sc_hd__a21o_2,_10657_,picorv32_pcpi_fast_mul
sky130_fd_sc_hd__a22oi_2,_10658_,picorv32_pcpi_fast_mul
sky130_fd_sc_hd__and4_2,_10659_,picorv32_pcpi_fast_mul
sky130_fd_sc_hd__nor2_2,_10660_,picorv32_pcpi_fast_mul
sky130_fd_sc_hd__nand2_2,_10661_,picorv32_pcpi_fast_mul
sky130_fd_sc_hd__xnor2_2,_10662_,picorv32_pcpi_fast_mul
sky130_fd_sc_hd__a22o_2,_10663_,picorv32_pcpi_fast_mul
sky130_fd_sc_hd__nand4_2,_10664_,picorv32_pcpi_fast_mul
sky130_fd_sc_hd__and2_2,_10665_,picorv32_pcpi_fast_mul
sky130_fd_sc_hd__a21o_2,_10666_,picorv32_pcpi_fast_mul
sky130_fd_sc_hd__nand3_2,_10667_,picorv32_pcpi_fast_mul
sky130_fd_sc_hd__a21bo_2,_10668_,picorv32_pcpi_fast_mul
sky130_fd_sc_hd__and3_2,_10669_,picorv32_pcpi_fast_mul
sky130_fd_sc_hd__a21o_2,_10670_,picorv32_pcpi_fast_mul
sky130_fd_sc_hd__and2b_2,_10671_,picorv32_pcpi_fast_mul
sky130_fd_sc_hd__xnor2_2,_10672_,picorv32_pcpi_fast_mul
sky130_fd_sc_hd__nand2_2,_10673_,picorv32_pcpi_fast_mul
sky130_fd_sc_hd__o21bai_2,_10674_,picorv32_pcpi_fast_mul
sky130_fd_sc_hd__a22o_2,_10675_,picorv32_pcpi_fast_mul
sky130_fd_sc_hd__nand4_2,_10676_,picorv32_pcpi_fast_mul
sky130_fd_sc_hd__a22o_2,_10677_,picorv32_pcpi_fast_mul
sky130_fd_sc_hd__nand4_2,_10678_,picorv32_pcpi_fast_mul
sky130_fd_sc_hd__nand3_2,_10679_,picorv32_pcpi_fast_mul
sky130_fd_sc_hd__a21o_2,_10680_,picorv32_pcpi_fast_mul
sky130_fd_sc_hd__nand3_2,_10681_,picorv32_pcpi_fast_mul
sky130_fd_sc_hd__a21o_2,_10682_,picorv32_pcpi_fast_mul
sky130_fd_sc_hd__a21bo_2,_10683_,picorv32_pcpi_fast_mul
sky130_fd_sc_hd__and3_2,_10684_,picorv32_pcpi_fast_mul
sky130_fd_sc_hd__a21oi_2,_10685_,picorv32_pcpi_fast_mul
sky130_fd_sc_hd__nor3_2,_10686_,picorv32_pcpi_fast_mul
sky130_fd_sc_hd__o21a_2,_10687_,picorv32_pcpi_fast_mul
sky130_fd_sc_hd__a211oi_2,_10688_,picorv32_pcpi_fast_mul
sky130_fd_sc_hd__o211a_2,_10689_,picorv32_pcpi_fast_mul
sky130_fd_sc_hd__a211oi_2,_10690_,picorv32_pcpi_fast_mul
sky130_fd_sc_hd__o211a_2,_10691_,picorv32_pcpi_fast_mul
sky130_fd_sc_hd__nand2_2,_10692_,picorv32_pcpi_fast_mul
sky130_fd_sc_hd__a22o_2,_10693_,picorv32_pcpi_fast_mul
sky130_fd_sc_hd__and3_2,_10694_,picorv32_pcpi_fast_mul
sky130_fd_sc_hd__a21bo_2,_10695_,picorv32_pcpi_fast_mul
sky130_fd_sc_hd__nand2_2,_10696_,picorv32_pcpi_fast_mul
sky130_fd_sc_hd__xor2_2,_10697_,picorv32_pcpi_fast_mul
sky130_fd_sc_hd__a21boi_2,_10698_,picorv32_pcpi_fast_mul
sky130_fd_sc_hd__and2_2,_10699_,picorv32_pcpi_fast_mul
sky130_fd_sc_hd__a21oi_2,_10700_,picorv32_pcpi_fast_mul
sky130_fd_sc_hd__and3_2,_10701_,picorv32_pcpi_fast_mul
sky130_fd_sc_hd__nor3_2,_10702_,picorv32_pcpi_fast_mul
sky130_fd_sc_hd__or3_2,_10703_,picorv32_pcpi_fast_mul
sky130_fd_sc_hd__o21ai_2,_10704_,picorv32_pcpi_fast_mul
sky130_fd_sc_hd__and3_2,_10705_,picorv32_pcpi_fast_mul
sky130_fd_sc_hd__a21oi_2,_10706_,picorv32_pcpi_fast_mul
sky130_fd_sc_hd__or3_2,_10707_,picorv32_pcpi_fast_mul
sky130_fd_sc_hd__o21ai_2,_10708_,picorv32_pcpi_fast_mul
sky130_fd_sc_hd__nand3_2,_10709_,picorv32_pcpi_fast_mul
sky130_fd_sc_hd__a21o_2,_10710_,picorv32_pcpi_fast_mul
sky130_fd_sc_hd__nand3_2,_10711_,picorv32_pcpi_fast_mul
sky130_fd_sc_hd__a21o_2,_10712_,picorv32_pcpi_fast_mul
sky130_fd_sc_hd__a31o_2,_10713_,picorv32_pcpi_fast_mul
sky130_fd_sc_hd__nand3_2,_10714_,picorv32_pcpi_fast_mul
sky130_fd_sc_hd__a21o_2,_10715_,picorv32_pcpi_fast_mul
sky130_fd_sc_hd__or4bb_2,_10716_,picorv32_pcpi_fast_mul
sky130_fd_sc_hd__a2bb2o_2,_10717_,picorv32_pcpi_fast_mul
sky130_fd_sc_hd__o211ai_2,_10718_,picorv32_pcpi_fast_mul
sky130_fd_sc_hd__a211o_2,_10719_,picorv32_pcpi_fast_mul
sky130_fd_sc_hd__nand4_2,_10720_,picorv32_pcpi_fast_mul
sky130_fd_sc_hd__a22o_2,_10721_,picorv32_pcpi_fast_mul
sky130_fd_sc_hd__o211a_2,_10722_,picorv32_pcpi_fast_mul
sky130_fd_sc_hd__a211oi_2,_10723_,picorv32_pcpi_fast_mul
sky130_fd_sc_hd__nor3_2,_10724_,picorv32_pcpi_fast_mul
sky130_fd_sc_hd__or3_2,_10725_,picorv32_pcpi_fast_mul
sky130_fd_sc_hd__o21ai_2,_10726_,picorv32_pcpi_fast_mul
sky130_fd_sc_hd__o211a_2,_10727_,picorv32_pcpi_fast_mul
sky130_fd_sc_hd__a211oi_2,_10728_,picorv32_pcpi_fast_mul
sky130_fd_sc_hd__nor3_2,_10729_,picorv32_pcpi_fast_mul
sky130_fd_sc_hd__o21a_2,_10730_,picorv32_pcpi_fast_mul
sky130_fd_sc_hd__o211a_2,_10731_,picorv32_pcpi_fast_mul
sky130_fd_sc_hd__a211o_2,_10732_,picorv32_pcpi_fast_mul
sky130_fd_sc_hd__and2b_2,_10733_,picorv32_pcpi_fast_mul
sky130_fd_sc_hd__a21oi_2,_10734_,picorv32_pcpi_fast_mul
sky130_fd_sc_hd__xnor2_2,_10735_,picorv32_pcpi_fast_mul
sky130_fd_sc_hd__nor2_2,_10736_,picorv32_pcpi_fast_mul
sky130_fd_sc_hd__a21o_2,_10737_,picorv32_pcpi_fast_mul
sky130_fd_sc_hd__nand3_2,_10738_,picorv32_pcpi_fast_mul
sky130_fd_sc_hd__nand2_2,_10739_,picorv32_pcpi_fast_mul
sky130_fd_sc_hd__nand2_2,_10740_,picorv32_pcpi_fast_mul
sky130_fd_sc_hd__nand2_2,_10741_,picorv32_pcpi_fast_mul
sky130_fd_sc_hd__or2_2,_10742_,picorv32_pcpi_fast_mul
sky130_fd_sc_hd__a2bb2o_2,_10743_,picorv32_pcpi_fast_mul
sky130_fd_sc_hd__or2_2,_10744_,picorv32_pcpi_fast_mul
sky130_fd_sc_hd__nand2_2,_10745_,picorv32_pcpi_fast_mul
sky130_fd_sc_hd__or2_2,_10746_,picorv32_pcpi_fast_mul
sky130_fd_sc_hd__and2_2,_10747_,picorv32_pcpi_fast_mul
sky130_fd_sc_hd__a22oi_2,_10748_,picorv32_pcpi_fast_mul
sky130_fd_sc_hd__and4_2,_10749_,picorv32_pcpi_fast_mul
sky130_fd_sc_hd__nor2_2,_10750_,picorv32_pcpi_fast_mul
sky130_fd_sc_hd__nand2_2,_10751_,picorv32_pcpi_fast_mul
sky130_fd_sc_hd__xnor2_2,_10752_,picorv32_pcpi_fast_mul
sky130_fd_sc_hd__o21ba_2,_10753_,picorv32_pcpi_fast_mul
sky130_fd_sc_hd__nand2b_2,_10754_,picorv32_pcpi_fast_mul
sky130_fd_sc_hd__xnor2_2,_10755_,picorv32_pcpi_fast_mul
sky130_fd_sc_hd__nand2_2,_10756_,picorv32_pcpi_fast_mul
sky130_fd_sc_hd__xnor2_2,_10757_,picorv32_pcpi_fast_mul
sky130_fd_sc_hd__a21oi_2,_10758_,picorv32_pcpi_fast_mul
sky130_fd_sc_hd__and3_2,_10759_,picorv32_pcpi_fast_mul
sky130_fd_sc_hd__a211oi_2,_10760_,picorv32_pcpi_fast_mul
sky130_fd_sc_hd__o211a_2,_10761_,picorv32_pcpi_fast_mul
sky130_fd_sc_hd__a21o_2,_10762_,picorv32_pcpi_fast_mul
sky130_fd_sc_hd__nand2_2,_10763_,picorv32_pcpi_fast_mul
sky130_fd_sc_hd__o21bai_2,_10764_,picorv32_pcpi_fast_mul
sky130_fd_sc_hd__a22o_2,_10765_,picorv32_pcpi_fast_mul
sky130_fd_sc_hd__nand4_2,_10766_,picorv32_pcpi_fast_mul
sky130_fd_sc_hd__a22o_2,_10767_,picorv32_pcpi_fast_mul
sky130_fd_sc_hd__nand4_2,_10768_,picorv32_pcpi_fast_mul
sky130_fd_sc_hd__nand3_2,_10769_,picorv32_pcpi_fast_mul
sky130_fd_sc_hd__a21o_2,_10770_,picorv32_pcpi_fast_mul
sky130_fd_sc_hd__nand3_2,_10771_,picorv32_pcpi_fast_mul
sky130_fd_sc_hd__a21o_2,_10772_,picorv32_pcpi_fast_mul
sky130_fd_sc_hd__and3_2,_10773_,picorv32_pcpi_fast_mul
sky130_fd_sc_hd__nand3_2,_10774_,picorv32_pcpi_fast_mul
sky130_fd_sc_hd__a21oi_2,_10775_,picorv32_pcpi_fast_mul
sky130_fd_sc_hd__a211o_2,_10776_,picorv32_pcpi_fast_mul
sky130_fd_sc_hd__o211ai_2,_10777_,picorv32_pcpi_fast_mul
sky130_fd_sc_hd__o211ai_2,_10778_,picorv32_pcpi_fast_mul
sky130_fd_sc_hd__a211o_2,_10779_,picorv32_pcpi_fast_mul
sky130_fd_sc_hd__or4bb_2,_10780_,picorv32_pcpi_fast_mul
sky130_fd_sc_hd__a2bb2o_2,_10781_,picorv32_pcpi_fast_mul
sky130_fd_sc_hd__o211ai_2,_10782_,picorv32_pcpi_fast_mul
sky130_fd_sc_hd__a211o_2,_10783_,picorv32_pcpi_fast_mul
sky130_fd_sc_hd__o211a_2,_10784_,picorv32_pcpi_fast_mul
sky130_fd_sc_hd__o211ai_2,_10785_,picorv32_pcpi_fast_mul
sky130_fd_sc_hd__a211oi_2,_10786_,picorv32_pcpi_fast_mul
sky130_fd_sc_hd__a22oi_2,_10787_,picorv32_pcpi_fast_mul
sky130_fd_sc_hd__and4_2,_10788_,picorv32_pcpi_fast_mul
sky130_fd_sc_hd__nor2_2,_10789_,picorv32_pcpi_fast_mul
sky130_fd_sc_hd__nand2_2,_10790_,picorv32_pcpi_fast_mul
sky130_fd_sc_hd__xnor2_2,_10791_,picorv32_pcpi_fast_mul
sky130_fd_sc_hd__a22o_2,_10792_,picorv32_pcpi_fast_mul
sky130_fd_sc_hd__nand4_2,_10793_,picorv32_pcpi_fast_mul
sky130_fd_sc_hd__and2_2,_10794_,picorv32_pcpi_fast_mul
sky130_fd_sc_hd__a21o_2,_10795_,picorv32_pcpi_fast_mul
sky130_fd_sc_hd__nand3_2,_10796_,picorv32_pcpi_fast_mul
sky130_fd_sc_hd__a21bo_2,_10797_,picorv32_pcpi_fast_mul
sky130_fd_sc_hd__and3_2,_10798_,picorv32_pcpi_fast_mul
sky130_fd_sc_hd__a21o_2,_10799_,picorv32_pcpi_fast_mul
sky130_fd_sc_hd__and2b_2,_10800_,picorv32_pcpi_fast_mul
sky130_fd_sc_hd__xnor2_2,_10801_,picorv32_pcpi_fast_mul
sky130_fd_sc_hd__nand2_2,_10802_,picorv32_pcpi_fast_mul
sky130_fd_sc_hd__a32o_2,_10803_,picorv32_pcpi_fast_mul
sky130_fd_sc_hd__a22o_2,_10804_,picorv32_pcpi_fast_mul
sky130_fd_sc_hd__nand4_2,_10805_,picorv32_pcpi_fast_mul
sky130_fd_sc_hd__a22o_2,_10806_,picorv32_pcpi_fast_mul
sky130_fd_sc_hd__nand4_2,_10807_,picorv32_pcpi_fast_mul
sky130_fd_sc_hd__nand3_2,_10808_,picorv32_pcpi_fast_mul
sky130_fd_sc_hd__a21o_2,_10809_,picorv32_pcpi_fast_mul
sky130_fd_sc_hd__nand3_2,_10810_,picorv32_pcpi_fast_mul
sky130_fd_sc_hd__a21o_2,_10811_,picorv32_pcpi_fast_mul
sky130_fd_sc_hd__a21bo_2,_10812_,picorv32_pcpi_fast_mul
sky130_fd_sc_hd__and3_2,_10813_,picorv32_pcpi_fast_mul
sky130_fd_sc_hd__a21oi_2,_10814_,picorv32_pcpi_fast_mul
sky130_fd_sc_hd__nor3_2,_10815_,picorv32_pcpi_fast_mul
sky130_fd_sc_hd__o21a_2,_10816_,picorv32_pcpi_fast_mul
sky130_fd_sc_hd__a211o_2,_10817_,picorv32_pcpi_fast_mul
sky130_fd_sc_hd__o211ai_2,_10818_,picorv32_pcpi_fast_mul
sky130_fd_sc_hd__o211ai_2,_10819_,picorv32_pcpi_fast_mul
sky130_fd_sc_hd__a211o_2,_10820_,picorv32_pcpi_fast_mul
sky130_fd_sc_hd__nor2_2,_10821_,picorv32_pcpi_fast_mul
sky130_fd_sc_hd__a22o_2,_10822_,picorv32_pcpi_fast_mul
sky130_fd_sc_hd__and3_2,_10823_,picorv32_pcpi_fast_mul
sky130_fd_sc_hd__and4_2,_10824_,picorv32_pcpi_fast_mul
sky130_fd_sc_hd__a21bo_2,_10825_,picorv32_pcpi_fast_mul
sky130_fd_sc_hd__nand2_2,_10826_,picorv32_pcpi_fast_mul
sky130_fd_sc_hd__xnor2_2,_10827_,picorv32_pcpi_fast_mul
sky130_fd_sc_hd__nor2_2,_10828_,picorv32_pcpi_fast_mul
sky130_fd_sc_hd__o32a_2,_10829_,picorv32_pcpi_fast_mul
sky130_fd_sc_hd__xnor2_2,_10830_,picorv32_pcpi_fast_mul
sky130_fd_sc_hd__and2_2,_10831_,picorv32_pcpi_fast_mul
sky130_fd_sc_hd__xnor2_2,_10832_,picorv32_pcpi_fast_mul
sky130_fd_sc_hd__and2b_2,_10833_,picorv32_pcpi_fast_mul
sky130_fd_sc_hd__xnor2_2,_10834_,picorv32_pcpi_fast_mul
sky130_fd_sc_hd__xnor2_2,_10835_,picorv32_pcpi_fast_mul
sky130_fd_sc_hd__a31o_2,_10836_,picorv32_pcpi_fast_mul
sky130_fd_sc_hd__nand2b_2,_10837_,picorv32_pcpi_fast_mul
sky130_fd_sc_hd__xnor2_2,_10838_,picorv32_pcpi_fast_mul
sky130_fd_sc_hd__and3_2,_10839_,picorv32_pcpi_fast_mul
sky130_fd_sc_hd__nand3_2,_10840_,picorv32_pcpi_fast_mul
sky130_fd_sc_hd__a21oi_2,_10841_,picorv32_pcpi_fast_mul
sky130_fd_sc_hd__a211oi_2,_10842_,picorv32_pcpi_fast_mul
sky130_fd_sc_hd__o211a_2,_10843_,picorv32_pcpi_fast_mul
sky130_fd_sc_hd__nor4_2,_10844_,picorv32_pcpi_fast_mul
sky130_fd_sc_hd__o22a_2,_10845_,picorv32_pcpi_fast_mul
sky130_fd_sc_hd__a211oi_2,_10846_,picorv32_pcpi_fast_mul
sky130_fd_sc_hd__o211a_2,_10847_,picorv32_pcpi_fast_mul
sky130_fd_sc_hd__nor3_2,_10848_,picorv32_pcpi_fast_mul
sky130_fd_sc_hd__or3_2,_10849_,picorv32_pcpi_fast_mul
sky130_fd_sc_hd__o21ai_2,_10850_,picorv32_pcpi_fast_mul
sky130_fd_sc_hd__o211a_2,_10851_,picorv32_pcpi_fast_mul
sky130_fd_sc_hd__a211oi_2,_10852_,picorv32_pcpi_fast_mul
sky130_fd_sc_hd__or2_2,_10853_,picorv32_pcpi_fast_mul
sky130_fd_sc_hd__xnor2_2,_10854_,picorv32_pcpi_fast_mul
sky130_fd_sc_hd__nor2_2,_10855_,picorv32_pcpi_fast_mul
sky130_fd_sc_hd__or2_2,_10856_,picorv32_pcpi_fast_mul
sky130_fd_sc_hd__xor2_2,_10857_,picorv32_pcpi_fast_mul
sky130_fd_sc_hd__or3_2,_10858_,picorv32_pcpi_fast_mul
sky130_fd_sc_hd__o311ai_2,_10859_,picorv32_pcpi_fast_mul
sky130_fd_sc_hd__and3_2,_10860_,picorv32_pcpi_fast_mul
sky130_fd_sc_hd__a21oi_2,_10861_,picorv32_pcpi_fast_mul
sky130_fd_sc_hd__nand2b_2,_10862_,picorv32_pcpi_fast_mul
sky130_fd_sc_hd__xnor2_2,_10863_,picorv32_pcpi_fast_mul
sky130_fd_sc_hd__o21ba_2,_10864_,picorv32_pcpi_fast_mul
sky130_fd_sc_hd__nor2_2,_10865_,picorv32_pcpi_fast_mul
sky130_fd_sc_hd__a21o_2,_10866_,picorv32_pcpi_fast_mul
sky130_fd_sc_hd__nand3_2,_10867_,picorv32_pcpi_fast_mul
sky130_fd_sc_hd__nand2_2,_10868_,picorv32_pcpi_fast_mul
sky130_fd_sc_hd__nand2_2,_10869_,picorv32_pcpi_fast_mul
sky130_fd_sc_hd__nand2_2,_10870_,picorv32_pcpi_fast_mul
sky130_fd_sc_hd__nand2_2,_10871_,picorv32_pcpi_fast_mul
sky130_fd_sc_hd__or2_2,_10872_,picorv32_pcpi_fast_mul
sky130_fd_sc_hd__a21bo_2,_10873_,picorv32_pcpi_fast_mul
sky130_fd_sc_hd__nor2_2,_10874_,picorv32_pcpi_fast_mul
sky130_fd_sc_hd__or3_2,_10875_,picorv32_pcpi_fast_mul
sky130_fd_sc_hd__xnor2_2,_10876_,picorv32_pcpi_fast_mul
sky130_fd_sc_hd__a22oi_2,_10877_,picorv32_pcpi_fast_mul
sky130_fd_sc_hd__and4_2,_10878_,picorv32_pcpi_fast_mul
sky130_fd_sc_hd__nor2_2,_10879_,picorv32_pcpi_fast_mul
sky130_fd_sc_hd__nand2_2,_10880_,picorv32_pcpi_fast_mul
sky130_fd_sc_hd__xnor2_2,_10881_,picorv32_pcpi_fast_mul
sky130_fd_sc_hd__o21ba_2,_10882_,picorv32_pcpi_fast_mul
sky130_fd_sc_hd__nand2b_2,_10883_,picorv32_pcpi_fast_mul
sky130_fd_sc_hd__xnor2_2,_10884_,picorv32_pcpi_fast_mul
sky130_fd_sc_hd__nand2_2,_10885_,picorv32_pcpi_fast_mul
sky130_fd_sc_hd__xnor2_2,_10886_,picorv32_pcpi_fast_mul
sky130_fd_sc_hd__a21oi_2,_10887_,picorv32_pcpi_fast_mul
sky130_fd_sc_hd__and3_2,_10888_,picorv32_pcpi_fast_mul
sky130_fd_sc_hd__a211oi_2,_10889_,picorv32_pcpi_fast_mul
sky130_fd_sc_hd__o211a_2,_10890_,picorv32_pcpi_fast_mul
sky130_fd_sc_hd__a21o_2,_10891_,picorv32_pcpi_fast_mul
sky130_fd_sc_hd__nand2_2,_10892_,picorv32_pcpi_fast_mul
sky130_fd_sc_hd__o21bai_2,_10893_,picorv32_pcpi_fast_mul
sky130_fd_sc_hd__a22o_2,_10894_,picorv32_pcpi_fast_mul
sky130_fd_sc_hd__nand4_2,_10895_,picorv32_pcpi_fast_mul
sky130_fd_sc_hd__a22o_2,_10896_,picorv32_pcpi_fast_mul
sky130_fd_sc_hd__nand4_2,_10897_,picorv32_pcpi_fast_mul
sky130_fd_sc_hd__nand3_2,_10898_,picorv32_pcpi_fast_mul
sky130_fd_sc_hd__a21o_2,_10899_,picorv32_pcpi_fast_mul
sky130_fd_sc_hd__nand3_2,_10900_,picorv32_pcpi_fast_mul
sky130_fd_sc_hd__a21o_2,_10901_,picorv32_pcpi_fast_mul
sky130_fd_sc_hd__and3_2,_10902_,picorv32_pcpi_fast_mul
sky130_fd_sc_hd__a21oi_2,_10903_,picorv32_pcpi_fast_mul
sky130_fd_sc_hd__a211oi_2,_10904_,picorv32_pcpi_fast_mul
sky130_fd_sc_hd__o211a_2,_10905_,picorv32_pcpi_fast_mul
sky130_fd_sc_hd__a211oi_2,_10906_,picorv32_pcpi_fast_mul
sky130_fd_sc_hd__o211a_2,_10907_,picorv32_pcpi_fast_mul
sky130_fd_sc_hd__nor4_2,_10908_,picorv32_pcpi_fast_mul
sky130_fd_sc_hd__o22a_2,_10909_,picorv32_pcpi_fast_mul
sky130_fd_sc_hd__a211o_2,_10910_,picorv32_pcpi_fast_mul
sky130_fd_sc_hd__o211ai_2,_10911_,picorv32_pcpi_fast_mul
sky130_fd_sc_hd__nand3_2,_10912_,picorv32_pcpi_fast_mul
sky130_fd_sc_hd__a21o_2,_10913_,picorv32_pcpi_fast_mul
sky130_fd_sc_hd__a22oi_2,_10914_,picorv32_pcpi_fast_mul
sky130_fd_sc_hd__and4_2,_10915_,picorv32_pcpi_fast_mul
sky130_fd_sc_hd__nor2_2,_10916_,picorv32_pcpi_fast_mul
sky130_fd_sc_hd__nand2_2,_10917_,picorv32_pcpi_fast_mul
sky130_fd_sc_hd__xnor2_2,_10918_,picorv32_pcpi_fast_mul
sky130_fd_sc_hd__a22o_2,_10919_,picorv32_pcpi_fast_mul
sky130_fd_sc_hd__nand4_2,_10920_,picorv32_pcpi_fast_mul
sky130_fd_sc_hd__and2_2,_10921_,picorv32_pcpi_fast_mul
sky130_fd_sc_hd__a21o_2,_10922_,picorv32_pcpi_fast_mul
sky130_fd_sc_hd__nand3_2,_10923_,picorv32_pcpi_fast_mul
sky130_fd_sc_hd__a21bo_2,_10924_,picorv32_pcpi_fast_mul
sky130_fd_sc_hd__and3_2,_10925_,picorv32_pcpi_fast_mul
sky130_fd_sc_hd__a21o_2,_10926_,picorv32_pcpi_fast_mul
sky130_fd_sc_hd__and2b_2,_10927_,picorv32_pcpi_fast_mul
sky130_fd_sc_hd__xnor2_2,_10928_,picorv32_pcpi_fast_mul
sky130_fd_sc_hd__nand2_2,_10929_,picorv32_pcpi_fast_mul
sky130_fd_sc_hd__a31o_2,_10930_,picorv32_pcpi_fast_mul
sky130_fd_sc_hd__a22o_2,_10931_,picorv32_pcpi_fast_mul
sky130_fd_sc_hd__nand4_2,_10932_,picorv32_pcpi_fast_mul
sky130_fd_sc_hd__a22o_2,_10933_,picorv32_pcpi_fast_mul
sky130_fd_sc_hd__nand4_2,_10934_,picorv32_pcpi_fast_mul
sky130_fd_sc_hd__nand3_2,_10935_,picorv32_pcpi_fast_mul
sky130_fd_sc_hd__a21o_2,_10936_,picorv32_pcpi_fast_mul
sky130_fd_sc_hd__nand3_2,_10937_,picorv32_pcpi_fast_mul
sky130_fd_sc_hd__a21o_2,_10938_,picorv32_pcpi_fast_mul
sky130_fd_sc_hd__a21bo_2,_10939_,picorv32_pcpi_fast_mul
sky130_fd_sc_hd__and3_2,_10940_,picorv32_pcpi_fast_mul
sky130_fd_sc_hd__a21oi_2,_10941_,picorv32_pcpi_fast_mul
sky130_fd_sc_hd__or3_2,_10942_,picorv32_pcpi_fast_mul
sky130_fd_sc_hd__inv_2,_10943_,picorv32_pcpi_fast_mul
sky130_fd_sc_hd__o21ai_2,_10944_,picorv32_pcpi_fast_mul
sky130_fd_sc_hd__o211ai_2,_10945_,picorv32_pcpi_fast_mul
sky130_fd_sc_hd__inv_2,_10946_,picorv32_pcpi_fast_mul
sky130_fd_sc_hd__a211o_2,_10947_,picorv32_pcpi_fast_mul
sky130_fd_sc_hd__o211a_2,_10948_,picorv32_pcpi_fast_mul
sky130_fd_sc_hd__o211ai_2,_10949_,picorv32_pcpi_fast_mul
sky130_fd_sc_hd__a211o_2,_10950_,picorv32_pcpi_fast_mul
sky130_fd_sc_hd__o21a_2,_10951_,picorv32_pcpi_fast_mul
sky130_fd_sc_hd__or2_2,_10952_,picorv32_pcpi_fast_mul
sky130_fd_sc_hd__and3b_2,_10953_,picorv32_pcpi_fast_mul
sky130_fd_sc_hd__and2_2,_10954_,picorv32_pcpi_fast_mul
sky130_fd_sc_hd__xor2_2,_10955_,picorv32_pcpi_fast_mul
sky130_fd_sc_hd__xnor2_2,_10956_,picorv32_pcpi_fast_mul
sky130_fd_sc_hd__nor2_2,_10957_,picorv32_pcpi_fast_mul
sky130_fd_sc_hd__xnor2_2,_10958_,picorv32_pcpi_fast_mul
sky130_fd_sc_hd__and2b_2,_10959_,picorv32_pcpi_fast_mul
sky130_fd_sc_hd__xnor2_2,_10960_,picorv32_pcpi_fast_mul
sky130_fd_sc_hd__xnor2_2,_10961_,picorv32_pcpi_fast_mul
sky130_fd_sc_hd__a21o_2,_10962_,picorv32_pcpi_fast_mul
sky130_fd_sc_hd__and2b_2,_10963_,picorv32_pcpi_fast_mul
sky130_fd_sc_hd__xnor2_2,_10964_,picorv32_pcpi_fast_mul
sky130_fd_sc_hd__and3_2,_10965_,picorv32_pcpi_fast_mul
sky130_fd_sc_hd__a21oi_2,_10966_,picorv32_pcpi_fast_mul
sky130_fd_sc_hd__a211o_2,_10967_,picorv32_pcpi_fast_mul
sky130_fd_sc_hd__o211ai_2,_10968_,picorv32_pcpi_fast_mul
sky130_fd_sc_hd__nand4_2,_10969_,picorv32_pcpi_fast_mul
sky130_fd_sc_hd__a22o_2,_10970_,picorv32_pcpi_fast_mul
sky130_fd_sc_hd__o211a_2,_10971_,picorv32_pcpi_fast_mul
sky130_fd_sc_hd__a211oi_2,_10972_,picorv32_pcpi_fast_mul
sky130_fd_sc_hd__nor3_2,_10973_,picorv32_pcpi_fast_mul
sky130_fd_sc_hd__or3_2,_10974_,picorv32_pcpi_fast_mul
sky130_fd_sc_hd__o21ai_2,_10975_,picorv32_pcpi_fast_mul
sky130_fd_sc_hd__o211a_2,_10976_,picorv32_pcpi_fast_mul
sky130_fd_sc_hd__a211oi_2,_10977_,picorv32_pcpi_fast_mul
sky130_fd_sc_hd__nor3_2,_10978_,picorv32_pcpi_fast_mul
sky130_fd_sc_hd__o21ai_2,_10979_,picorv32_pcpi_fast_mul
sky130_fd_sc_hd__and2b_2,_10980_,picorv32_pcpi_fast_mul
sky130_fd_sc_hd__or3b_2,_10981_,picorv32_pcpi_fast_mul
sky130_fd_sc_hd__and2b_2,_10982_,picorv32_pcpi_fast_mul
sky130_fd_sc_hd__xnor2_2,_10983_,picorv32_pcpi_fast_mul
sky130_fd_sc_hd__nand2_2,_10984_,picorv32_pcpi_fast_mul
sky130_fd_sc_hd__xor2_2,_10985_,picorv32_pcpi_fast_mul
sky130_fd_sc_hd__nand2_2,_10986_,picorv32_pcpi_fast_mul
sky130_fd_sc_hd__nor2_2,_10987_,picorv32_pcpi_fast_mul
sky130_fd_sc_hd__a21o_2,_10988_,picorv32_pcpi_fast_mul
sky130_fd_sc_hd__xor2_2,_10989_,picorv32_pcpi_fast_mul
sky130_fd_sc_hd__nand2_2,_10990_,picorv32_pcpi_fast_mul
sky130_fd_sc_hd__nand2_2,_10991_,picorv32_pcpi_fast_mul
sky130_fd_sc_hd__or2_2,_10992_,picorv32_pcpi_fast_mul
sky130_fd_sc_hd__a2bb2o_2,_10993_,picorv32_pcpi_fast_mul
sky130_fd_sc_hd__or2_2,_10994_,picorv32_pcpi_fast_mul
sky130_fd_sc_hd__nand2_2,_10995_,picorv32_pcpi_fast_mul
sky130_fd_sc_hd__or2_2,_10996_,picorv32_pcpi_fast_mul
sky130_fd_sc_hd__and2_2,_10997_,picorv32_pcpi_fast_mul
sky130_fd_sc_hd__a22oi_2,_10998_,picorv32_pcpi_fast_mul
sky130_fd_sc_hd__and4_2,_10999_,picorv32_pcpi_fast_mul
sky130_fd_sc_hd__nor2_2,_11000_,picorv32_pcpi_fast_mul
sky130_fd_sc_hd__nand2_2,_11001_,picorv32_pcpi_fast_mul
sky130_fd_sc_hd__xnor2_2,_11002_,picorv32_pcpi_fast_mul
sky130_fd_sc_hd__o21ba_2,_11003_,picorv32_pcpi_fast_mul
sky130_fd_sc_hd__nand2b_2,_11004_,picorv32_pcpi_fast_mul
sky130_fd_sc_hd__xnor2_2,_11005_,picorv32_pcpi_fast_mul
sky130_fd_sc_hd__nand2_2,_11006_,picorv32_pcpi_fast_mul
sky130_fd_sc_hd__xnor2_2,_11007_,picorv32_pcpi_fast_mul
sky130_fd_sc_hd__a21oi_2,_11008_,picorv32_pcpi_fast_mul
sky130_fd_sc_hd__and3_2,_11009_,picorv32_pcpi_fast_mul
sky130_fd_sc_hd__a211oi_2,_11010_,picorv32_pcpi_fast_mul
sky130_fd_sc_hd__o211a_2,_11011_,picorv32_pcpi_fast_mul
sky130_fd_sc_hd__a21o_2,_11012_,picorv32_pcpi_fast_mul
sky130_fd_sc_hd__nand2_2,_11013_,picorv32_pcpi_fast_mul
sky130_fd_sc_hd__o21bai_2,_11014_,picorv32_pcpi_fast_mul
sky130_fd_sc_hd__a22o_2,_11015_,picorv32_pcpi_fast_mul
sky130_fd_sc_hd__nand4_2,_11016_,picorv32_pcpi_fast_mul
sky130_fd_sc_hd__a22o_2,_11017_,picorv32_pcpi_fast_mul
sky130_fd_sc_hd__nand4_2,_11018_,picorv32_pcpi_fast_mul
sky130_fd_sc_hd__nand3_2,_11019_,picorv32_pcpi_fast_mul
sky130_fd_sc_hd__a21o_2,_11020_,picorv32_pcpi_fast_mul
sky130_fd_sc_hd__nand3_2,_11021_,picorv32_pcpi_fast_mul
sky130_fd_sc_hd__a21o_2,_11022_,picorv32_pcpi_fast_mul
sky130_fd_sc_hd__and3_2,_11023_,picorv32_pcpi_fast_mul
sky130_fd_sc_hd__nand3_2,_11024_,picorv32_pcpi_fast_mul
sky130_fd_sc_hd__a21oi_2,_11025_,picorv32_pcpi_fast_mul
sky130_fd_sc_hd__a211o_2,_11026_,picorv32_pcpi_fast_mul
sky130_fd_sc_hd__o211ai_2,_11027_,picorv32_pcpi_fast_mul
sky130_fd_sc_hd__o211ai_2,_11028_,picorv32_pcpi_fast_mul
sky130_fd_sc_hd__a211o_2,_11029_,picorv32_pcpi_fast_mul
sky130_fd_sc_hd__or4bb_2,_11030_,picorv32_pcpi_fast_mul
sky130_fd_sc_hd__a2bb2o_2,_11031_,picorv32_pcpi_fast_mul
sky130_fd_sc_hd__o211ai_2,_11032_,picorv32_pcpi_fast_mul
sky130_fd_sc_hd__a211o_2,_11033_,picorv32_pcpi_fast_mul
sky130_fd_sc_hd__o211ai_2,_11034_,picorv32_pcpi_fast_mul
sky130_fd_sc_hd__a211o_2,_11035_,picorv32_pcpi_fast_mul
sky130_fd_sc_hd__a21oi_2,_11036_,picorv32_pcpi_fast_mul
sky130_fd_sc_hd__nand2_2,_11037_,picorv32_pcpi_fast_mul
sky130_fd_sc_hd__xnor2_2,_11038_,picorv32_pcpi_fast_mul
sky130_fd_sc_hd__xnor2_2,_11039_,picorv32_pcpi_fast_mul
sky130_fd_sc_hd__nor2_2,_11040_,picorv32_pcpi_fast_mul
sky130_fd_sc_hd__xnor2_2,_11041_,picorv32_pcpi_fast_mul
sky130_fd_sc_hd__and2b_2,_11042_,picorv32_pcpi_fast_mul
sky130_fd_sc_hd__xnor2_2,_11043_,picorv32_pcpi_fast_mul
sky130_fd_sc_hd__xnor2_2,_11044_,picorv32_pcpi_fast_mul
sky130_fd_sc_hd__a21o_2,_11045_,picorv32_pcpi_fast_mul
sky130_fd_sc_hd__nand2b_2,_11046_,picorv32_pcpi_fast_mul
sky130_fd_sc_hd__xnor2_2,_11047_,picorv32_pcpi_fast_mul
sky130_fd_sc_hd__a22oi_2,_11048_,picorv32_pcpi_fast_mul
sky130_fd_sc_hd__and4_2,_11049_,picorv32_pcpi_fast_mul
sky130_fd_sc_hd__nor2_2,_11050_,picorv32_pcpi_fast_mul
sky130_fd_sc_hd__nand2_2,_11051_,picorv32_pcpi_fast_mul
sky130_fd_sc_hd__xnor2_2,_11052_,picorv32_pcpi_fast_mul
sky130_fd_sc_hd__a22o_2,_11053_,picorv32_pcpi_fast_mul
sky130_fd_sc_hd__nand4_2,_11054_,picorv32_pcpi_fast_mul
sky130_fd_sc_hd__and2_2,_11055_,picorv32_pcpi_fast_mul
sky130_fd_sc_hd__a21o_2,_11056_,picorv32_pcpi_fast_mul
sky130_fd_sc_hd__nand3_2,_11057_,picorv32_pcpi_fast_mul
sky130_fd_sc_hd__a21bo_2,_11058_,picorv32_pcpi_fast_mul
sky130_fd_sc_hd__and3_2,_11059_,picorv32_pcpi_fast_mul
sky130_fd_sc_hd__a21o_2,_11060_,picorv32_pcpi_fast_mul
sky130_fd_sc_hd__and2b_2,_11061_,picorv32_pcpi_fast_mul
sky130_fd_sc_hd__xnor2_2,_11062_,picorv32_pcpi_fast_mul
sky130_fd_sc_hd__nand2_2,_11063_,picorv32_pcpi_fast_mul
sky130_fd_sc_hd__a31o_2,_11064_,picorv32_pcpi_fast_mul
sky130_fd_sc_hd__a22o_2,_11065_,picorv32_pcpi_fast_mul
sky130_fd_sc_hd__nand4_2,_11066_,picorv32_pcpi_fast_mul
sky130_fd_sc_hd__a22o_2,_11067_,picorv32_pcpi_fast_mul
sky130_fd_sc_hd__nand4_2,_11068_,picorv32_pcpi_fast_mul
sky130_fd_sc_hd__nand3_2,_11069_,picorv32_pcpi_fast_mul
sky130_fd_sc_hd__a21o_2,_11070_,picorv32_pcpi_fast_mul
sky130_fd_sc_hd__nand3_2,_11071_,picorv32_pcpi_fast_mul
sky130_fd_sc_hd__a21o_2,_11072_,picorv32_pcpi_fast_mul
sky130_fd_sc_hd__a21bo_2,_11073_,picorv32_pcpi_fast_mul
sky130_fd_sc_hd__and3_2,_11074_,picorv32_pcpi_fast_mul
sky130_fd_sc_hd__a21oi_2,_11075_,picorv32_pcpi_fast_mul
sky130_fd_sc_hd__nor3_2,_11076_,picorv32_pcpi_fast_mul
sky130_fd_sc_hd__or3_2,_11077_,picorv32_pcpi_fast_mul
sky130_fd_sc_hd__o21ai_2,_11078_,picorv32_pcpi_fast_mul
sky130_fd_sc_hd__o211ai_2,_11079_,picorv32_pcpi_fast_mul
sky130_fd_sc_hd__a211o_2,_11080_,picorv32_pcpi_fast_mul
sky130_fd_sc_hd__o211ai_2,_11081_,picorv32_pcpi_fast_mul
sky130_fd_sc_hd__a211o_2,_11082_,picorv32_pcpi_fast_mul
sky130_fd_sc_hd__nand3_2,_11083_,picorv32_pcpi_fast_mul
sky130_fd_sc_hd__a21o_2,_11084_,picorv32_pcpi_fast_mul
sky130_fd_sc_hd__o211a_2,_11085_,picorv32_pcpi_fast_mul
sky130_fd_sc_hd__o211ai_2,_11086_,picorv32_pcpi_fast_mul
sky130_fd_sc_hd__a211o_2,_11087_,picorv32_pcpi_fast_mul
sky130_fd_sc_hd__and4_2,_11088_,picorv32_pcpi_fast_mul
sky130_fd_sc_hd__a22oi_2,_11089_,picorv32_pcpi_fast_mul
sky130_fd_sc_hd__a211oi_2,_11090_,picorv32_pcpi_fast_mul
sky130_fd_sc_hd__o211a_2,_11091_,picorv32_pcpi_fast_mul
sky130_fd_sc_hd__nor3_2,_11092_,picorv32_pcpi_fast_mul
sky130_fd_sc_hd__or3_2,_11093_,picorv32_pcpi_fast_mul
sky130_fd_sc_hd__o21ai_2,_11094_,picorv32_pcpi_fast_mul
sky130_fd_sc_hd__o211a_2,_11095_,picorv32_pcpi_fast_mul
sky130_fd_sc_hd__inv_2,_11096_,picorv32_pcpi_fast_mul
sky130_fd_sc_hd__a211oi_2,_11097_,picorv32_pcpi_fast_mul
sky130_fd_sc_hd__or3_2,_11098_,picorv32_pcpi_fast_mul
sky130_fd_sc_hd__o21ai_2,_11099_,picorv32_pcpi_fast_mul
sky130_fd_sc_hd__nand2_2,_11100_,picorv32_pcpi_fast_mul
sky130_fd_sc_hd__nor2_2,_11101_,picorv32_pcpi_fast_mul
sky130_fd_sc_hd__nor2_2,_11102_,picorv32_pcpi_fast_mul
sky130_fd_sc_hd__xor2_2,_11103_,picorv32_pcpi_fast_mul
sky130_fd_sc_hd__a21o_2,_11104_,picorv32_pcpi_fast_mul
sky130_fd_sc_hd__nand2_2,_11105_,picorv32_pcpi_fast_mul
sky130_fd_sc_hd__o21ai_2,_11106_,picorv32_pcpi_fast_mul
sky130_fd_sc_hd__xor2_2,_11107_,picorv32_pcpi_fast_mul
sky130_fd_sc_hd__nor2_2,_11108_,picorv32_pcpi_fast_mul
sky130_fd_sc_hd__a21oi_2,_11109_,picorv32_pcpi_fast_mul
sky130_fd_sc_hd__and3_2,_11110_,picorv32_pcpi_fast_mul
sky130_fd_sc_hd__or2_2,_11111_,picorv32_pcpi_fast_mul
sky130_fd_sc_hd__a21o_2,_11112_,picorv32_pcpi_fast_mul
sky130_fd_sc_hd__xnor2_2,_11113_,picorv32_pcpi_fast_mul
sky130_fd_sc_hd__xor2_2,_11114_,picorv32_pcpi_fast_mul
sky130_fd_sc_hd__a21o_2,_11115_,picorv32_pcpi_fast_mul
sky130_fd_sc_hd__and2b_2,_11116_,picorv32_pcpi_fast_mul
sky130_fd_sc_hd__xnor2_2,_11117_,picorv32_pcpi_fast_mul
sky130_fd_sc_hd__a22oi_2,_11118_,picorv32_pcpi_fast_mul
sky130_fd_sc_hd__and4_2,_11119_,picorv32_pcpi_fast_mul
sky130_fd_sc_hd__nor2_2,_11120_,picorv32_pcpi_fast_mul
sky130_fd_sc_hd__nand2_2,_11121_,picorv32_pcpi_fast_mul
sky130_fd_sc_hd__xnor2_2,_11122_,picorv32_pcpi_fast_mul
sky130_fd_sc_hd__a22o_2,_11123_,picorv32_pcpi_fast_mul
sky130_fd_sc_hd__nand4_2,_11124_,picorv32_pcpi_fast_mul
sky130_fd_sc_hd__and2_2,_11125_,picorv32_pcpi_fast_mul
sky130_fd_sc_hd__a21o_2,_11126_,picorv32_pcpi_fast_mul
sky130_fd_sc_hd__nand3_2,_11127_,picorv32_pcpi_fast_mul
sky130_fd_sc_hd__a21bo_2,_11128_,picorv32_pcpi_fast_mul
sky130_fd_sc_hd__and3_2,_11129_,picorv32_pcpi_fast_mul
sky130_fd_sc_hd__a21o_2,_11130_,picorv32_pcpi_fast_mul
sky130_fd_sc_hd__and2b_2,_11131_,picorv32_pcpi_fast_mul
sky130_fd_sc_hd__xor2_2,_11132_,picorv32_pcpi_fast_mul
sky130_fd_sc_hd__nand2_2,_11133_,picorv32_pcpi_fast_mul
sky130_fd_sc_hd__a31o_2,_11134_,picorv32_pcpi_fast_mul
sky130_fd_sc_hd__a22o_2,_11135_,picorv32_pcpi_fast_mul
sky130_fd_sc_hd__nand3_2,_11136_,picorv32_pcpi_fast_mul
sky130_fd_sc_hd__nand4_2,_11137_,picorv32_pcpi_fast_mul
sky130_fd_sc_hd__a22o_2,_11138_,picorv32_pcpi_fast_mul
sky130_fd_sc_hd__nand4_2,_11139_,picorv32_pcpi_fast_mul
sky130_fd_sc_hd__nand3_2,_11140_,picorv32_pcpi_fast_mul
sky130_fd_sc_hd__a21o_2,_11141_,picorv32_pcpi_fast_mul
sky130_fd_sc_hd__nand3_2,_11142_,picorv32_pcpi_fast_mul
sky130_fd_sc_hd__a21o_2,_11143_,picorv32_pcpi_fast_mul
sky130_fd_sc_hd__a21bo_2,_11144_,picorv32_pcpi_fast_mul
sky130_fd_sc_hd__nand3_2,_11145_,picorv32_pcpi_fast_mul
sky130_fd_sc_hd__a21o_2,_11146_,picorv32_pcpi_fast_mul
sky130_fd_sc_hd__nand3_2,_11147_,picorv32_pcpi_fast_mul
sky130_fd_sc_hd__a21o_2,_11148_,picorv32_pcpi_fast_mul
sky130_fd_sc_hd__o211ai_2,_11149_,picorv32_pcpi_fast_mul
sky130_fd_sc_hd__inv_2,_11150_,picorv32_pcpi_fast_mul
sky130_fd_sc_hd__a211o_2,_11151_,picorv32_pcpi_fast_mul
sky130_fd_sc_hd__o211a_2,_11152_,picorv32_pcpi_fast_mul
sky130_fd_sc_hd__o211ai_2,_11153_,picorv32_pcpi_fast_mul
sky130_fd_sc_hd__a211o_2,_11154_,picorv32_pcpi_fast_mul
sky130_fd_sc_hd__and3_2,_11155_,picorv32_pcpi_fast_mul
sky130_fd_sc_hd__a21oi_2,_11156_,picorv32_pcpi_fast_mul
sky130_fd_sc_hd__a211o_2,_11157_,picorv32_pcpi_fast_mul
sky130_fd_sc_hd__o211ai_2,_11158_,picorv32_pcpi_fast_mul
sky130_fd_sc_hd__nand2_2,_11159_,picorv32_pcpi_fast_mul
sky130_fd_sc_hd__nand2_2,_11160_,picorv32_pcpi_fast_mul
sky130_fd_sc_hd__nand2_2,_11161_,picorv32_pcpi_fast_mul
sky130_fd_sc_hd__or2_2,_11162_,picorv32_pcpi_fast_mul
sky130_fd_sc_hd__a21bo_2,_11163_,picorv32_pcpi_fast_mul
sky130_fd_sc_hd__nor2_2,_11164_,picorv32_pcpi_fast_mul
sky130_fd_sc_hd__or3_2,_11165_,picorv32_pcpi_fast_mul
sky130_fd_sc_hd__xnor2_2,_11166_,picorv32_pcpi_fast_mul
sky130_fd_sc_hd__a22oi_2,_11167_,picorv32_pcpi_fast_mul
sky130_fd_sc_hd__and4_2,_11168_,picorv32_pcpi_fast_mul
sky130_fd_sc_hd__nor2_2,_11169_,picorv32_pcpi_fast_mul
sky130_fd_sc_hd__nand2_2,_11170_,picorv32_pcpi_fast_mul
sky130_fd_sc_hd__xnor2_2,_11171_,picorv32_pcpi_fast_mul
sky130_fd_sc_hd__o21ba_2,_11172_,picorv32_pcpi_fast_mul
sky130_fd_sc_hd__nand2b_2,_11173_,picorv32_pcpi_fast_mul
sky130_fd_sc_hd__xnor2_2,_11174_,picorv32_pcpi_fast_mul
sky130_fd_sc_hd__nand2_2,_11175_,picorv32_pcpi_fast_mul
sky130_fd_sc_hd__xnor2_2,_11176_,picorv32_pcpi_fast_mul
sky130_fd_sc_hd__a21oi_2,_11177_,picorv32_pcpi_fast_mul
sky130_fd_sc_hd__and3_2,_11178_,picorv32_pcpi_fast_mul
sky130_fd_sc_hd__a211oi_2,_11179_,picorv32_pcpi_fast_mul
sky130_fd_sc_hd__o211a_2,_11180_,picorv32_pcpi_fast_mul
sky130_fd_sc_hd__a21o_2,_11181_,picorv32_pcpi_fast_mul
sky130_fd_sc_hd__nand2_2,_11182_,picorv32_pcpi_fast_mul
sky130_fd_sc_hd__o21bai_2,_11183_,picorv32_pcpi_fast_mul
sky130_fd_sc_hd__a22o_2,_11184_,picorv32_pcpi_fast_mul
sky130_fd_sc_hd__nand4_2,_11185_,picorv32_pcpi_fast_mul
sky130_fd_sc_hd__a22o_2,_11186_,picorv32_pcpi_fast_mul
sky130_fd_sc_hd__nand4_2,_11187_,picorv32_pcpi_fast_mul
sky130_fd_sc_hd__nand3_2,_11188_,picorv32_pcpi_fast_mul
sky130_fd_sc_hd__a21o_2,_11189_,picorv32_pcpi_fast_mul
sky130_fd_sc_hd__nand3_2,_11190_,picorv32_pcpi_fast_mul
sky130_fd_sc_hd__a21o_2,_11191_,picorv32_pcpi_fast_mul
sky130_fd_sc_hd__and3_2,_11192_,picorv32_pcpi_fast_mul
sky130_fd_sc_hd__a21oi_2,_11193_,picorv32_pcpi_fast_mul
sky130_fd_sc_hd__a211oi_2,_11194_,picorv32_pcpi_fast_mul
sky130_fd_sc_hd__o211a_2,_11195_,picorv32_pcpi_fast_mul
sky130_fd_sc_hd__a211oi_2,_11196_,picorv32_pcpi_fast_mul
sky130_fd_sc_hd__o211a_2,_11197_,picorv32_pcpi_fast_mul
sky130_fd_sc_hd__nor4_2,_11198_,picorv32_pcpi_fast_mul
sky130_fd_sc_hd__o22a_2,_11199_,picorv32_pcpi_fast_mul
sky130_fd_sc_hd__a211o_2,_11200_,picorv32_pcpi_fast_mul
sky130_fd_sc_hd__o211ai_2,_11201_,picorv32_pcpi_fast_mul
sky130_fd_sc_hd__nand3_2,_11202_,picorv32_pcpi_fast_mul
sky130_fd_sc_hd__a21o_2,_11203_,picorv32_pcpi_fast_mul
sky130_fd_sc_hd__nand4_2,_11204_,picorv32_pcpi_fast_mul
sky130_fd_sc_hd__a22o_2,_11205_,picorv32_pcpi_fast_mul
sky130_fd_sc_hd__o211a_2,_11206_,picorv32_pcpi_fast_mul
sky130_fd_sc_hd__a211oi_2,_11207_,picorv32_pcpi_fast_mul
sky130_fd_sc_hd__nor3_2,_11208_,picorv32_pcpi_fast_mul
sky130_fd_sc_hd__or3_2,_11209_,picorv32_pcpi_fast_mul
sky130_fd_sc_hd__o21ai_2,_11210_,picorv32_pcpi_fast_mul
sky130_fd_sc_hd__o211a_2,_11211_,picorv32_pcpi_fast_mul
sky130_fd_sc_hd__a211oi_2,_11212_,picorv32_pcpi_fast_mul
sky130_fd_sc_hd__nor3_2,_11213_,picorv32_pcpi_fast_mul
sky130_fd_sc_hd__o21a_2,_11214_,picorv32_pcpi_fast_mul
sky130_fd_sc_hd__o211a_2,_11215_,picorv32_pcpi_fast_mul
sky130_fd_sc_hd__a211oi_2,_11216_,picorv32_pcpi_fast_mul
sky130_fd_sc_hd__nor2_2,_11217_,picorv32_pcpi_fast_mul
sky130_fd_sc_hd__a21oi_2,_11218_,picorv32_pcpi_fast_mul
sky130_fd_sc_hd__xnor2_2,_11219_,picorv32_pcpi_fast_mul
sky130_fd_sc_hd__and3_2,_11220_,picorv32_pcpi_fast_mul
sky130_fd_sc_hd__nor2_2,_11221_,picorv32_pcpi_fast_mul
sky130_fd_sc_hd__or2_2,_11222_,picorv32_pcpi_fast_mul
sky130_fd_sc_hd__nor2_2,_11223_,picorv32_pcpi_fast_mul
sky130_fd_sc_hd__nand2_2,_11224_,picorv32_pcpi_fast_mul
sky130_fd_sc_hd__a21oi_2,_11225_,picorv32_pcpi_fast_mul
sky130_fd_sc_hd__a22oi_2,_11226_,picorv32_pcpi_fast_mul
sky130_fd_sc_hd__and4_2,_11227_,picorv32_pcpi_fast_mul
sky130_fd_sc_hd__nor2_2,_11228_,picorv32_pcpi_fast_mul
sky130_fd_sc_hd__nand2_2,_11229_,picorv32_pcpi_fast_mul
sky130_fd_sc_hd__xnor2_2,_11230_,picorv32_pcpi_fast_mul
sky130_fd_sc_hd__a22o_2,_11231_,picorv32_pcpi_fast_mul
sky130_fd_sc_hd__nand4_2,_11232_,picorv32_pcpi_fast_mul
sky130_fd_sc_hd__a22o_2,_11233_,picorv32_pcpi_fast_mul
sky130_fd_sc_hd__nand4_2,_11234_,picorv32_pcpi_fast_mul
sky130_fd_sc_hd__a21bo_2,_11235_,picorv32_pcpi_fast_mul
sky130_fd_sc_hd__and3_2,_11236_,picorv32_pcpi_fast_mul
sky130_fd_sc_hd__a21o_2,_11237_,picorv32_pcpi_fast_mul
sky130_fd_sc_hd__and2b_2,_11238_,picorv32_pcpi_fast_mul
sky130_fd_sc_hd__xor2_2,_11239_,picorv32_pcpi_fast_mul
sky130_fd_sc_hd__nand2_2,_11240_,picorv32_pcpi_fast_mul
sky130_fd_sc_hd__o21a_2,_11241_,picorv32_pcpi_fast_mul
sky130_fd_sc_hd__a22o_2,_11242_,picorv32_pcpi_fast_mul
sky130_fd_sc_hd__nand4_2,_11243_,picorv32_pcpi_fast_mul
sky130_fd_sc_hd__nand3_2,_11244_,picorv32_pcpi_fast_mul
sky130_fd_sc_hd__a21o_2,_11245_,picorv32_pcpi_fast_mul
sky130_fd_sc_hd__nand3_2,_11246_,picorv32_pcpi_fast_mul
sky130_fd_sc_hd__a21o_2,_11247_,picorv32_pcpi_fast_mul
sky130_fd_sc_hd__a21bo_2,_11248_,picorv32_pcpi_fast_mul
sky130_fd_sc_hd__nand3_2,_11249_,picorv32_pcpi_fast_mul
sky130_fd_sc_hd__a21o_2,_11250_,picorv32_pcpi_fast_mul
sky130_fd_sc_hd__nand3_2,_11251_,picorv32_pcpi_fast_mul
sky130_fd_sc_hd__a21o_2,_11252_,picorv32_pcpi_fast_mul
sky130_fd_sc_hd__nand3b_2,_11253_,picorv32_pcpi_fast_mul
sky130_fd_sc_hd__a21bo_2,_11254_,picorv32_pcpi_fast_mul
sky130_fd_sc_hd__nand3_2,_11255_,picorv32_pcpi_fast_mul
sky130_fd_sc_hd__a21o_2,_11256_,picorv32_pcpi_fast_mul
sky130_fd_sc_hd__nand3_2,_11257_,picorv32_pcpi_fast_mul
sky130_fd_sc_hd__a21o_2,_11258_,picorv32_pcpi_fast_mul
sky130_fd_sc_hd__a31o_2,_11259_,picorv32_pcpi_fast_mul
sky130_fd_sc_hd__and3_2,_11260_,picorv32_pcpi_fast_mul
sky130_fd_sc_hd__a21oi_2,_11261_,picorv32_pcpi_fast_mul
sky130_fd_sc_hd__nand2_2,_11262_,picorv32_pcpi_fast_mul
sky130_fd_sc_hd__nand2_2,_11263_,picorv32_pcpi_fast_mul
sky130_fd_sc_hd__or2_2,_11264_,picorv32_pcpi_fast_mul
sky130_fd_sc_hd__a2bb2o_2,_11265_,picorv32_pcpi_fast_mul
sky130_fd_sc_hd__or2_2,_11266_,picorv32_pcpi_fast_mul
sky130_fd_sc_hd__nand2_2,_11267_,picorv32_pcpi_fast_mul
sky130_fd_sc_hd__or2_2,_11268_,picorv32_pcpi_fast_mul
sky130_fd_sc_hd__and2_2,_11269_,picorv32_pcpi_fast_mul
sky130_fd_sc_hd__a22oi_2,_11270_,picorv32_pcpi_fast_mul
sky130_fd_sc_hd__and4_2,_11271_,picorv32_pcpi_fast_mul
sky130_fd_sc_hd__nor2_2,_11272_,picorv32_pcpi_fast_mul
sky130_fd_sc_hd__nand2_2,_11273_,picorv32_pcpi_fast_mul
sky130_fd_sc_hd__xnor2_2,_11274_,picorv32_pcpi_fast_mul
sky130_fd_sc_hd__o21ba_2,_11275_,picorv32_pcpi_fast_mul
sky130_fd_sc_hd__nand2b_2,_11276_,picorv32_pcpi_fast_mul
sky130_fd_sc_hd__xnor2_2,_11277_,picorv32_pcpi_fast_mul
sky130_fd_sc_hd__nand2_2,_11278_,picorv32_pcpi_fast_mul
sky130_fd_sc_hd__xnor2_2,_11279_,picorv32_pcpi_fast_mul
sky130_fd_sc_hd__a21oi_2,_11280_,picorv32_pcpi_fast_mul
sky130_fd_sc_hd__and3_2,_11281_,picorv32_pcpi_fast_mul
sky130_fd_sc_hd__a211oi_2,_11282_,picorv32_pcpi_fast_mul
sky130_fd_sc_hd__o211a_2,_11283_,picorv32_pcpi_fast_mul
sky130_fd_sc_hd__a21o_2,_11284_,picorv32_pcpi_fast_mul
sky130_fd_sc_hd__nand2_2,_11285_,picorv32_pcpi_fast_mul
sky130_fd_sc_hd__o21bai_2,_11286_,picorv32_pcpi_fast_mul
sky130_fd_sc_hd__a22o_2,_11287_,picorv32_pcpi_fast_mul
sky130_fd_sc_hd__nand4_2,_11288_,picorv32_pcpi_fast_mul
sky130_fd_sc_hd__a22o_2,_11289_,picorv32_pcpi_fast_mul
sky130_fd_sc_hd__nand4_2,_11290_,picorv32_pcpi_fast_mul
sky130_fd_sc_hd__nand3_2,_11291_,picorv32_pcpi_fast_mul
sky130_fd_sc_hd__a21o_2,_11292_,picorv32_pcpi_fast_mul
sky130_fd_sc_hd__nand3_2,_11293_,picorv32_pcpi_fast_mul
sky130_fd_sc_hd__a21o_2,_11294_,picorv32_pcpi_fast_mul
sky130_fd_sc_hd__and3_2,_11295_,picorv32_pcpi_fast_mul
sky130_fd_sc_hd__nand3_2,_11296_,picorv32_pcpi_fast_mul
sky130_fd_sc_hd__a21oi_2,_11297_,picorv32_pcpi_fast_mul
sky130_fd_sc_hd__a211o_2,_11298_,picorv32_pcpi_fast_mul
sky130_fd_sc_hd__o211ai_2,_11299_,picorv32_pcpi_fast_mul
sky130_fd_sc_hd__o211ai_2,_11300_,picorv32_pcpi_fast_mul
sky130_fd_sc_hd__a211o_2,_11301_,picorv32_pcpi_fast_mul
sky130_fd_sc_hd__or4bb_2,_11302_,picorv32_pcpi_fast_mul
sky130_fd_sc_hd__a2bb2o_2,_11303_,picorv32_pcpi_fast_mul
sky130_fd_sc_hd__o211ai_2,_11304_,picorv32_pcpi_fast_mul
sky130_fd_sc_hd__a211o_2,_11305_,picorv32_pcpi_fast_mul
sky130_fd_sc_hd__o211ai_2,_11306_,picorv32_pcpi_fast_mul
sky130_fd_sc_hd__a211o_2,_11307_,picorv32_pcpi_fast_mul
sky130_fd_sc_hd__and4bb_2,_11308_,picorv32_pcpi_fast_mul
sky130_fd_sc_hd__a2bb2oi_2,_11309_,picorv32_pcpi_fast_mul
sky130_fd_sc_hd__a211oi_2,_11310_,picorv32_pcpi_fast_mul
sky130_fd_sc_hd__inv_2,_11311_,picorv32_pcpi_fast_mul
sky130_fd_sc_hd__o211a_2,_11312_,picorv32_pcpi_fast_mul
sky130_fd_sc_hd__nor2_2,_11313_,picorv32_pcpi_fast_mul
sky130_fd_sc_hd__a21o_2,_11314_,picorv32_pcpi_fast_mul
sky130_fd_sc_hd__nand3_2,_11315_,picorv32_pcpi_fast_mul
sky130_fd_sc_hd__nand2_2,_11316_,picorv32_pcpi_fast_mul
sky130_fd_sc_hd__or3_2,_11317_,picorv32_pcpi_fast_mul
sky130_fd_sc_hd__o21ai_2,_11318_,picorv32_pcpi_fast_mul
sky130_fd_sc_hd__o211a_2,_11319_,picorv32_pcpi_fast_mul
sky130_fd_sc_hd__a211oi_2,_11320_,picorv32_pcpi_fast_mul
sky130_fd_sc_hd__nor2_2,_11321_,picorv32_pcpi_fast_mul
sky130_fd_sc_hd__and2_2,_11322_,picorv32_pcpi_fast_mul
sky130_fd_sc_hd__xnor2_2,_11323_,picorv32_pcpi_fast_mul
sky130_fd_sc_hd__or2_2,_11324_,picorv32_pcpi_fast_mul
sky130_fd_sc_hd__and2b_2,_11325_,picorv32_pcpi_fast_mul
sky130_fd_sc_hd__xnor2_2,_11326_,picorv32_pcpi_fast_mul
sky130_fd_sc_hd__nand2_2,_11327_,picorv32_pcpi_fast_mul
sky130_fd_sc_hd__nor2_2,_11328_,picorv32_pcpi_fast_mul
sky130_fd_sc_hd__nor2_2,_11329_,picorv32_pcpi_fast_mul
sky130_fd_sc_hd__o21ba_2,_11330_,picorv32_pcpi_fast_mul
sky130_fd_sc_hd__a211o_2,_11331_,picorv32_pcpi_fast_mul
sky130_fd_sc_hd__a21oi_2,_11332_,picorv32_pcpi_fast_mul
sky130_fd_sc_hd__nor2_2,_11333_,picorv32_pcpi_fast_mul
sky130_fd_sc_hd__a21oi_2,_11334_,picorv32_pcpi_fast_mul
sky130_fd_sc_hd__a21o_2,_11335_,picorv32_pcpi_fast_mul
sky130_fd_sc_hd__xnor2_2,_11336_,picorv32_pcpi_fast_mul
sky130_fd_sc_hd__a21oi_2,_11337_,picorv32_pcpi_fast_mul
sky130_fd_sc_hd__nand2_2,_11338_,picorv32_pcpi_fast_mul
sky130_fd_sc_hd__a22oi_2,_11339_,picorv32_pcpi_fast_mul
sky130_fd_sc_hd__and4_2,_11340_,picorv32_pcpi_fast_mul
sky130_fd_sc_hd__nor2_2,_11341_,picorv32_pcpi_fast_mul
sky130_fd_sc_hd__nand2_2,_11342_,picorv32_pcpi_fast_mul
sky130_fd_sc_hd__xnor2_2,_11343_,picorv32_pcpi_fast_mul
sky130_fd_sc_hd__a22o_2,_11344_,picorv32_pcpi_fast_mul
sky130_fd_sc_hd__nand4_2,_11345_,picorv32_pcpi_fast_mul
sky130_fd_sc_hd__a22o_2,_11346_,picorv32_pcpi_fast_mul
sky130_fd_sc_hd__nand4_2,_11347_,picorv32_pcpi_fast_mul
sky130_fd_sc_hd__nand2_2,_11348_,picorv32_pcpi_fast_mul
sky130_fd_sc_hd__nand2_2,_11349_,picorv32_pcpi_fast_mul
sky130_fd_sc_hd__xnor2_2,_11350_,picorv32_pcpi_fast_mul
sky130_fd_sc_hd__xor2_2,_11351_,picorv32_pcpi_fast_mul
sky130_fd_sc_hd__nand2_2,_11352_,picorv32_pcpi_fast_mul
sky130_fd_sc_hd__a22o_2,_11353_,picorv32_pcpi_fast_mul
sky130_fd_sc_hd__nand4_2,_11354_,picorv32_pcpi_fast_mul
sky130_fd_sc_hd__nand3_2,_11355_,picorv32_pcpi_fast_mul
sky130_fd_sc_hd__a21o_2,_11356_,picorv32_pcpi_fast_mul
sky130_fd_sc_hd__nand3_2,_11357_,picorv32_pcpi_fast_mul
sky130_fd_sc_hd__a21o_2,_11358_,picorv32_pcpi_fast_mul
sky130_fd_sc_hd__a21bo_2,_11359_,picorv32_pcpi_fast_mul
sky130_fd_sc_hd__nand3_2,_11360_,picorv32_pcpi_fast_mul
sky130_fd_sc_hd__a21o_2,_11361_,picorv32_pcpi_fast_mul
sky130_fd_sc_hd__nand3_2,_11362_,picorv32_pcpi_fast_mul
sky130_fd_sc_hd__a21o_2,_11363_,picorv32_pcpi_fast_mul
sky130_fd_sc_hd__nand3b_2,_11364_,picorv32_pcpi_fast_mul
sky130_fd_sc_hd__a21bo_2,_11365_,picorv32_pcpi_fast_mul
sky130_fd_sc_hd__nand3_2,_11366_,picorv32_pcpi_fast_mul
sky130_fd_sc_hd__a21o_2,_11367_,picorv32_pcpi_fast_mul
sky130_fd_sc_hd__nand3_2,_11368_,picorv32_pcpi_fast_mul
sky130_fd_sc_hd__a21o_2,_11369_,picorv32_pcpi_fast_mul
sky130_fd_sc_hd__a31o_2,_11370_,picorv32_pcpi_fast_mul
sky130_fd_sc_hd__nand3_2,_11371_,picorv32_pcpi_fast_mul
sky130_fd_sc_hd__a21o_2,_11372_,picorv32_pcpi_fast_mul
sky130_fd_sc_hd__nand2_2,_11373_,picorv32_pcpi_fast_mul
sky130_fd_sc_hd__nand2_2,_11374_,picorv32_pcpi_fast_mul
sky130_fd_sc_hd__nand2_2,_11375_,picorv32_pcpi_fast_mul
sky130_fd_sc_hd__or2_2,_11376_,picorv32_pcpi_fast_mul
sky130_fd_sc_hd__a21bo_2,_11377_,picorv32_pcpi_fast_mul
sky130_fd_sc_hd__nor2_2,_11378_,picorv32_pcpi_fast_mul
sky130_fd_sc_hd__or3_2,_11379_,picorv32_pcpi_fast_mul
sky130_fd_sc_hd__xnor2_2,_11380_,picorv32_pcpi_fast_mul
sky130_fd_sc_hd__a22oi_2,_11381_,picorv32_pcpi_fast_mul
sky130_fd_sc_hd__and4_2,_11382_,picorv32_pcpi_fast_mul
sky130_fd_sc_hd__nor2_2,_11383_,picorv32_pcpi_fast_mul
sky130_fd_sc_hd__nand2_2,_11384_,picorv32_pcpi_fast_mul
sky130_fd_sc_hd__xnor2_2,_11385_,picorv32_pcpi_fast_mul
sky130_fd_sc_hd__o21ba_2,_11386_,picorv32_pcpi_fast_mul
sky130_fd_sc_hd__nand2b_2,_11387_,picorv32_pcpi_fast_mul
sky130_fd_sc_hd__xnor2_2,_11388_,picorv32_pcpi_fast_mul
sky130_fd_sc_hd__nand2_2,_11389_,picorv32_pcpi_fast_mul
sky130_fd_sc_hd__xnor2_2,_11390_,picorv32_pcpi_fast_mul
sky130_fd_sc_hd__a21oi_2,_11391_,picorv32_pcpi_fast_mul
sky130_fd_sc_hd__and3_2,_11392_,picorv32_pcpi_fast_mul
sky130_fd_sc_hd__a211oi_2,_11393_,picorv32_pcpi_fast_mul
sky130_fd_sc_hd__o211a_2,_11394_,picorv32_pcpi_fast_mul
sky130_fd_sc_hd__a21o_2,_11395_,picorv32_pcpi_fast_mul
sky130_fd_sc_hd__nand2_2,_11396_,picorv32_pcpi_fast_mul
sky130_fd_sc_hd__o21bai_2,_11397_,picorv32_pcpi_fast_mul
sky130_fd_sc_hd__a22o_2,_11398_,picorv32_pcpi_fast_mul
sky130_fd_sc_hd__nand4_2,_11399_,picorv32_pcpi_fast_mul
sky130_fd_sc_hd__a22o_2,_11400_,picorv32_pcpi_fast_mul
sky130_fd_sc_hd__nand4_2,_11401_,picorv32_pcpi_fast_mul
sky130_fd_sc_hd__nand3_2,_11402_,picorv32_pcpi_fast_mul
sky130_fd_sc_hd__a21o_2,_11403_,picorv32_pcpi_fast_mul
sky130_fd_sc_hd__nand3_2,_11404_,picorv32_pcpi_fast_mul
sky130_fd_sc_hd__a21o_2,_11405_,picorv32_pcpi_fast_mul
sky130_fd_sc_hd__and3_2,_11406_,picorv32_pcpi_fast_mul
sky130_fd_sc_hd__a21oi_2,_11407_,picorv32_pcpi_fast_mul
sky130_fd_sc_hd__a211oi_2,_11408_,picorv32_pcpi_fast_mul
sky130_fd_sc_hd__o211a_2,_11409_,picorv32_pcpi_fast_mul
sky130_fd_sc_hd__a211oi_2,_11410_,picorv32_pcpi_fast_mul
sky130_fd_sc_hd__o211a_2,_11411_,picorv32_pcpi_fast_mul
sky130_fd_sc_hd__nor4_2,_11412_,picorv32_pcpi_fast_mul
sky130_fd_sc_hd__o22a_2,_11413_,picorv32_pcpi_fast_mul
sky130_fd_sc_hd__a211o_2,_11414_,picorv32_pcpi_fast_mul
sky130_fd_sc_hd__o211ai_2,_11415_,picorv32_pcpi_fast_mul
sky130_fd_sc_hd__nand3_2,_11416_,picorv32_pcpi_fast_mul
sky130_fd_sc_hd__a21o_2,_11417_,picorv32_pcpi_fast_mul
sky130_fd_sc_hd__nand4_2,_11418_,picorv32_pcpi_fast_mul
sky130_fd_sc_hd__a22o_2,_11419_,picorv32_pcpi_fast_mul
sky130_fd_sc_hd__o211a_2,_11420_,picorv32_pcpi_fast_mul
sky130_fd_sc_hd__a211oi_2,_11421_,picorv32_pcpi_fast_mul
sky130_fd_sc_hd__nor2_2,_11422_,picorv32_pcpi_fast_mul
sky130_fd_sc_hd__a21o_2,_11423_,picorv32_pcpi_fast_mul
sky130_fd_sc_hd__nand3_2,_11424_,picorv32_pcpi_fast_mul
sky130_fd_sc_hd__nand2_2,_11425_,picorv32_pcpi_fast_mul
sky130_fd_sc_hd__nor3_2,_11426_,picorv32_pcpi_fast_mul
sky130_fd_sc_hd__o21a_2,_11427_,picorv32_pcpi_fast_mul
sky130_fd_sc_hd__a211oi_2,_11428_,picorv32_pcpi_fast_mul
sky130_fd_sc_hd__o211a_2,_11429_,picorv32_pcpi_fast_mul
sky130_fd_sc_hd__nor3_2,_11430_,picorv32_pcpi_fast_mul
sky130_fd_sc_hd__inv_2,_11431_,picorv32_pcpi_fast_mul
sky130_fd_sc_hd__o21ai_2,_11432_,picorv32_pcpi_fast_mul
sky130_fd_sc_hd__o211a_2,_11433_,picorv32_pcpi_fast_mul
sky130_fd_sc_hd__a211oi_2,_11434_,picorv32_pcpi_fast_mul
sky130_fd_sc_hd__nor2_2,_11435_,picorv32_pcpi_fast_mul
sky130_fd_sc_hd__xnor2_2,_11436_,picorv32_pcpi_fast_mul
sky130_fd_sc_hd__nand2_2,_11437_,picorv32_pcpi_fast_mul
sky130_fd_sc_hd__a22oi_2,_11438_,picorv32_pcpi_fast_mul
sky130_fd_sc_hd__and4_2,_11439_,picorv32_pcpi_fast_mul
sky130_fd_sc_hd__nor2_2,_11440_,picorv32_pcpi_fast_mul
sky130_fd_sc_hd__nand2_2,_11441_,picorv32_pcpi_fast_mul
sky130_fd_sc_hd__xnor2_2,_11442_,picorv32_pcpi_fast_mul
sky130_fd_sc_hd__and3_2,_11443_,picorv32_pcpi_fast_mul
sky130_fd_sc_hd__nand4_2,_11444_,picorv32_pcpi_fast_mul
sky130_fd_sc_hd__a22o_2,_11445_,picorv32_pcpi_fast_mul
sky130_fd_sc_hd__a22o_2,_11446_,picorv32_pcpi_fast_mul
sky130_fd_sc_hd__nand4_2,_11447_,picorv32_pcpi_fast_mul
sky130_fd_sc_hd__nand2_2,_11448_,picorv32_pcpi_fast_mul
sky130_fd_sc_hd__nand2_2,_11449_,picorv32_pcpi_fast_mul
sky130_fd_sc_hd__xnor2_2,_11450_,picorv32_pcpi_fast_mul
sky130_fd_sc_hd__xnor2_2,_11451_,picorv32_pcpi_fast_mul
sky130_fd_sc_hd__nand2_2,_11452_,picorv32_pcpi_fast_mul
sky130_fd_sc_hd__a21bo_2,_11453_,picorv32_pcpi_fast_mul
sky130_fd_sc_hd__nand3b_2,_11454_,picorv32_pcpi_fast_mul
sky130_fd_sc_hd__nor2_2,_11455_,picorv32_pcpi_fast_mul
sky130_fd_sc_hd__a41o_2,_11456_,picorv32_pcpi_fast_mul
sky130_fd_sc_hd__xor2_2,_11457_,picorv32_pcpi_fast_mul
sky130_fd_sc_hd__nand2b_2,_11458_,picorv32_pcpi_fast_mul
sky130_fd_sc_hd__xor2_2,_11459_,picorv32_pcpi_fast_mul
sky130_fd_sc_hd__nand2b_2,_11460_,picorv32_pcpi_fast_mul
sky130_fd_sc_hd__xnor2_2,_11461_,picorv32_pcpi_fast_mul
sky130_fd_sc_hd__nand2_2,_11462_,picorv32_pcpi_fast_mul
sky130_fd_sc_hd__xor2_2,_11463_,picorv32_pcpi_fast_mul
sky130_fd_sc_hd__a21boi_2,_11464_,picorv32_pcpi_fast_mul
sky130_fd_sc_hd__a311oi_2,_11465_,picorv32_pcpi_fast_mul
sky130_fd_sc_hd__or2_2,_11466_,picorv32_pcpi_fast_mul
sky130_fd_sc_hd__nand2_2,_11467_,picorv32_pcpi_fast_mul
sky130_fd_sc_hd__nand2_2,_11468_,picorv32_pcpi_fast_mul
sky130_fd_sc_hd__or2_2,_11469_,picorv32_pcpi_fast_mul
sky130_fd_sc_hd__a21bo_2,_11470_,picorv32_pcpi_fast_mul
sky130_fd_sc_hd__or2_2,_11471_,picorv32_pcpi_fast_mul
sky130_fd_sc_hd__nand2_2,_11472_,picorv32_pcpi_fast_mul
sky130_fd_sc_hd__or2_2,_11473_,picorv32_pcpi_fast_mul
sky130_fd_sc_hd__and2_2,_11474_,picorv32_pcpi_fast_mul
sky130_fd_sc_hd__a22oi_2,_11475_,picorv32_pcpi_fast_mul
sky130_fd_sc_hd__and4_2,_11476_,picorv32_pcpi_fast_mul
sky130_fd_sc_hd__nor2_2,_11477_,picorv32_pcpi_fast_mul
sky130_fd_sc_hd__nand2_2,_11478_,picorv32_pcpi_fast_mul
sky130_fd_sc_hd__xnor2_2,_11479_,picorv32_pcpi_fast_mul
sky130_fd_sc_hd__o21ba_2,_11480_,picorv32_pcpi_fast_mul
sky130_fd_sc_hd__nand2b_2,_11481_,picorv32_pcpi_fast_mul
sky130_fd_sc_hd__xnor2_2,_11482_,picorv32_pcpi_fast_mul
sky130_fd_sc_hd__nand2_2,_11483_,picorv32_pcpi_fast_mul
sky130_fd_sc_hd__xnor2_2,_11484_,picorv32_pcpi_fast_mul
sky130_fd_sc_hd__a21oi_2,_11485_,picorv32_pcpi_fast_mul
sky130_fd_sc_hd__and3_2,_11486_,picorv32_pcpi_fast_mul
sky130_fd_sc_hd__a211oi_2,_11487_,picorv32_pcpi_fast_mul
sky130_fd_sc_hd__o211a_2,_11488_,picorv32_pcpi_fast_mul
sky130_fd_sc_hd__a32o_2,_11489_,picorv32_pcpi_fast_mul
sky130_fd_sc_hd__nand2_2,_11490_,picorv32_pcpi_fast_mul
sky130_fd_sc_hd__a31o_2,_11491_,picorv32_pcpi_fast_mul
sky130_fd_sc_hd__a22o_2,_11492_,picorv32_pcpi_fast_mul
sky130_fd_sc_hd__nand4_2,_11493_,picorv32_pcpi_fast_mul
sky130_fd_sc_hd__a22o_2,_11494_,picorv32_pcpi_fast_mul
sky130_fd_sc_hd__nand4_2,_11495_,picorv32_pcpi_fast_mul
sky130_fd_sc_hd__nand3_2,_11496_,picorv32_pcpi_fast_mul
sky130_fd_sc_hd__a21o_2,_11497_,picorv32_pcpi_fast_mul
sky130_fd_sc_hd__nand3_2,_11498_,picorv32_pcpi_fast_mul
sky130_fd_sc_hd__a21o_2,_11499_,picorv32_pcpi_fast_mul
sky130_fd_sc_hd__and3_2,_11500_,picorv32_pcpi_fast_mul
sky130_fd_sc_hd__nand3_2,_11501_,picorv32_pcpi_fast_mul
sky130_fd_sc_hd__a21oi_2,_11502_,picorv32_pcpi_fast_mul
sky130_fd_sc_hd__a211o_2,_11503_,picorv32_pcpi_fast_mul
sky130_fd_sc_hd__o211ai_2,_11504_,picorv32_pcpi_fast_mul
sky130_fd_sc_hd__o211ai_2,_11505_,picorv32_pcpi_fast_mul
sky130_fd_sc_hd__a211o_2,_11506_,picorv32_pcpi_fast_mul
sky130_fd_sc_hd__and4bb_2,_11507_,picorv32_pcpi_fast_mul
sky130_fd_sc_hd__inv_2,_11508_,picorv32_pcpi_fast_mul
sky130_fd_sc_hd__a2bb2oi_2,_11509_,picorv32_pcpi_fast_mul
sky130_fd_sc_hd__a211oi_2,_11510_,picorv32_pcpi_fast_mul
sky130_fd_sc_hd__a211o_2,_11511_,picorv32_pcpi_fast_mul
sky130_fd_sc_hd__o211ai_2,_11512_,picorv32_pcpi_fast_mul
sky130_fd_sc_hd__o211a_2,_11513_,picorv32_pcpi_fast_mul
sky130_fd_sc_hd__a211oi_2,_11514_,picorv32_pcpi_fast_mul
sky130_fd_sc_hd__nor3_2,_11515_,picorv32_pcpi_fast_mul
sky130_fd_sc_hd__o21a_2,_11516_,picorv32_pcpi_fast_mul
sky130_fd_sc_hd__a211oi_2,_11517_,picorv32_pcpi_fast_mul
sky130_fd_sc_hd__o211a_2,_11518_,picorv32_pcpi_fast_mul
sky130_fd_sc_hd__nor2_2,_11519_,picorv32_pcpi_fast_mul
sky130_fd_sc_hd__a21oi_2,_11520_,picorv32_pcpi_fast_mul
sky130_fd_sc_hd__and3_2,_11521_,picorv32_pcpi_fast_mul
sky130_fd_sc_hd__or2_2,_11522_,picorv32_pcpi_fast_mul
sky130_fd_sc_hd__nor3_2,_11523_,picorv32_pcpi_fast_mul
sky130_fd_sc_hd__or3_2,_11524_,picorv32_pcpi_fast_mul
sky130_fd_sc_hd__o21ai_2,_11525_,picorv32_pcpi_fast_mul
sky130_fd_sc_hd__o211a_2,_11526_,picorv32_pcpi_fast_mul
sky130_fd_sc_hd__a211oi_2,_11527_,picorv32_pcpi_fast_mul
sky130_fd_sc_hd__or2_2,_11528_,picorv32_pcpi_fast_mul
sky130_fd_sc_hd__nor2_2,_11529_,picorv32_pcpi_fast_mul
sky130_fd_sc_hd__xnor2_2,_11530_,picorv32_pcpi_fast_mul
sky130_fd_sc_hd__nor2_2,_11531_,picorv32_pcpi_fast_mul
sky130_fd_sc_hd__nor2_2,_11532_,picorv32_pcpi_fast_mul
sky130_fd_sc_hd__xnor2_2,_11533_,picorv32_pcpi_fast_mul
sky130_fd_sc_hd__o21bai_2,_11534_,picorv32_pcpi_fast_mul
sky130_fd_sc_hd__nand2_2,_11535_,picorv32_pcpi_fast_mul
sky130_fd_sc_hd__o21a_2,_11536_,picorv32_pcpi_fast_mul
sky130_fd_sc_hd__xor2_2,_11537_,picorv32_pcpi_fast_mul
sky130_fd_sc_hd__o21ba_2,_11538_,picorv32_pcpi_fast_mul
sky130_fd_sc_hd__a22oi_2,_11539_,picorv32_pcpi_fast_mul
sky130_fd_sc_hd__and4_2,_11540_,picorv32_pcpi_fast_mul
sky130_fd_sc_hd__nor2_2,_11541_,picorv32_pcpi_fast_mul
sky130_fd_sc_hd__nand2_2,_11542_,picorv32_pcpi_fast_mul
sky130_fd_sc_hd__xnor2_2,_11543_,picorv32_pcpi_fast_mul
sky130_fd_sc_hd__inv_2,_11544_,picorv32_pcpi_fast_mul
sky130_fd_sc_hd__o21ai_2,_11545_,picorv32_pcpi_fast_mul
sky130_fd_sc_hd__nor2_2,_11546_,picorv32_pcpi_fast_mul
sky130_fd_sc_hd__nand2_2,_11547_,picorv32_pcpi_fast_mul
sky130_fd_sc_hd__xnor2_2,_11548_,picorv32_pcpi_fast_mul
sky130_fd_sc_hd__nand2_2,_11549_,picorv32_pcpi_fast_mul
sky130_fd_sc_hd__and2_2,_11550_,picorv32_pcpi_fast_mul
sky130_fd_sc_hd__xnor2_2,_11551_,picorv32_pcpi_fast_mul
sky130_fd_sc_hd__nor2_2,_11552_,picorv32_pcpi_fast_mul
sky130_fd_sc_hd__xnor2_2,_11553_,picorv32_pcpi_fast_mul
sky130_fd_sc_hd__o22a_2,_11554_,picorv32_pcpi_fast_mul
sky130_fd_sc_hd__o21bai_2,_11555_,picorv32_pcpi_fast_mul
sky130_fd_sc_hd__xnor2_2,_11556_,picorv32_pcpi_fast_mul
sky130_fd_sc_hd__nand2b_2,_11557_,picorv32_pcpi_fast_mul
sky130_fd_sc_hd__xnor2_2,_11558_,picorv32_pcpi_fast_mul
sky130_fd_sc_hd__nand2b_2,_11559_,picorv32_pcpi_fast_mul
sky130_fd_sc_hd__xnor2_2,_11560_,picorv32_pcpi_fast_mul
sky130_fd_sc_hd__nand2_2,_11561_,picorv32_pcpi_fast_mul
sky130_fd_sc_hd__xnor2_2,_11562_,picorv32_pcpi_fast_mul
sky130_fd_sc_hd__a21o_2,_11563_,picorv32_pcpi_fast_mul
sky130_fd_sc_hd__nand3_2,_11564_,picorv32_pcpi_fast_mul
sky130_fd_sc_hd__nand2_2,_11565_,picorv32_pcpi_fast_mul
sky130_fd_sc_hd__nand2_2,_11566_,picorv32_pcpi_fast_mul
sky130_fd_sc_hd__nand2_2,_11567_,picorv32_pcpi_fast_mul
sky130_fd_sc_hd__or2_2,_11568_,picorv32_pcpi_fast_mul
sky130_fd_sc_hd__a21bo_2,_11569_,picorv32_pcpi_fast_mul
sky130_fd_sc_hd__nor2_2,_11570_,picorv32_pcpi_fast_mul
sky130_fd_sc_hd__or3_2,_11571_,picorv32_pcpi_fast_mul
sky130_fd_sc_hd__xnor2_2,_11572_,picorv32_pcpi_fast_mul
sky130_fd_sc_hd__a22oi_2,_11573_,picorv32_pcpi_fast_mul
sky130_fd_sc_hd__and4_2,_11574_,picorv32_pcpi_fast_mul
sky130_fd_sc_hd__nor2_2,_11575_,picorv32_pcpi_fast_mul
sky130_fd_sc_hd__nand2_2,_11576_,picorv32_pcpi_fast_mul
sky130_fd_sc_hd__xnor2_2,_11577_,picorv32_pcpi_fast_mul
sky130_fd_sc_hd__o21ba_2,_11578_,picorv32_pcpi_fast_mul
sky130_fd_sc_hd__nand2b_2,_11579_,picorv32_pcpi_fast_mul
sky130_fd_sc_hd__xnor2_2,_11580_,picorv32_pcpi_fast_mul
sky130_fd_sc_hd__nand2_2,_11581_,picorv32_pcpi_fast_mul
sky130_fd_sc_hd__or2_2,_11582_,picorv32_pcpi_fast_mul
sky130_fd_sc_hd__nand2_2,_11583_,picorv32_pcpi_fast_mul
sky130_fd_sc_hd__a21oi_2,_11584_,picorv32_pcpi_fast_mul
sky130_fd_sc_hd__and3_2,_11585_,picorv32_pcpi_fast_mul
sky130_fd_sc_hd__a211oi_2,_11586_,picorv32_pcpi_fast_mul
sky130_fd_sc_hd__o211a_2,_11587_,picorv32_pcpi_fast_mul
sky130_fd_sc_hd__a32o_2,_11588_,picorv32_pcpi_fast_mul
sky130_fd_sc_hd__nand2_2,_11589_,picorv32_pcpi_fast_mul
sky130_fd_sc_hd__a31o_2,_11590_,picorv32_pcpi_fast_mul
sky130_fd_sc_hd__a22o_2,_11591_,picorv32_pcpi_fast_mul
sky130_fd_sc_hd__nand4_2,_11592_,picorv32_pcpi_fast_mul
sky130_fd_sc_hd__a22o_2,_11593_,picorv32_pcpi_fast_mul
sky130_fd_sc_hd__nand4_2,_11594_,picorv32_pcpi_fast_mul
sky130_fd_sc_hd__nand3_2,_11595_,picorv32_pcpi_fast_mul
sky130_fd_sc_hd__a21o_2,_11596_,picorv32_pcpi_fast_mul
sky130_fd_sc_hd__nand3_2,_11597_,picorv32_pcpi_fast_mul
sky130_fd_sc_hd__a21o_2,_11598_,picorv32_pcpi_fast_mul
sky130_fd_sc_hd__and3_2,_11599_,picorv32_pcpi_fast_mul
sky130_fd_sc_hd__a21oi_2,_11600_,picorv32_pcpi_fast_mul
sky130_fd_sc_hd__a211oi_2,_11601_,picorv32_pcpi_fast_mul
sky130_fd_sc_hd__o211a_2,_11602_,picorv32_pcpi_fast_mul
sky130_fd_sc_hd__a211oi_2,_11603_,picorv32_pcpi_fast_mul
sky130_fd_sc_hd__o211a_2,_11604_,picorv32_pcpi_fast_mul
sky130_fd_sc_hd__nor4_2,_11605_,picorv32_pcpi_fast_mul
sky130_fd_sc_hd__o22a_2,_11606_,picorv32_pcpi_fast_mul
sky130_fd_sc_hd__a211oi_2,_11607_,picorv32_pcpi_fast_mul
sky130_fd_sc_hd__o211a_2,_11608_,picorv32_pcpi_fast_mul
sky130_fd_sc_hd__a211oi_2,_11609_,picorv32_pcpi_fast_mul
sky130_fd_sc_hd__o211a_2,_11610_,picorv32_pcpi_fast_mul
sky130_fd_sc_hd__or3_2,_11611_,picorv32_pcpi_fast_mul
sky130_fd_sc_hd__o21ai_2,_11612_,picorv32_pcpi_fast_mul
sky130_fd_sc_hd__o211ai_2,_11613_,picorv32_pcpi_fast_mul
sky130_fd_sc_hd__a211o_2,_11614_,picorv32_pcpi_fast_mul
sky130_fd_sc_hd__or2_2,_11615_,picorv32_pcpi_fast_mul
sky130_fd_sc_hd__nor2_2,_11616_,picorv32_pcpi_fast_mul
sky130_fd_sc_hd__o21ai_2,_11617_,picorv32_pcpi_fast_mul
sky130_fd_sc_hd__xnor2_2,_11618_,picorv32_pcpi_fast_mul
sky130_fd_sc_hd__nand3_2,_11619_,picorv32_pcpi_fast_mul
sky130_fd_sc_hd__a21o_2,_11620_,picorv32_pcpi_fast_mul
sky130_fd_sc_hd__o211ai_2,_11621_,picorv32_pcpi_fast_mul
sky130_fd_sc_hd__a211o_2,_11622_,picorv32_pcpi_fast_mul
sky130_fd_sc_hd__nand3_2,_11623_,picorv32_pcpi_fast_mul
sky130_fd_sc_hd__a21o_2,_11624_,picorv32_pcpi_fast_mul
sky130_fd_sc_hd__a211oi_2,_11625_,picorv32_pcpi_fast_mul
sky130_fd_sc_hd__o211a_2,_11626_,picorv32_pcpi_fast_mul
sky130_fd_sc_hd__nor2_2,_11627_,picorv32_pcpi_fast_mul
sky130_fd_sc_hd__o21ba_2,_11628_,picorv32_pcpi_fast_mul
sky130_fd_sc_hd__xnor2_2,_11629_,picorv32_pcpi_fast_mul
sky130_fd_sc_hd__o21ba_2,_11630_,picorv32_pcpi_fast_mul
sky130_fd_sc_hd__a22oi_2,_11631_,picorv32_pcpi_fast_mul
sky130_fd_sc_hd__and4_2,_11632_,picorv32_pcpi_fast_mul
sky130_fd_sc_hd__o2bb2a_2,_11633_,picorv32_pcpi_fast_mul
sky130_fd_sc_hd__and4bb_2,_11634_,picorv32_pcpi_fast_mul
sky130_fd_sc_hd__nor2_2,_11635_,picorv32_pcpi_fast_mul
sky130_fd_sc_hd__o21bai_2,_11636_,picorv32_pcpi_fast_mul
sky130_fd_sc_hd__nand2_2,_11637_,picorv32_pcpi_fast_mul
sky130_fd_sc_hd__o21ai_2,_11638_,picorv32_pcpi_fast_mul
sky130_fd_sc_hd__or3_2,_11639_,picorv32_pcpi_fast_mul
sky130_fd_sc_hd__and3_2,_11640_,picorv32_pcpi_fast_mul
sky130_fd_sc_hd__a21oi_2,_11641_,picorv32_pcpi_fast_mul
sky130_fd_sc_hd__nor2_2,_11642_,picorv32_pcpi_fast_mul
sky130_fd_sc_hd__xnor2_2,_11643_,picorv32_pcpi_fast_mul
sky130_fd_sc_hd__xnor2_2,_11644_,picorv32_pcpi_fast_mul
sky130_fd_sc_hd__or2_2,_11645_,picorv32_pcpi_fast_mul
sky130_fd_sc_hd__xor2_2,_11646_,picorv32_pcpi_fast_mul
sky130_fd_sc_hd__nand2b_2,_11647_,picorv32_pcpi_fast_mul
sky130_fd_sc_hd__xnor2_2,_11648_,picorv32_pcpi_fast_mul
sky130_fd_sc_hd__nand2_2,_11649_,picorv32_pcpi_fast_mul
sky130_fd_sc_hd__xnor2_2,_11650_,picorv32_pcpi_fast_mul
sky130_fd_sc_hd__a21oi_2,_11651_,picorv32_pcpi_fast_mul
sky130_fd_sc_hd__and3_2,_11652_,picorv32_pcpi_fast_mul
sky130_fd_sc_hd__or2_2,_11653_,picorv32_pcpi_fast_mul
sky130_fd_sc_hd__nand2_2,_11654_,picorv32_pcpi_fast_mul
sky130_fd_sc_hd__nand2_2,_11655_,picorv32_pcpi_fast_mul
sky130_fd_sc_hd__or2_2,_11656_,picorv32_pcpi_fast_mul
sky130_fd_sc_hd__a2bb2o_2,_11657_,picorv32_pcpi_fast_mul
sky130_fd_sc_hd__or2_2,_11658_,picorv32_pcpi_fast_mul
sky130_fd_sc_hd__nand2_2,_11659_,picorv32_pcpi_fast_mul
sky130_fd_sc_hd__or2_2,_11660_,picorv32_pcpi_fast_mul
sky130_fd_sc_hd__and2_2,_11661_,picorv32_pcpi_fast_mul
sky130_fd_sc_hd__a22oi_2,_11662_,picorv32_pcpi_fast_mul
sky130_fd_sc_hd__and4_2,_11663_,picorv32_pcpi_fast_mul
sky130_fd_sc_hd__nor2_2,_11664_,picorv32_pcpi_fast_mul
sky130_fd_sc_hd__nand2_2,_11665_,picorv32_pcpi_fast_mul
sky130_fd_sc_hd__xnor2_2,_11666_,picorv32_pcpi_fast_mul
sky130_fd_sc_hd__o21ba_2,_11667_,picorv32_pcpi_fast_mul
sky130_fd_sc_hd__nand2b_2,_11668_,picorv32_pcpi_fast_mul
sky130_fd_sc_hd__xnor2_2,_11669_,picorv32_pcpi_fast_mul
sky130_fd_sc_hd__nand2_2,_11670_,picorv32_pcpi_fast_mul
sky130_fd_sc_hd__or2_2,_11671_,picorv32_pcpi_fast_mul
sky130_fd_sc_hd__nand2_2,_11672_,picorv32_pcpi_fast_mul
sky130_fd_sc_hd__a21oi_2,_11673_,picorv32_pcpi_fast_mul
sky130_fd_sc_hd__and3_2,_11674_,picorv32_pcpi_fast_mul
sky130_fd_sc_hd__a211oi_2,_11675_,picorv32_pcpi_fast_mul
sky130_fd_sc_hd__o211a_2,_11676_,picorv32_pcpi_fast_mul
sky130_fd_sc_hd__nand2_2,_11677_,picorv32_pcpi_fast_mul
sky130_fd_sc_hd__o21ba_2,_11678_,picorv32_pcpi_fast_mul
sky130_fd_sc_hd__a22oi_2,_11679_,picorv32_pcpi_fast_mul
sky130_fd_sc_hd__and4_2,_11680_,picorv32_pcpi_fast_mul
sky130_fd_sc_hd__nor2_2,_11681_,picorv32_pcpi_fast_mul
sky130_fd_sc_hd__nand2_2,_11682_,picorv32_pcpi_fast_mul
sky130_fd_sc_hd__xnor2_2,_11683_,picorv32_pcpi_fast_mul
sky130_fd_sc_hd__nand2b_2,_11684_,picorv32_pcpi_fast_mul
sky130_fd_sc_hd__xnor2_2,_11685_,picorv32_pcpi_fast_mul
sky130_fd_sc_hd__nand2_2,_11686_,picorv32_pcpi_fast_mul
sky130_fd_sc_hd__xor2_2,_11687_,picorv32_pcpi_fast_mul
sky130_fd_sc_hd__o21a_2,_11688_,picorv32_pcpi_fast_mul
sky130_fd_sc_hd__o21ai_2,_11689_,picorv32_pcpi_fast_mul
sky130_fd_sc_hd__nor3_2,_11690_,picorv32_pcpi_fast_mul
sky130_fd_sc_hd__a211o_2,_11691_,picorv32_pcpi_fast_mul
sky130_fd_sc_hd__o211ai_2,_11692_,picorv32_pcpi_fast_mul
sky130_fd_sc_hd__o211a_2,_11693_,picorv32_pcpi_fast_mul
sky130_fd_sc_hd__o211ai_2,_11694_,picorv32_pcpi_fast_mul
sky130_fd_sc_hd__a211o_2,_11695_,picorv32_pcpi_fast_mul
sky130_fd_sc_hd__and4bb_2,_11696_,picorv32_pcpi_fast_mul
sky130_fd_sc_hd__a2bb2oi_2,_11697_,picorv32_pcpi_fast_mul
sky130_fd_sc_hd__a211oi_2,_11698_,picorv32_pcpi_fast_mul
sky130_fd_sc_hd__a211o_2,_11699_,picorv32_pcpi_fast_mul
sky130_fd_sc_hd__o211ai_2,_11700_,picorv32_pcpi_fast_mul
sky130_fd_sc_hd__o211a_2,_11701_,picorv32_pcpi_fast_mul
sky130_fd_sc_hd__a211oi_2,_11702_,picorv32_pcpi_fast_mul
sky130_fd_sc_hd__nor3_2,_11703_,picorv32_pcpi_fast_mul
sky130_fd_sc_hd__o21a_2,_11704_,picorv32_pcpi_fast_mul
sky130_fd_sc_hd__a211oi_2,_11705_,picorv32_pcpi_fast_mul
sky130_fd_sc_hd__o211a_2,_11706_,picorv32_pcpi_fast_mul
sky130_fd_sc_hd__nor2_2,_11707_,picorv32_pcpi_fast_mul
sky130_fd_sc_hd__nor2_2,_11708_,picorv32_pcpi_fast_mul
sky130_fd_sc_hd__or2_2,_11709_,picorv32_pcpi_fast_mul
sky130_fd_sc_hd__xnor2_2,_11710_,picorv32_pcpi_fast_mul
sky130_fd_sc_hd__nor3_2,_11711_,picorv32_pcpi_fast_mul
sky130_fd_sc_hd__o21a_2,_11712_,picorv32_pcpi_fast_mul
sky130_fd_sc_hd__a211oi_2,_11713_,picorv32_pcpi_fast_mul
sky130_fd_sc_hd__o211a_2,_11714_,picorv32_pcpi_fast_mul
sky130_fd_sc_hd__nor3_2,_11715_,picorv32_pcpi_fast_mul
sky130_fd_sc_hd__o21ai_2,_11716_,picorv32_pcpi_fast_mul
sky130_fd_sc_hd__nand2b_2,_11717_,picorv32_pcpi_fast_mul
sky130_fd_sc_hd__nand2_2,_11718_,picorv32_pcpi_fast_mul
sky130_fd_sc_hd__and2b_2,_11719_,picorv32_pcpi_fast_mul
sky130_fd_sc_hd__xnor2_2,_11720_,picorv32_pcpi_fast_mul
sky130_fd_sc_hd__or3_2,_11721_,picorv32_pcpi_fast_mul
sky130_fd_sc_hd__nor2_2,_11722_,picorv32_pcpi_fast_mul
sky130_fd_sc_hd__o22ai_2,_11723_,picorv32_pcpi_fast_mul
sky130_fd_sc_hd__nor2_2,_11724_,picorv32_pcpi_fast_mul
sky130_fd_sc_hd__a21oi_2,_11725_,picorv32_pcpi_fast_mul
sky130_fd_sc_hd__and2b_2,_11726_,picorv32_pcpi_fast_mul
sky130_fd_sc_hd__xnor2_2,_11727_,picorv32_pcpi_fast_mul
sky130_fd_sc_hd__o21ba_2,_11728_,picorv32_pcpi_fast_mul
sky130_fd_sc_hd__a22o_2,_11729_,picorv32_pcpi_fast_mul
sky130_fd_sc_hd__and3_2,_11730_,picorv32_pcpi_fast_mul
sky130_fd_sc_hd__a21bo_2,_11731_,picorv32_pcpi_fast_mul
sky130_fd_sc_hd__nand2_2,_11732_,picorv32_pcpi_fast_mul
sky130_fd_sc_hd__xnor2_2,_11733_,picorv32_pcpi_fast_mul
sky130_fd_sc_hd__a32oi_2,_11734_,picorv32_pcpi_fast_mul
sky130_fd_sc_hd__and2b_2,_11735_,picorv32_pcpi_fast_mul
sky130_fd_sc_hd__xnor2_2,_11736_,picorv32_pcpi_fast_mul
sky130_fd_sc_hd__xnor2_2,_11737_,picorv32_pcpi_fast_mul
sky130_fd_sc_hd__nor2_2,_11738_,picorv32_pcpi_fast_mul
sky130_fd_sc_hd__xor2_2,_11739_,picorv32_pcpi_fast_mul
sky130_fd_sc_hd__and2b_2,_11740_,picorv32_pcpi_fast_mul
sky130_fd_sc_hd__xnor2_2,_11741_,picorv32_pcpi_fast_mul
sky130_fd_sc_hd__nand2_2,_11742_,picorv32_pcpi_fast_mul
sky130_fd_sc_hd__xnor2_2,_11743_,picorv32_pcpi_fast_mul
sky130_fd_sc_hd__a21o_2,_11744_,picorv32_pcpi_fast_mul
sky130_fd_sc_hd__nand3_2,_11745_,picorv32_pcpi_fast_mul
sky130_fd_sc_hd__nand2_2,_11746_,picorv32_pcpi_fast_mul
sky130_fd_sc_hd__nor2_2,_11747_,picorv32_pcpi_fast_mul
sky130_fd_sc_hd__nand2_2,_11748_,picorv32_pcpi_fast_mul
sky130_fd_sc_hd__nand2_2,_11749_,picorv32_pcpi_fast_mul
sky130_fd_sc_hd__or2_2,_11750_,picorv32_pcpi_fast_mul
sky130_fd_sc_hd__a21bo_2,_11751_,picorv32_pcpi_fast_mul
sky130_fd_sc_hd__nor2_2,_11752_,picorv32_pcpi_fast_mul
sky130_fd_sc_hd__or3_2,_11753_,picorv32_pcpi_fast_mul
sky130_fd_sc_hd__xnor2_2,_11754_,picorv32_pcpi_fast_mul
sky130_fd_sc_hd__a22oi_2,_11755_,picorv32_pcpi_fast_mul
sky130_fd_sc_hd__and4_2,_11756_,picorv32_pcpi_fast_mul
sky130_fd_sc_hd__nor2_2,_11757_,picorv32_pcpi_fast_mul
sky130_fd_sc_hd__nand2_2,_11758_,picorv32_pcpi_fast_mul
sky130_fd_sc_hd__xnor2_2,_11759_,picorv32_pcpi_fast_mul
sky130_fd_sc_hd__o21ba_2,_11760_,picorv32_pcpi_fast_mul
sky130_fd_sc_hd__nand2b_2,_11761_,picorv32_pcpi_fast_mul
sky130_fd_sc_hd__xnor2_2,_11762_,picorv32_pcpi_fast_mul
sky130_fd_sc_hd__nand2_2,_11763_,picorv32_pcpi_fast_mul
sky130_fd_sc_hd__or2_2,_11764_,picorv32_pcpi_fast_mul
sky130_fd_sc_hd__nand2_2,_11765_,picorv32_pcpi_fast_mul
sky130_fd_sc_hd__a21oi_2,_11766_,picorv32_pcpi_fast_mul
sky130_fd_sc_hd__and3_2,_11767_,picorv32_pcpi_fast_mul
sky130_fd_sc_hd__a211oi_2,_11768_,picorv32_pcpi_fast_mul
sky130_fd_sc_hd__o211a_2,_11769_,picorv32_pcpi_fast_mul
sky130_fd_sc_hd__a21o_2,_11770_,picorv32_pcpi_fast_mul
sky130_fd_sc_hd__o21ba_2,_11771_,picorv32_pcpi_fast_mul
sky130_fd_sc_hd__nor2_2,_11772_,picorv32_pcpi_fast_mul
sky130_fd_sc_hd__a22oi_2,_11773_,picorv32_pcpi_fast_mul
sky130_fd_sc_hd__and4_2,_11774_,picorv32_pcpi_fast_mul
sky130_fd_sc_hd__nor2_2,_11775_,picorv32_pcpi_fast_mul
sky130_fd_sc_hd__nand2_2,_11776_,picorv32_pcpi_fast_mul
sky130_fd_sc_hd__xnor2_2,_11777_,picorv32_pcpi_fast_mul
sky130_fd_sc_hd__nand2b_2,_11778_,picorv32_pcpi_fast_mul
sky130_fd_sc_hd__xnor2_2,_11779_,picorv32_pcpi_fast_mul
sky130_fd_sc_hd__nand2b_2,_11780_,picorv32_pcpi_fast_mul
sky130_fd_sc_hd__xnor2_2,_11781_,picorv32_pcpi_fast_mul
sky130_fd_sc_hd__and2_2,_11782_,picorv32_pcpi_fast_mul
sky130_fd_sc_hd__xnor2_2,_11783_,picorv32_pcpi_fast_mul
sky130_fd_sc_hd__a21oi_2,_11784_,picorv32_pcpi_fast_mul
sky130_fd_sc_hd__and3_2,_11785_,picorv32_pcpi_fast_mul
sky130_fd_sc_hd__a211oi_2,_11786_,picorv32_pcpi_fast_mul
sky130_fd_sc_hd__o211a_2,_11787_,picorv32_pcpi_fast_mul
sky130_fd_sc_hd__nor4_2,_11788_,picorv32_pcpi_fast_mul
sky130_fd_sc_hd__o22a_2,_11789_,picorv32_pcpi_fast_mul
sky130_fd_sc_hd__a211oi_2,_11790_,picorv32_pcpi_fast_mul
sky130_fd_sc_hd__o211a_2,_11791_,picorv32_pcpi_fast_mul
sky130_fd_sc_hd__nor3_2,_11792_,picorv32_pcpi_fast_mul
sky130_fd_sc_hd__o21a_2,_11793_,picorv32_pcpi_fast_mul
sky130_fd_sc_hd__or3_2,_11794_,picorv32_pcpi_fast_mul
sky130_fd_sc_hd__o21ai_2,_11795_,picorv32_pcpi_fast_mul
sky130_fd_sc_hd__o211a_2,_11796_,picorv32_pcpi_fast_mul
sky130_fd_sc_hd__a211oi_2,_11797_,picorv32_pcpi_fast_mul
sky130_fd_sc_hd__nor2_2,_11798_,picorv32_pcpi_fast_mul
sky130_fd_sc_hd__nor2_2,_11799_,picorv32_pcpi_fast_mul
sky130_fd_sc_hd__or2_2,_11800_,picorv32_pcpi_fast_mul
sky130_fd_sc_hd__xnor2_2,_11801_,picorv32_pcpi_fast_mul
sky130_fd_sc_hd__nor3_2,_11802_,picorv32_pcpi_fast_mul
sky130_fd_sc_hd__or3_2,_11803_,picorv32_pcpi_fast_mul
sky130_fd_sc_hd__o21ai_2,_11804_,picorv32_pcpi_fast_mul
sky130_fd_sc_hd__o211a_2,_11805_,picorv32_pcpi_fast_mul
sky130_fd_sc_hd__a211oi_2,_11806_,picorv32_pcpi_fast_mul
sky130_fd_sc_hd__nor3_2,_11807_,picorv32_pcpi_fast_mul
sky130_fd_sc_hd__o21a_2,_11808_,picorv32_pcpi_fast_mul
sky130_fd_sc_hd__nor2_2,_11809_,picorv32_pcpi_fast_mul
sky130_fd_sc_hd__nor2_2,_11810_,picorv32_pcpi_fast_mul
sky130_fd_sc_hd__and2b_2,_11811_,picorv32_pcpi_fast_mul
sky130_fd_sc_hd__or3_2,_11812_,picorv32_pcpi_fast_mul
sky130_fd_sc_hd__xnor2_2,_11813_,picorv32_pcpi_fast_mul
sky130_fd_sc_hd__nor2_2,_11814_,picorv32_pcpi_fast_mul
sky130_fd_sc_hd__xnor2_2,_11815_,picorv32_pcpi_fast_mul
sky130_fd_sc_hd__a21oi_2,_11816_,picorv32_pcpi_fast_mul
sky130_fd_sc_hd__or2_2,_11817_,picorv32_pcpi_fast_mul
sky130_fd_sc_hd__and3b_2,_11818_,picorv32_pcpi_fast_mul
sky130_fd_sc_hd__nand2_2,_11819_,picorv32_pcpi_fast_mul
sky130_fd_sc_hd__xnor2_2,_11820_,picorv32_pcpi_fast_mul
sky130_fd_sc_hd__xnor2_2,_11821_,picorv32_pcpi_fast_mul
sky130_fd_sc_hd__xor2_2,_11822_,picorv32_pcpi_fast_mul
sky130_fd_sc_hd__or2_2,_11823_,picorv32_pcpi_fast_mul
sky130_fd_sc_hd__xor2_2,_11824_,picorv32_pcpi_fast_mul
sky130_fd_sc_hd__nand2b_2,_11825_,picorv32_pcpi_fast_mul
sky130_fd_sc_hd__xnor2_2,_11826_,picorv32_pcpi_fast_mul
sky130_fd_sc_hd__nand2_2,_11827_,picorv32_pcpi_fast_mul
sky130_fd_sc_hd__xnor2_2,_11828_,picorv32_pcpi_fast_mul
sky130_fd_sc_hd__a21oi_2,_11829_,picorv32_pcpi_fast_mul
sky130_fd_sc_hd__and3_2,_11830_,picorv32_pcpi_fast_mul
sky130_fd_sc_hd__or2_2,_11831_,picorv32_pcpi_fast_mul
sky130_fd_sc_hd__nand2_2,_11832_,picorv32_pcpi_fast_mul
sky130_fd_sc_hd__nand2_2,_11833_,picorv32_pcpi_fast_mul
sky130_fd_sc_hd__or2_2,_11834_,picorv32_pcpi_fast_mul
sky130_fd_sc_hd__a2bb2o_2,_11835_,picorv32_pcpi_fast_mul
sky130_fd_sc_hd__or2_2,_11836_,picorv32_pcpi_fast_mul
sky130_fd_sc_hd__nand2_2,_11837_,picorv32_pcpi_fast_mul
sky130_fd_sc_hd__or2_2,_11838_,picorv32_pcpi_fast_mul
sky130_fd_sc_hd__and2_2,_11839_,picorv32_pcpi_fast_mul
sky130_fd_sc_hd__a22oi_2,_11840_,picorv32_pcpi_fast_mul
sky130_fd_sc_hd__and4_2,_11841_,picorv32_pcpi_fast_mul
sky130_fd_sc_hd__nor2_2,_11842_,picorv32_pcpi_fast_mul
sky130_fd_sc_hd__nand2_2,_11843_,picorv32_pcpi_fast_mul
sky130_fd_sc_hd__xnor2_2,_11844_,picorv32_pcpi_fast_mul
sky130_fd_sc_hd__o21ba_2,_11845_,picorv32_pcpi_fast_mul
sky130_fd_sc_hd__nand2b_2,_11846_,picorv32_pcpi_fast_mul
sky130_fd_sc_hd__xnor2_2,_11847_,picorv32_pcpi_fast_mul
sky130_fd_sc_hd__nand2_2,_11848_,picorv32_pcpi_fast_mul
sky130_fd_sc_hd__or2_2,_11849_,picorv32_pcpi_fast_mul
sky130_fd_sc_hd__nand2_2,_11850_,picorv32_pcpi_fast_mul
sky130_fd_sc_hd__a21oi_2,_11851_,picorv32_pcpi_fast_mul
sky130_fd_sc_hd__and3_2,_11852_,picorv32_pcpi_fast_mul
sky130_fd_sc_hd__a211oi_2,_11853_,picorv32_pcpi_fast_mul
sky130_fd_sc_hd__o211a_2,_11854_,picorv32_pcpi_fast_mul
sky130_fd_sc_hd__or2_2,_11855_,picorv32_pcpi_fast_mul
sky130_fd_sc_hd__o21ba_2,_11856_,picorv32_pcpi_fast_mul
sky130_fd_sc_hd__o2bb2a_2,_11857_,picorv32_pcpi_fast_mul
sky130_fd_sc_hd__a22oi_2,_11858_,picorv32_pcpi_fast_mul
sky130_fd_sc_hd__and4_2,_11859_,picorv32_pcpi_fast_mul
sky130_fd_sc_hd__nor2_2,_11860_,picorv32_pcpi_fast_mul
sky130_fd_sc_hd__nand2_2,_11861_,picorv32_pcpi_fast_mul
sky130_fd_sc_hd__xnor2_2,_11862_,picorv32_pcpi_fast_mul
sky130_fd_sc_hd__nand2b_2,_11863_,picorv32_pcpi_fast_mul
sky130_fd_sc_hd__xnor2_2,_11864_,picorv32_pcpi_fast_mul
sky130_fd_sc_hd__nand2b_2,_11865_,picorv32_pcpi_fast_mul
sky130_fd_sc_hd__xnor2_2,_11866_,picorv32_pcpi_fast_mul
sky130_fd_sc_hd__nand2_2,_11867_,picorv32_pcpi_fast_mul
sky130_fd_sc_hd__xnor2_2,_11868_,picorv32_pcpi_fast_mul
sky130_fd_sc_hd__a21o_2,_11869_,picorv32_pcpi_fast_mul
sky130_fd_sc_hd__nand3_2,_11870_,picorv32_pcpi_fast_mul
sky130_fd_sc_hd__o211ai_2,_11871_,picorv32_pcpi_fast_mul
sky130_fd_sc_hd__a211o_2,_11872_,picorv32_pcpi_fast_mul
sky130_fd_sc_hd__or4bb_2,_11873_,picorv32_pcpi_fast_mul
sky130_fd_sc_hd__a2bb2o_2,_11874_,picorv32_pcpi_fast_mul
sky130_fd_sc_hd__o211a_2,_11875_,picorv32_pcpi_fast_mul
sky130_fd_sc_hd__o211ai_2,_11876_,picorv32_pcpi_fast_mul
sky130_fd_sc_hd__a211o_2,_11877_,picorv32_pcpi_fast_mul
sky130_fd_sc_hd__o211a_2,_11878_,picorv32_pcpi_fast_mul
sky130_fd_sc_hd__a211oi_2,_11879_,picorv32_pcpi_fast_mul
sky130_fd_sc_hd__nor3_2,_11880_,picorv32_pcpi_fast_mul
sky130_fd_sc_hd__o21a_2,_11881_,picorv32_pcpi_fast_mul
sky130_fd_sc_hd__a211oi_2,_11882_,picorv32_pcpi_fast_mul
sky130_fd_sc_hd__o211a_2,_11883_,picorv32_pcpi_fast_mul
sky130_fd_sc_hd__nor2_2,_11884_,picorv32_pcpi_fast_mul
sky130_fd_sc_hd__nor2_2,_11885_,picorv32_pcpi_fast_mul
sky130_fd_sc_hd__or2_2,_11886_,picorv32_pcpi_fast_mul
sky130_fd_sc_hd__xnor2_2,_11887_,picorv32_pcpi_fast_mul
sky130_fd_sc_hd__nor3_2,_11888_,picorv32_pcpi_fast_mul
sky130_fd_sc_hd__or3_2,_11889_,picorv32_pcpi_fast_mul
sky130_fd_sc_hd__o21ai_2,_11890_,picorv32_pcpi_fast_mul
sky130_fd_sc_hd__o211a_2,_11891_,picorv32_pcpi_fast_mul
sky130_fd_sc_hd__a211oi_2,_11892_,picorv32_pcpi_fast_mul
sky130_fd_sc_hd__nor3_2,_11893_,picorv32_pcpi_fast_mul
sky130_fd_sc_hd__o21a_2,_11894_,picorv32_pcpi_fast_mul
sky130_fd_sc_hd__or2_2,_11895_,picorv32_pcpi_fast_mul
sky130_fd_sc_hd__or2_2,_11896_,picorv32_pcpi_fast_mul
sky130_fd_sc_hd__and2b_2,_11897_,picorv32_pcpi_fast_mul
sky130_fd_sc_hd__xnor2_2,_11898_,picorv32_pcpi_fast_mul
sky130_fd_sc_hd__o21ai_2,_11899_,picorv32_pcpi_fast_mul
sky130_fd_sc_hd__nand2_2,_11900_,picorv32_pcpi_fast_mul
sky130_fd_sc_hd__o21a_2,_11901_,picorv32_pcpi_fast_mul
sky130_fd_sc_hd__and2b_2,_11902_,picorv32_pcpi_fast_mul
sky130_fd_sc_hd__xnor2_2,_11903_,picorv32_pcpi_fast_mul
sky130_fd_sc_hd__o21ba_2,_11904_,picorv32_pcpi_fast_mul
sky130_fd_sc_hd__nand2_2,_11905_,picorv32_pcpi_fast_mul
sky130_fd_sc_hd__xnor2_2,_11906_,picorv32_pcpi_fast_mul
sky130_fd_sc_hd__and2_2,_11907_,picorv32_pcpi_fast_mul
sky130_fd_sc_hd__nor2_2,_11908_,picorv32_pcpi_fast_mul
sky130_fd_sc_hd__or2_2,_11909_,picorv32_pcpi_fast_mul
sky130_fd_sc_hd__xor2_2,_11910_,picorv32_pcpi_fast_mul
sky130_fd_sc_hd__nor2_2,_11911_,picorv32_pcpi_fast_mul
sky130_fd_sc_hd__xor2_2,_11912_,picorv32_pcpi_fast_mul
sky130_fd_sc_hd__and2b_2,_11913_,picorv32_pcpi_fast_mul
sky130_fd_sc_hd__xnor2_2,_11914_,picorv32_pcpi_fast_mul
sky130_fd_sc_hd__nand2_2,_11915_,picorv32_pcpi_fast_mul
sky130_fd_sc_hd__xnor2_2,_11916_,picorv32_pcpi_fast_mul
sky130_fd_sc_hd__a21o_2,_11917_,picorv32_pcpi_fast_mul
sky130_fd_sc_hd__nand3_2,_11918_,picorv32_pcpi_fast_mul
sky130_fd_sc_hd__nand2_2,_11919_,picorv32_pcpi_fast_mul
sky130_fd_sc_hd__nand2_2,_11920_,picorv32_pcpi_fast_mul
sky130_fd_sc_hd__nand2_2,_11921_,picorv32_pcpi_fast_mul
sky130_fd_sc_hd__or2_2,_11922_,picorv32_pcpi_fast_mul
sky130_fd_sc_hd__a21bo_2,_11923_,picorv32_pcpi_fast_mul
sky130_fd_sc_hd__nor2_2,_11924_,picorv32_pcpi_fast_mul
sky130_fd_sc_hd__or3_2,_11925_,picorv32_pcpi_fast_mul
sky130_fd_sc_hd__xnor2_2,_11926_,picorv32_pcpi_fast_mul
sky130_fd_sc_hd__a22oi_2,_11927_,picorv32_pcpi_fast_mul
sky130_fd_sc_hd__and4_2,_11928_,picorv32_pcpi_fast_mul
sky130_fd_sc_hd__nor2_2,_11929_,picorv32_pcpi_fast_mul
sky130_fd_sc_hd__nand2_2,_11930_,picorv32_pcpi_fast_mul
sky130_fd_sc_hd__xnor2_2,_11931_,picorv32_pcpi_fast_mul
sky130_fd_sc_hd__o21ba_2,_11932_,picorv32_pcpi_fast_mul
sky130_fd_sc_hd__nand2b_2,_11933_,picorv32_pcpi_fast_mul
sky130_fd_sc_hd__xnor2_2,_11934_,picorv32_pcpi_fast_mul
sky130_fd_sc_hd__nand2_2,_11935_,picorv32_pcpi_fast_mul
sky130_fd_sc_hd__or2_2,_11936_,picorv32_pcpi_fast_mul
sky130_fd_sc_hd__nand2_2,_11937_,picorv32_pcpi_fast_mul
sky130_fd_sc_hd__a21oi_2,_11938_,picorv32_pcpi_fast_mul
sky130_fd_sc_hd__and3_2,_11939_,picorv32_pcpi_fast_mul
sky130_fd_sc_hd__a211oi_2,_11940_,picorv32_pcpi_fast_mul
sky130_fd_sc_hd__o211a_2,_11941_,picorv32_pcpi_fast_mul
sky130_fd_sc_hd__nand2_2,_11942_,picorv32_pcpi_fast_mul
sky130_fd_sc_hd__a21o_2,_11943_,picorv32_pcpi_fast_mul
sky130_fd_sc_hd__o21ba_2,_11944_,picorv32_pcpi_fast_mul
sky130_fd_sc_hd__a31o_2,_11945_,picorv32_pcpi_fast_mul
sky130_fd_sc_hd__a22o_2,_11946_,picorv32_pcpi_fast_mul
sky130_fd_sc_hd__and3_2,_11947_,picorv32_pcpi_fast_mul
sky130_fd_sc_hd__a21bo_2,_11948_,picorv32_pcpi_fast_mul
sky130_fd_sc_hd__nand2_2,_11949_,picorv32_pcpi_fast_mul
sky130_fd_sc_hd__xor2_2,_11950_,picorv32_pcpi_fast_mul
sky130_fd_sc_hd__xor2_2,_11951_,picorv32_pcpi_fast_mul
sky130_fd_sc_hd__nand2b_2,_11952_,picorv32_pcpi_fast_mul
sky130_fd_sc_hd__xnor2_2,_11953_,picorv32_pcpi_fast_mul
sky130_fd_sc_hd__nand2_2,_11954_,picorv32_pcpi_fast_mul
sky130_fd_sc_hd__xnor2_2,_11955_,picorv32_pcpi_fast_mul
sky130_fd_sc_hd__nand2b_2,_11956_,picorv32_pcpi_fast_mul
sky130_fd_sc_hd__xor2_2,_11957_,picorv32_pcpi_fast_mul
sky130_fd_sc_hd__a21oi_2,_11958_,picorv32_pcpi_fast_mul
sky130_fd_sc_hd__and3_2,_11959_,picorv32_pcpi_fast_mul
sky130_fd_sc_hd__nor4_2,_11960_,picorv32_pcpi_fast_mul
sky130_fd_sc_hd__o22a_2,_11961_,picorv32_pcpi_fast_mul
sky130_fd_sc_hd__a211oi_2,_11962_,picorv32_pcpi_fast_mul
sky130_fd_sc_hd__o211a_2,_11963_,picorv32_pcpi_fast_mul
sky130_fd_sc_hd__a211oi_2,_11964_,picorv32_pcpi_fast_mul
sky130_fd_sc_hd__o211a_2,_11965_,picorv32_pcpi_fast_mul
sky130_fd_sc_hd__or3_2,_11966_,picorv32_pcpi_fast_mul
sky130_fd_sc_hd__o21ai_2,_11967_,picorv32_pcpi_fast_mul
sky130_fd_sc_hd__o211a_2,_11968_,picorv32_pcpi_fast_mul
sky130_fd_sc_hd__a211oi_2,_11969_,picorv32_pcpi_fast_mul
sky130_fd_sc_hd__nor2_2,_11970_,picorv32_pcpi_fast_mul
sky130_fd_sc_hd__nor2_2,_11971_,picorv32_pcpi_fast_mul
sky130_fd_sc_hd__or2_2,_11972_,picorv32_pcpi_fast_mul
sky130_fd_sc_hd__xnor2_2,_11973_,picorv32_pcpi_fast_mul
sky130_fd_sc_hd__nor3_2,_11974_,picorv32_pcpi_fast_mul
sky130_fd_sc_hd__or3_2,_11975_,picorv32_pcpi_fast_mul
sky130_fd_sc_hd__o21ai_2,_11976_,picorv32_pcpi_fast_mul
sky130_fd_sc_hd__o211a_2,_11977_,picorv32_pcpi_fast_mul
sky130_fd_sc_hd__a211oi_2,_11978_,picorv32_pcpi_fast_mul
sky130_fd_sc_hd__or3_2,_11979_,picorv32_pcpi_fast_mul
sky130_fd_sc_hd__o21ai_2,_11980_,picorv32_pcpi_fast_mul
sky130_fd_sc_hd__a211oi_2,_11981_,picorv32_pcpi_fast_mul
sky130_fd_sc_hd__o211a_2,_11982_,picorv32_pcpi_fast_mul
sky130_fd_sc_hd__nor2_2,_11983_,picorv32_pcpi_fast_mul
sky130_fd_sc_hd__nor2_2,_11984_,picorv32_pcpi_fast_mul
sky130_fd_sc_hd__xnor2_2,_11985_,picorv32_pcpi_fast_mul
sky130_fd_sc_hd__o21ba_2,_11986_,picorv32_pcpi_fast_mul
sky130_fd_sc_hd__and2b_2,_11987_,picorv32_pcpi_fast_mul
sky130_fd_sc_hd__and2b_2,_11988_,picorv32_pcpi_fast_mul
sky130_fd_sc_hd__or2_2,_11989_,picorv32_pcpi_fast_mul
sky130_fd_sc_hd__xor2_2,_11990_,picorv32_pcpi_fast_mul
sky130_fd_sc_hd__a21oi_2,_11991_,picorv32_pcpi_fast_mul
sky130_fd_sc_hd__and3_2,_11992_,picorv32_pcpi_fast_mul
sky130_fd_sc_hd__or2_2,_11993_,picorv32_pcpi_fast_mul
sky130_fd_sc_hd__nand2_2,_11994_,picorv32_pcpi_fast_mul
sky130_fd_sc_hd__nand2_2,_11995_,picorv32_pcpi_fast_mul
sky130_fd_sc_hd__or2_2,_11996_,picorv32_pcpi_fast_mul
sky130_fd_sc_hd__a21bo_2,_11997_,picorv32_pcpi_fast_mul
sky130_fd_sc_hd__nor2_2,_11998_,picorv32_pcpi_fast_mul
sky130_fd_sc_hd__or3_2,_11999_,picorv32_pcpi_fast_mul
sky130_fd_sc_hd__xnor2_2,_12000_,picorv32_pcpi_fast_mul
sky130_fd_sc_hd__a22oi_2,_12001_,picorv32_pcpi_fast_mul
sky130_fd_sc_hd__and4_2,_12002_,picorv32_pcpi_fast_mul
sky130_fd_sc_hd__nor2_2,_12003_,picorv32_pcpi_fast_mul
sky130_fd_sc_hd__nand2_2,_12004_,picorv32_pcpi_fast_mul
sky130_fd_sc_hd__xnor2_2,_12005_,picorv32_pcpi_fast_mul
sky130_fd_sc_hd__o21ba_2,_12006_,picorv32_pcpi_fast_mul
sky130_fd_sc_hd__nand2b_2,_12007_,picorv32_pcpi_fast_mul
sky130_fd_sc_hd__xnor2_2,_12008_,picorv32_pcpi_fast_mul
sky130_fd_sc_hd__nand2_2,_12009_,picorv32_pcpi_fast_mul
sky130_fd_sc_hd__or2_2,_12010_,picorv32_pcpi_fast_mul
sky130_fd_sc_hd__nand2_2,_12011_,picorv32_pcpi_fast_mul
sky130_fd_sc_hd__a21oi_2,_12012_,picorv32_pcpi_fast_mul
sky130_fd_sc_hd__and3_2,_12013_,picorv32_pcpi_fast_mul
sky130_fd_sc_hd__a211oi_2,_12014_,picorv32_pcpi_fast_mul
sky130_fd_sc_hd__o211a_2,_12015_,picorv32_pcpi_fast_mul
sky130_fd_sc_hd__a21bo_2,_12016_,picorv32_pcpi_fast_mul
sky130_fd_sc_hd__nor2_2,_12017_,picorv32_pcpi_fast_mul
sky130_fd_sc_hd__or2_2,_12018_,picorv32_pcpi_fast_mul
sky130_fd_sc_hd__a32o_2,_12019_,picorv32_pcpi_fast_mul
sky130_fd_sc_hd__a31o_2,_12020_,picorv32_pcpi_fast_mul
sky130_fd_sc_hd__a22oi_2,_12021_,picorv32_pcpi_fast_mul
sky130_fd_sc_hd__and3_2,_12022_,picorv32_pcpi_fast_mul
sky130_fd_sc_hd__a21oi_2,_12023_,picorv32_pcpi_fast_mul
sky130_fd_sc_hd__nand2_2,_12024_,picorv32_pcpi_fast_mul
sky130_fd_sc_hd__xnor2_2,_12025_,picorv32_pcpi_fast_mul
sky130_fd_sc_hd__xnor2_2,_12026_,picorv32_pcpi_fast_mul
sky130_fd_sc_hd__and2b_2,_12027_,picorv32_pcpi_fast_mul
sky130_fd_sc_hd__xnor2_2,_12028_,picorv32_pcpi_fast_mul
sky130_fd_sc_hd__and2_2,_12029_,picorv32_pcpi_fast_mul
sky130_fd_sc_hd__xnor2_2,_12030_,picorv32_pcpi_fast_mul
sky130_fd_sc_hd__and2b_2,_12031_,picorv32_pcpi_fast_mul
sky130_fd_sc_hd__xor2_2,_12032_,picorv32_pcpi_fast_mul
sky130_fd_sc_hd__a21oi_2,_12033_,picorv32_pcpi_fast_mul
sky130_fd_sc_hd__and3_2,_12034_,picorv32_pcpi_fast_mul
sky130_fd_sc_hd__nor4_2,_12035_,picorv32_pcpi_fast_mul
sky130_fd_sc_hd__o22a_2,_12036_,picorv32_pcpi_fast_mul
sky130_fd_sc_hd__nor2_2,_12037_,picorv32_pcpi_fast_mul
sky130_fd_sc_hd__o21a_2,_12038_,picorv32_pcpi_fast_mul
sky130_fd_sc_hd__o21ai_2,_12039_,picorv32_pcpi_fast_mul
sky130_fd_sc_hd__or3_2,_12040_,picorv32_pcpi_fast_mul
sky130_fd_sc_hd__o211a_2,_12041_,picorv32_pcpi_fast_mul
sky130_fd_sc_hd__a211oi_2,_12042_,picorv32_pcpi_fast_mul
sky130_fd_sc_hd__nor3_2,_12043_,picorv32_pcpi_fast_mul
sky130_fd_sc_hd__o21a_2,_12044_,picorv32_pcpi_fast_mul
sky130_fd_sc_hd__a211oi_2,_12045_,picorv32_pcpi_fast_mul
sky130_fd_sc_hd__o211a_2,_12046_,picorv32_pcpi_fast_mul
sky130_fd_sc_hd__nor2_2,_12047_,picorv32_pcpi_fast_mul
sky130_fd_sc_hd__nor2_2,_12048_,picorv32_pcpi_fast_mul
sky130_fd_sc_hd__or2_2,_12049_,picorv32_pcpi_fast_mul
sky130_fd_sc_hd__nand2_2,_12050_,picorv32_pcpi_fast_mul
sky130_fd_sc_hd__nand2_2,_12051_,picorv32_pcpi_fast_mul
sky130_fd_sc_hd__or3_2,_12052_,picorv32_pcpi_fast_mul
sky130_fd_sc_hd__inv_2,_12053_,picorv32_pcpi_fast_mul
sky130_fd_sc_hd__o21ai_2,_12054_,picorv32_pcpi_fast_mul
sky130_fd_sc_hd__o211ai_2,_12055_,picorv32_pcpi_fast_mul
sky130_fd_sc_hd__a211oi_2,_12056_,picorv32_pcpi_fast_mul
sky130_fd_sc_hd__inv_2,_12057_,picorv32_pcpi_fast_mul
sky130_fd_sc_hd__nand2_2,_12058_,picorv32_pcpi_fast_mul
sky130_fd_sc_hd__or2_2,_12059_,picorv32_pcpi_fast_mul
sky130_fd_sc_hd__xnor2_2,_12060_,picorv32_pcpi_fast_mul
sky130_fd_sc_hd__nand2b_2,_12061_,picorv32_pcpi_fast_mul
sky130_fd_sc_hd__nand2b_2,_12062_,picorv32_pcpi_fast_mul
sky130_fd_sc_hd__xnor2_2,_12063_,picorv32_pcpi_fast_mul
sky130_fd_sc_hd__nand2_2,_12064_,picorv32_pcpi_fast_mul
sky130_fd_sc_hd__nor2_2,_12065_,picorv32_pcpi_fast_mul
sky130_fd_sc_hd__nand2_2,_12066_,picorv32_pcpi_fast_mul
sky130_fd_sc_hd__a211o_2,_12067_,picorv32_pcpi_fast_mul
sky130_fd_sc_hd__o21bai_2,_12068_,picorv32_pcpi_fast_mul
sky130_fd_sc_hd__o2bb2a_2,_12069_,picorv32_pcpi_fast_mul
sky130_fd_sc_hd__nand3_2,_12070_,picorv32_pcpi_fast_mul
sky130_fd_sc_hd__xor2_2,_12071_,picorv32_pcpi_fast_mul
sky130_fd_sc_hd__nor2_2,_12072_,picorv32_pcpi_fast_mul
sky130_fd_sc_hd__or2_2,_12073_,picorv32_pcpi_fast_mul
sky130_fd_sc_hd__a21o_2,_12074_,picorv32_pcpi_fast_mul
sky130_fd_sc_hd__inv_2,_12075_,picorv32_pcpi_fast_mul
sky130_fd_sc_hd__nor2_2,_12076_,picorv32_pcpi_fast_mul
sky130_fd_sc_hd__nor2_2,_12077_,picorv32_pcpi_fast_mul
sky130_fd_sc_hd__a21boi_2,_12078_,picorv32_pcpi_fast_mul
sky130_fd_sc_hd__nand2_2,_12079_,picorv32_pcpi_fast_mul
sky130_fd_sc_hd__nor2_2,_12080_,picorv32_pcpi_fast_mul
sky130_fd_sc_hd__or2_2,_12081_,picorv32_pcpi_fast_mul
sky130_fd_sc_hd__or2_2,_12082_,picorv32_pcpi_fast_mul
sky130_fd_sc_hd__o21ai_2,_12083_,picorv32_pcpi_fast_mul
sky130_fd_sc_hd__or3_2,_12084_,picorv32_pcpi_fast_mul
sky130_fd_sc_hd__and2_2,_12085_,picorv32_pcpi_fast_mul
sky130_fd_sc_hd__a22oi_2,_12086_,picorv32_pcpi_fast_mul
sky130_fd_sc_hd__and4_2,_12087_,picorv32_pcpi_fast_mul
sky130_fd_sc_hd__nor2_2,_12088_,picorv32_pcpi_fast_mul
sky130_fd_sc_hd__nand2_2,_12089_,picorv32_pcpi_fast_mul
sky130_fd_sc_hd__xnor2_2,_12090_,picorv32_pcpi_fast_mul
sky130_fd_sc_hd__o21ba_2,_12091_,picorv32_pcpi_fast_mul
sky130_fd_sc_hd__nand2b_2,_12092_,picorv32_pcpi_fast_mul
sky130_fd_sc_hd__xnor2_2,_12093_,picorv32_pcpi_fast_mul
sky130_fd_sc_hd__nand2_2,_12094_,picorv32_pcpi_fast_mul
sky130_fd_sc_hd__or2_2,_12095_,picorv32_pcpi_fast_mul
sky130_fd_sc_hd__nand2_2,_12096_,picorv32_pcpi_fast_mul
sky130_fd_sc_hd__a21oi_2,_12097_,picorv32_pcpi_fast_mul
sky130_fd_sc_hd__and3_2,_12098_,picorv32_pcpi_fast_mul
sky130_fd_sc_hd__a211oi_2,_12099_,picorv32_pcpi_fast_mul
sky130_fd_sc_hd__o211a_2,_12100_,picorv32_pcpi_fast_mul
sky130_fd_sc_hd__or2_2,_12101_,picorv32_pcpi_fast_mul
sky130_fd_sc_hd__a21oi_2,_12102_,picorv32_pcpi_fast_mul
sky130_fd_sc_hd__a32o_2,_12103_,picorv32_pcpi_fast_mul
sky130_fd_sc_hd__o21ai_2,_12104_,picorv32_pcpi_fast_mul
sky130_fd_sc_hd__nor2_2,_12105_,picorv32_pcpi_fast_mul
sky130_fd_sc_hd__nand2_2,_12106_,picorv32_pcpi_fast_mul
sky130_fd_sc_hd__xnor2_2,_12107_,picorv32_pcpi_fast_mul
sky130_fd_sc_hd__xnor2_2,_12108_,picorv32_pcpi_fast_mul
sky130_fd_sc_hd__and2b_2,_12109_,picorv32_pcpi_fast_mul
sky130_fd_sc_hd__xnor2_2,_12110_,picorv32_pcpi_fast_mul
sky130_fd_sc_hd__xnor2_2,_12111_,picorv32_pcpi_fast_mul
sky130_fd_sc_hd__and2b_2,_12112_,picorv32_pcpi_fast_mul
sky130_fd_sc_hd__xnor2_2,_12113_,picorv32_pcpi_fast_mul
sky130_fd_sc_hd__o21a_2,_12114_,picorv32_pcpi_fast_mul
sky130_fd_sc_hd__nor3_2,_12115_,picorv32_pcpi_fast_mul
sky130_fd_sc_hd__nor2_2,_12116_,picorv32_pcpi_fast_mul
sky130_fd_sc_hd__xnor2_2,_12117_,picorv32_pcpi_fast_mul
sky130_fd_sc_hd__nand2b_2,_12118_,picorv32_pcpi_fast_mul
sky130_fd_sc_hd__xnor2_2,_12119_,picorv32_pcpi_fast_mul
sky130_fd_sc_hd__nand2b_2,_12120_,picorv32_pcpi_fast_mul
sky130_fd_sc_hd__xnor2_2,_12121_,picorv32_pcpi_fast_mul
sky130_fd_sc_hd__xnor2_2,_12122_,picorv32_pcpi_fast_mul
sky130_fd_sc_hd__o21a_2,_12123_,picorv32_pcpi_fast_mul
sky130_fd_sc_hd__nor3_2,_12124_,picorv32_pcpi_fast_mul
sky130_fd_sc_hd__nor2_2,_12125_,picorv32_pcpi_fast_mul
sky130_fd_sc_hd__nor2_2,_12126_,picorv32_pcpi_fast_mul
sky130_fd_sc_hd__or2_2,_12127_,picorv32_pcpi_fast_mul
sky130_fd_sc_hd__nand2_2,_12128_,picorv32_pcpi_fast_mul
sky130_fd_sc_hd__nand2_2,_12129_,picorv32_pcpi_fast_mul
sky130_fd_sc_hd__nor3_2,_12130_,picorv32_pcpi_fast_mul
sky130_fd_sc_hd__or3_2,_12131_,picorv32_pcpi_fast_mul
sky130_fd_sc_hd__o21ai_2,_12132_,picorv32_pcpi_fast_mul
sky130_fd_sc_hd__o211a_2,_12133_,picorv32_pcpi_fast_mul
sky130_fd_sc_hd__a211oi_2,_12134_,picorv32_pcpi_fast_mul
sky130_fd_sc_hd__nor3_2,_12135_,picorv32_pcpi_fast_mul
sky130_fd_sc_hd__o21a_2,_12136_,picorv32_pcpi_fast_mul
sky130_fd_sc_hd__or2_2,_12137_,picorv32_pcpi_fast_mul
sky130_fd_sc_hd__nand2_2,_12138_,picorv32_pcpi_fast_mul
sky130_fd_sc_hd__a21o_2,_12139_,picorv32_pcpi_fast_mul
sky130_fd_sc_hd__and3_2,_12140_,picorv32_pcpi_fast_mul
sky130_fd_sc_hd__xnor2_2,_12141_,picorv32_pcpi_fast_mul
sky130_fd_sc_hd__a21bo_2,_12142_,picorv32_pcpi_fast_mul
sky130_fd_sc_hd__xor2_2,_12143_,picorv32_pcpi_fast_mul
sky130_fd_sc_hd__o21ba_2,_12144_,picorv32_pcpi_fast_mul
sky130_fd_sc_hd__nand2_2,_12145_,picorv32_pcpi_fast_mul
sky130_fd_sc_hd__nand2_2,_12146_,picorv32_pcpi_fast_mul
sky130_fd_sc_hd__nand4_2,_12147_,picorv32_pcpi_fast_mul
sky130_fd_sc_hd__nor2_2,_12148_,picorv32_pcpi_fast_mul
sky130_fd_sc_hd__a21o_2,_12149_,picorv32_pcpi_fast_mul
sky130_fd_sc_hd__nand3_2,_12150_,picorv32_pcpi_fast_mul
sky130_fd_sc_hd__and2_2,_12151_,picorv32_pcpi_fast_mul
sky130_fd_sc_hd__a22oi_2,_12152_,picorv32_pcpi_fast_mul
sky130_fd_sc_hd__and4_2,_12153_,picorv32_pcpi_fast_mul
sky130_fd_sc_hd__nor2_2,_12154_,picorv32_pcpi_fast_mul
sky130_fd_sc_hd__nand2_2,_12155_,picorv32_pcpi_fast_mul
sky130_fd_sc_hd__xnor2_2,_12156_,picorv32_pcpi_fast_mul
sky130_fd_sc_hd__o21ba_2,_12157_,picorv32_pcpi_fast_mul
sky130_fd_sc_hd__nand2b_2,_12158_,picorv32_pcpi_fast_mul
sky130_fd_sc_hd__xnor2_2,_12159_,picorv32_pcpi_fast_mul
sky130_fd_sc_hd__nand2_2,_12160_,picorv32_pcpi_fast_mul
sky130_fd_sc_hd__or2_2,_12161_,picorv32_pcpi_fast_mul
sky130_fd_sc_hd__nand2_2,_12162_,picorv32_pcpi_fast_mul
sky130_fd_sc_hd__a21oi_2,_12163_,picorv32_pcpi_fast_mul
sky130_fd_sc_hd__and3_2,_12164_,picorv32_pcpi_fast_mul
sky130_fd_sc_hd__a211oi_2,_12165_,picorv32_pcpi_fast_mul
sky130_fd_sc_hd__o211a_2,_12166_,picorv32_pcpi_fast_mul
sky130_fd_sc_hd__nor2_2,_12167_,picorv32_pcpi_fast_mul
sky130_fd_sc_hd__a21oi_2,_12168_,picorv32_pcpi_fast_mul
sky130_fd_sc_hd__a31o_2,_12169_,picorv32_pcpi_fast_mul
sky130_fd_sc_hd__nand2_2,_12170_,picorv32_pcpi_fast_mul
sky130_fd_sc_hd__xnor2_2,_12171_,picorv32_pcpi_fast_mul
sky130_fd_sc_hd__and2_2,_12172_,picorv32_pcpi_fast_mul
sky130_fd_sc_hd__xnor2_2,_12173_,picorv32_pcpi_fast_mul
sky130_fd_sc_hd__inv_2,_12174_,picorv32_pcpi_fast_mul
sky130_fd_sc_hd__xnor2_2,_12175_,picorv32_pcpi_fast_mul
sky130_fd_sc_hd__xnor2_2,_12176_,picorv32_pcpi_fast_mul
sky130_fd_sc_hd__and2b_2,_12177_,picorv32_pcpi_fast_mul
sky130_fd_sc_hd__xnor2_2,_12178_,picorv32_pcpi_fast_mul
sky130_fd_sc_hd__a21oi_2,_12179_,picorv32_pcpi_fast_mul
sky130_fd_sc_hd__nand2b_2,_12180_,picorv32_pcpi_fast_mul
sky130_fd_sc_hd__xor2_2,_12181_,picorv32_pcpi_fast_mul
sky130_fd_sc_hd__xnor2_2,_12182_,picorv32_pcpi_fast_mul
sky130_fd_sc_hd__nand2b_2,_12183_,picorv32_pcpi_fast_mul
sky130_fd_sc_hd__xnor2_2,_12184_,picorv32_pcpi_fast_mul
sky130_fd_sc_hd__nand2b_2,_12185_,picorv32_pcpi_fast_mul
sky130_fd_sc_hd__xnor2_2,_12186_,picorv32_pcpi_fast_mul
sky130_fd_sc_hd__xnor2_2,_12187_,picorv32_pcpi_fast_mul
sky130_fd_sc_hd__a21o_2,_12188_,picorv32_pcpi_fast_mul
sky130_fd_sc_hd__nand2_2,_12189_,picorv32_pcpi_fast_mul
sky130_fd_sc_hd__or2_2,_12190_,picorv32_pcpi_fast_mul
sky130_fd_sc_hd__and2_2,_12191_,picorv32_pcpi_fast_mul
sky130_fd_sc_hd__nor2_2,_12192_,picorv32_pcpi_fast_mul
sky130_fd_sc_hd__a21o_2,_12193_,picorv32_pcpi_fast_mul
sky130_fd_sc_hd__nand3_2,_12194_,picorv32_pcpi_fast_mul
sky130_fd_sc_hd__and2_2,_12195_,picorv32_pcpi_fast_mul
sky130_fd_sc_hd__nand2_2,_12196_,picorv32_pcpi_fast_mul
sky130_fd_sc_hd__or2_2,_12197_,picorv32_pcpi_fast_mul
sky130_fd_sc_hd__o211a_2,_12198_,picorv32_pcpi_fast_mul
sky130_fd_sc_hd__inv_2,_12199_,picorv32_pcpi_fast_mul
sky130_fd_sc_hd__a211oi_2,_12200_,picorv32_pcpi_fast_mul
sky130_fd_sc_hd__or3_2,_12201_,picorv32_pcpi_fast_mul
sky130_fd_sc_hd__o21ai_2,_12202_,picorv32_pcpi_fast_mul
sky130_fd_sc_hd__and2_2,_12203_,picorv32_pcpi_fast_mul
sky130_fd_sc_hd__o21a_2,_12204_,picorv32_pcpi_fast_mul
sky130_fd_sc_hd__inv_2,_12205_,picorv32_pcpi_fast_mul
sky130_fd_sc_hd__nor3_2,_12206_,picorv32_pcpi_fast_mul
sky130_fd_sc_hd__nor2_2,_12207_,picorv32_pcpi_fast_mul
sky130_fd_sc_hd__nand2_2,_12208_,picorv32_pcpi_fast_mul
sky130_fd_sc_hd__a31o_2,_12209_,picorv32_pcpi_fast_mul
sky130_fd_sc_hd__a21oi_2,_12210_,picorv32_pcpi_fast_mul
sky130_fd_sc_hd__and2b_2,_12211_,picorv32_pcpi_fast_mul
sky130_fd_sc_hd__xnor2_2,_12212_,picorv32_pcpi_fast_mul
sky130_fd_sc_hd__o31ai_2,_12213_,picorv32_pcpi_fast_mul
sky130_fd_sc_hd__a22o_2,_12214_,picorv32_pcpi_fast_mul
sky130_fd_sc_hd__nand2_2,_12215_,picorv32_pcpi_fast_mul
sky130_fd_sc_hd__o21ai_2,_12216_,picorv32_pcpi_fast_mul
sky130_fd_sc_hd__nor2_2,_12217_,picorv32_pcpi_fast_mul
sky130_fd_sc_hd__xnor2_2,_12218_,picorv32_pcpi_fast_mul
sky130_fd_sc_hd__and3_2,_12219_,picorv32_pcpi_fast_mul
sky130_fd_sc_hd__and2_2,_12220_,picorv32_pcpi_fast_mul
sky130_fd_sc_hd__a22o_2,_12221_,picorv32_pcpi_fast_mul
sky130_fd_sc_hd__a21bo_2,_12222_,picorv32_pcpi_fast_mul
sky130_fd_sc_hd__nand2_2,_12223_,picorv32_pcpi_fast_mul
sky130_fd_sc_hd__and2_2,_12224_,picorv32_pcpi_fast_mul
sky130_fd_sc_hd__nor2_2,_12225_,picorv32_pcpi_fast_mul
sky130_fd_sc_hd__nor2_2,_12226_,picorv32_pcpi_fast_mul
sky130_fd_sc_hd__o21ba_2,_12227_,picorv32_pcpi_fast_mul
sky130_fd_sc_hd__or3_2,_12228_,picorv32_pcpi_fast_mul
sky130_fd_sc_hd__xnor2_2,_12229_,picorv32_pcpi_fast_mul
sky130_fd_sc_hd__nand2_2,_12230_,picorv32_pcpi_fast_mul
sky130_fd_sc_hd__or2_2,_12231_,picorv32_pcpi_fast_mul
sky130_fd_sc_hd__nand2_2,_12232_,picorv32_pcpi_fast_mul
sky130_fd_sc_hd__a21oi_2,_12233_,picorv32_pcpi_fast_mul
sky130_fd_sc_hd__and3_2,_12234_,picorv32_pcpi_fast_mul
sky130_fd_sc_hd__a211oi_2,_12235_,picorv32_pcpi_fast_mul
sky130_fd_sc_hd__o211a_2,_12236_,picorv32_pcpi_fast_mul
sky130_fd_sc_hd__a21oi_2,_12237_,picorv32_pcpi_fast_mul
sky130_fd_sc_hd__a21oi_2,_12238_,picorv32_pcpi_fast_mul
sky130_fd_sc_hd__a31o_2,_12239_,picorv32_pcpi_fast_mul
sky130_fd_sc_hd__and2_2,_12240_,picorv32_pcpi_fast_mul
sky130_fd_sc_hd__xnor2_2,_12241_,picorv32_pcpi_fast_mul
sky130_fd_sc_hd__xnor2_2,_12242_,picorv32_pcpi_fast_mul
sky130_fd_sc_hd__xnor2_2,_12243_,picorv32_pcpi_fast_mul
sky130_fd_sc_hd__xnor2_2,_12244_,picorv32_pcpi_fast_mul
sky130_fd_sc_hd__or3_2,_12245_,picorv32_pcpi_fast_mul
sky130_fd_sc_hd__o21ai_2,_12246_,picorv32_pcpi_fast_mul
sky130_fd_sc_hd__and2_2,_12247_,picorv32_pcpi_fast_mul
sky130_fd_sc_hd__and2b_2,_12248_,picorv32_pcpi_fast_mul
sky130_fd_sc_hd__and2b_2,_12249_,picorv32_pcpi_fast_mul
sky130_fd_sc_hd__nor2_2,_12250_,picorv32_pcpi_fast_mul
sky130_fd_sc_hd__xor2_2,_12251_,picorv32_pcpi_fast_mul
sky130_fd_sc_hd__xnor2_2,_12252_,picorv32_pcpi_fast_mul
sky130_fd_sc_hd__a21o_2,_12253_,picorv32_pcpi_fast_mul
sky130_fd_sc_hd__and2_2,_12254_,picorv32_pcpi_fast_mul
sky130_fd_sc_hd__nor2_2,_12255_,picorv32_pcpi_fast_mul
sky130_fd_sc_hd__nor2_2,_12256_,picorv32_pcpi_fast_mul
sky130_fd_sc_hd__nor2_2,_12257_,picorv32_pcpi_fast_mul
sky130_fd_sc_hd__a21o_2,_12258_,picorv32_pcpi_fast_mul
sky130_fd_sc_hd__nand3_2,_12259_,picorv32_pcpi_fast_mul
sky130_fd_sc_hd__and2_2,_12260_,picorv32_pcpi_fast_mul
sky130_fd_sc_hd__and2_2,_12261_,picorv32_pcpi_fast_mul
sky130_fd_sc_hd__nor2_2,_12262_,picorv32_pcpi_fast_mul
sky130_fd_sc_hd__a211oi_2,_12263_,picorv32_pcpi_fast_mul
sky130_fd_sc_hd__o211a_2,_12264_,picorv32_pcpi_fast_mul
sky130_fd_sc_hd__nor3_2,_12265_,picorv32_pcpi_fast_mul
sky130_fd_sc_hd__o21a_2,_12266_,picorv32_pcpi_fast_mul
sky130_fd_sc_hd__o211a_2,_12267_,picorv32_pcpi_fast_mul
sky130_fd_sc_hd__a211o_2,_12268_,picorv32_pcpi_fast_mul
sky130_fd_sc_hd__and2b_2,_12269_,picorv32_pcpi_fast_mul
sky130_fd_sc_hd__o21a_2,_12270_,picorv32_pcpi_fast_mul
sky130_fd_sc_hd__xnor2_2,_12271_,picorv32_pcpi_fast_mul
sky130_fd_sc_hd__o21ai_2,_12272_,picorv32_pcpi_fast_mul
sky130_fd_sc_hd__a2bb2o_2,_12273_,picorv32_pcpi_fast_mul
sky130_fd_sc_hd__nand2_2,_12274_,picorv32_pcpi_fast_mul
sky130_fd_sc_hd__nand2_2,_12275_,picorv32_pcpi_fast_mul
sky130_fd_sc_hd__and4_2,_12276_,picorv32_pcpi_fast_mul
sky130_fd_sc_hd__a21o_2,_12277_,picorv32_pcpi_fast_mul
sky130_fd_sc_hd__nor2_2,_12278_,picorv32_pcpi_fast_mul
sky130_fd_sc_hd__xnor2_2,_12279_,picorv32_pcpi_fast_mul
sky130_fd_sc_hd__o21ai_2,_12280_,picorv32_pcpi_fast_mul
sky130_fd_sc_hd__nor2_2,_12281_,picorv32_pcpi_fast_mul
sky130_fd_sc_hd__a21oi_2,_12282_,picorv32_pcpi_fast_mul
sky130_fd_sc_hd__and3_2,_12283_,picorv32_pcpi_fast_mul
sky130_fd_sc_hd__nor2_2,_12284_,picorv32_pcpi_fast_mul
sky130_fd_sc_hd__o21ai_2,_12285_,picorv32_pcpi_fast_mul
sky130_fd_sc_hd__or3_2,_12286_,picorv32_pcpi_fast_mul
sky130_fd_sc_hd__nand2_2,_12287_,picorv32_pcpi_fast_mul
sky130_fd_sc_hd__nand3_2,_12288_,picorv32_pcpi_fast_mul
sky130_fd_sc_hd__xor2_2,_12289_,picorv32_pcpi_fast_mul
sky130_fd_sc_hd__a21oi_2,_12290_,picorv32_pcpi_fast_mul
sky130_fd_sc_hd__and3_2,_12291_,picorv32_pcpi_fast_mul
sky130_fd_sc_hd__nor2_2,_12292_,picorv32_pcpi_fast_mul
sky130_fd_sc_hd__xnor2_2,_12293_,picorv32_pcpi_fast_mul
sky130_fd_sc_hd__and3_2,_12294_,picorv32_pcpi_fast_mul
sky130_fd_sc_hd__or3_2,_12295_,picorv32_pcpi_fast_mul
sky130_fd_sc_hd__o21ba_2,_12296_,picorv32_pcpi_fast_mul
sky130_fd_sc_hd__inv_2,_12297_,picorv32_pcpi_fast_mul
sky130_fd_sc_hd__a31o_2,_12298_,picorv32_pcpi_fast_mul
sky130_fd_sc_hd__xnor2_2,_12299_,picorv32_pcpi_fast_mul
sky130_fd_sc_hd__nor2_2,_12300_,picorv32_pcpi_fast_mul
sky130_fd_sc_hd__xor2_2,_12301_,picorv32_pcpi_fast_mul
sky130_fd_sc_hd__and2_2,_12302_,picorv32_pcpi_fast_mul
sky130_fd_sc_hd__nor2_2,_12303_,picorv32_pcpi_fast_mul
sky130_fd_sc_hd__or2_2,_12304_,picorv32_pcpi_fast_mul
sky130_fd_sc_hd__nor2_2,_12305_,picorv32_pcpi_fast_mul
sky130_fd_sc_hd__and2_2,_12306_,picorv32_pcpi_fast_mul
sky130_fd_sc_hd__nor2_2,_12307_,picorv32_pcpi_fast_mul
sky130_fd_sc_hd__a21o_2,_12308_,picorv32_pcpi_fast_mul
sky130_fd_sc_hd__nand2_2,_12309_,picorv32_pcpi_fast_mul
sky130_fd_sc_hd__xor2_2,_12310_,picorv32_pcpi_fast_mul
sky130_fd_sc_hd__a21o_2,_12311_,picorv32_pcpi_fast_mul
sky130_fd_sc_hd__nor2_2,_12312_,picorv32_pcpi_fast_mul
sky130_fd_sc_hd__o21ai_2,_12313_,picorv32_pcpi_fast_mul
sky130_fd_sc_hd__xnor2_2,_12314_,picorv32_pcpi_fast_mul
sky130_fd_sc_hd__nand2_2,_12315_,picorv32_pcpi_fast_mul
sky130_fd_sc_hd__or2_2,_12316_,picorv32_pcpi_fast_mul
sky130_fd_sc_hd__and2_2,_12317_,picorv32_pcpi_fast_mul
sky130_fd_sc_hd__o21a_2,_12318_,picorv32_pcpi_fast_mul
sky130_fd_sc_hd__nor3_2,_12319_,picorv32_pcpi_fast_mul
sky130_fd_sc_hd__or2_2,_12320_,picorv32_pcpi_fast_mul
sky130_fd_sc_hd__nor2_2,_12321_,picorv32_pcpi_fast_mul
sky130_fd_sc_hd__xor2_2,_12322_,picorv32_pcpi_fast_mul
sky130_fd_sc_hd__nor2_2,_12323_,picorv32_pcpi_fast_mul
sky130_fd_sc_hd__nand2b_2,_12324_,picorv32_pcpi_fast_mul
sky130_fd_sc_hd__xor2_2,_12325_,picorv32_pcpi_fast_mul
sky130_fd_sc_hd__a21oi_2,_12326_,picorv32_pcpi_fast_mul
sky130_fd_sc_hd__nor2_2,_12327_,picorv32_pcpi_fast_mul
sky130_fd_sc_hd__a21o_2,_12328_,picorv32_pcpi_fast_mul
sky130_fd_sc_hd__a21o_2,_12329_,picorv32_pcpi_fast_mul
sky130_fd_sc_hd__a211o_2,_12330_,picorv32_pcpi_fast_mul
sky130_fd_sc_hd__nand2_2,_12331_,picorv32_pcpi_fast_mul
sky130_fd_sc_hd__and2_2,_12332_,picorv32_pcpi_fast_mul
sky130_fd_sc_hd__o21ba_2,_12333_,picorv32_pcpi_fast_mul
sky130_fd_sc_hd__a21oi_2,_12334_,picorv32_pcpi_fast_mul
sky130_fd_sc_hd__a22oi_2,_12335_,picorv32_pcpi_fast_mul
sky130_fd_sc_hd__and4_2,_12336_,picorv32_pcpi_fast_mul
sky130_fd_sc_hd__nor2_2,_12337_,picorv32_pcpi_fast_mul
sky130_fd_sc_hd__nor2_2,_12338_,picorv32_pcpi_fast_mul
sky130_fd_sc_hd__xor2_2,_12339_,picorv32_pcpi_fast_mul
sky130_fd_sc_hd__inv_2,_12340_,picorv32_pcpi_fast_mul
sky130_fd_sc_hd__nand2_2,_12341_,picorv32_pcpi_fast_mul
sky130_fd_sc_hd__xor2_2,_12342_,picorv32_pcpi_fast_mul
sky130_fd_sc_hd__o21ba_2,_12343_,picorv32_pcpi_fast_mul
sky130_fd_sc_hd__nor3b_2,_12344_,picorv32_pcpi_fast_mul
sky130_fd_sc_hd__or2_2,_12345_,picorv32_pcpi_fast_mul
sky130_fd_sc_hd__xnor2_2,_12346_,picorv32_pcpi_fast_mul
sky130_fd_sc_hd__a21oi_2,_12347_,picorv32_pcpi_fast_mul
sky130_fd_sc_hd__and3_2,_12348_,picorv32_pcpi_fast_mul
sky130_fd_sc_hd__nor2_2,_12349_,picorv32_pcpi_fast_mul
sky130_fd_sc_hd__and2b_2,_12350_,picorv32_pcpi_fast_mul
sky130_fd_sc_hd__xnor2_2,_12351_,picorv32_pcpi_fast_mul
sky130_fd_sc_hd__xnor2_2,_12352_,picorv32_pcpi_fast_mul
sky130_fd_sc_hd__nor2_2,_12353_,picorv32_pcpi_fast_mul
sky130_fd_sc_hd__and2_2,_12354_,picorv32_pcpi_fast_mul
sky130_fd_sc_hd__nor2_2,_12355_,picorv32_pcpi_fast_mul
sky130_fd_sc_hd__xnor2_2,_12356_,picorv32_pcpi_fast_mul
sky130_fd_sc_hd__nand2_2,_12357_,picorv32_pcpi_fast_mul
sky130_fd_sc_hd__or2_2,_12358_,picorv32_pcpi_fast_mul
sky130_fd_sc_hd__and2_2,_12359_,picorv32_pcpi_fast_mul
sky130_fd_sc_hd__o21ai_2,_12360_,picorv32_pcpi_fast_mul
sky130_fd_sc_hd__or3_2,_12361_,picorv32_pcpi_fast_mul
sky130_fd_sc_hd__and2_2,_12362_,picorv32_pcpi_fast_mul
sky130_fd_sc_hd__a21oi_2,_12363_,picorv32_pcpi_fast_mul
sky130_fd_sc_hd__o21bai_2,_12364_,picorv32_pcpi_fast_mul
sky130_fd_sc_hd__or3b_2,_12365_,picorv32_pcpi_fast_mul
sky130_fd_sc_hd__and2_2,_12366_,picorv32_pcpi_fast_mul
sky130_fd_sc_hd__nand2_2,_12367_,picorv32_pcpi_fast_mul
sky130_fd_sc_hd__xnor2_2,_12368_,picorv32_pcpi_fast_mul
sky130_fd_sc_hd__a21oi_2,_12369_,picorv32_pcpi_fast_mul
sky130_fd_sc_hd__and3_2,_12370_,picorv32_pcpi_fast_mul
sky130_fd_sc_hd__or2_2,_12371_,picorv32_pcpi_fast_mul
sky130_fd_sc_hd__nor2_2,_12372_,picorv32_pcpi_fast_mul
sky130_fd_sc_hd__and2_2,_12373_,picorv32_pcpi_fast_mul
sky130_fd_sc_hd__nor2_2,_12374_,picorv32_pcpi_fast_mul
sky130_fd_sc_hd__o21ai_2,_12375_,picorv32_pcpi_fast_mul
sky130_fd_sc_hd__nor3_2,_12376_,picorv32_pcpi_fast_mul
sky130_fd_sc_hd__inv_2,_12377_,picorv32_pcpi_fast_mul
sky130_fd_sc_hd__nand2_2,_12378_,picorv32_pcpi_fast_mul
sky130_fd_sc_hd__nand2_2,_12379_,picorv32_pcpi_fast_mul
sky130_fd_sc_hd__xnor2_2,_12380_,picorv32_pcpi_fast_mul
sky130_fd_sc_hd__a21o_2,_12381_,picorv32_pcpi_fast_mul
sky130_fd_sc_hd__a21oi_2,_12382_,picorv32_pcpi_fast_mul
sky130_fd_sc_hd__o21ba_2,_12383_,picorv32_pcpi_fast_mul
sky130_fd_sc_hd__a22oi_2,_12384_,picorv32_pcpi_fast_mul
sky130_fd_sc_hd__and4_2,_12385_,picorv32_pcpi_fast_mul
sky130_fd_sc_hd__nor2_2,_12386_,picorv32_pcpi_fast_mul
sky130_fd_sc_hd__nor2_2,_12387_,picorv32_pcpi_fast_mul
sky130_fd_sc_hd__xnor2_2,_12388_,picorv32_pcpi_fast_mul
sky130_fd_sc_hd__a21oi_2,_12389_,picorv32_pcpi_fast_mul
sky130_fd_sc_hd__xnor2_2,_12390_,picorv32_pcpi_fast_mul
sky130_fd_sc_hd__nand2b_2,_12391_,picorv32_pcpi_fast_mul
sky130_fd_sc_hd__xnor2_2,_12392_,picorv32_pcpi_fast_mul
sky130_fd_sc_hd__nand2b_2,_12393_,picorv32_pcpi_fast_mul
sky130_fd_sc_hd__xnor2_2,_12394_,picorv32_pcpi_fast_mul
sky130_fd_sc_hd__xnor2_2,_12395_,picorv32_pcpi_fast_mul
sky130_fd_sc_hd__nor2_2,_12396_,picorv32_pcpi_fast_mul
sky130_fd_sc_hd__and2_2,_12397_,picorv32_pcpi_fast_mul
sky130_fd_sc_hd__nor2_2,_12398_,picorv32_pcpi_fast_mul
sky130_fd_sc_hd__xnor2_2,_12399_,picorv32_pcpi_fast_mul
sky130_fd_sc_hd__xnor2_2,_12400_,picorv32_pcpi_fast_mul
sky130_fd_sc_hd__a21oi_2,_12401_,picorv32_pcpi_fast_mul
sky130_fd_sc_hd__and3_2,_12402_,picorv32_pcpi_fast_mul
sky130_fd_sc_hd__nor2_2,_12403_,picorv32_pcpi_fast_mul
sky130_fd_sc_hd__o21bai_2,_12404_,picorv32_pcpi_fast_mul
sky130_fd_sc_hd__nor2_2,_12405_,picorv32_pcpi_fast_mul
sky130_fd_sc_hd__o21a_2,_12406_,picorv32_pcpi_fast_mul
sky130_fd_sc_hd__xnor2_2,_12407_,picorv32_pcpi_fast_mul
sky130_fd_sc_hd__xnor2_2,_12408_,picorv32_pcpi_fast_mul
sky130_fd_sc_hd__a21o_2,_12409_,picorv32_pcpi_fast_mul
sky130_fd_sc_hd__nand3_2,_12410_,picorv32_pcpi_fast_mul
sky130_fd_sc_hd__nand2_2,_12411_,picorv32_pcpi_fast_mul
sky130_fd_sc_hd__xor2_2,_12412_,picorv32_pcpi_fast_mul
sky130_fd_sc_hd__o21ai_2,_12413_,picorv32_pcpi_fast_mul
sky130_fd_sc_hd__or3_2,_12414_,picorv32_pcpi_fast_mul
sky130_fd_sc_hd__nand2_2,_12415_,picorv32_pcpi_fast_mul
sky130_fd_sc_hd__a31oi_2,_12416_,picorv32_pcpi_fast_mul
sky130_fd_sc_hd__xnor2_2,_12417_,picorv32_pcpi_fast_mul
sky130_fd_sc_hd__a21bo_2,_12418_,picorv32_pcpi_fast_mul
sky130_fd_sc_hd__o21a_2,_12419_,picorv32_pcpi_fast_mul
sky130_fd_sc_hd__a21oi_2,_12420_,picorv32_pcpi_fast_mul
sky130_fd_sc_hd__a21oi_2,_12421_,picorv32_pcpi_fast_mul
sky130_fd_sc_hd__o21a_2,_12422_,picorv32_pcpi_fast_mul
sky130_fd_sc_hd__xnor2_2,_12423_,picorv32_pcpi_fast_mul
sky130_fd_sc_hd__a21o_2,_12424_,picorv32_pcpi_fast_mul
sky130_fd_sc_hd__a21oi_2,_12425_,picorv32_pcpi_fast_mul
sky130_fd_sc_hd__nor2_2,_12426_,picorv32_pcpi_fast_mul
sky130_fd_sc_hd__o21ai_2,_12427_,picorv32_pcpi_fast_mul
sky130_fd_sc_hd__a21oi_2,_12428_,picorv32_pcpi_fast_mul
sky130_fd_sc_hd__xnor2_2,_12429_,picorv32_pcpi_fast_mul
sky130_fd_sc_hd__xnor2_2,_12430_,picorv32_pcpi_fast_mul
sky130_fd_sc_hd__xnor2_2,_12431_,picorv32_pcpi_fast_mul
sky130_fd_sc_hd__a21oi_2,_12432_,picorv32_pcpi_fast_mul
sky130_fd_sc_hd__nand2_2,_12433_,picorv32_pcpi_fast_mul
sky130_fd_sc_hd__xnor2_2,_12434_,picorv32_pcpi_fast_mul
sky130_fd_sc_hd__xnor2_2,_12435_,picorv32_pcpi_fast_mul
sky130_fd_sc_hd__xnor2_2,_12436_,picorv32_pcpi_fast_mul
sky130_fd_sc_hd__xnor2_2,_12437_,picorv32_pcpi_fast_mul
sky130_fd_sc_hd__xnor2_2,_12438_,picorv32_pcpi_fast_mul
sky130_fd_sc_hd__xnor2_2,_12439_,picorv32_pcpi_fast_mul
sky130_fd_sc_hd__xnor2_2,_12440_,picorv32_pcpi_fast_mul
sky130_fd_sc_hd__xnor2_2,_12441_,picorv32_pcpi_fast_mul
sky130_fd_sc_hd__xnor2_2,_12442_,picorv32_pcpi_fast_mul
sky130_fd_sc_hd__xnor2_2,_12443_,picorv32_pcpi_fast_mul
sky130_fd_sc_hd__nand2_2,_12444_,picorv32_pcpi_fast_mul
sky130_fd_sc_hd__and2b_2,_12445_,picorv32_pcpi_fast_mul
sky130_fd_sc_hd__nor3b_2,_12446_,picorv32_pcpi_fast_mul
sky130_fd_sc_hd__nand4_2,_12447_,picorv32_pcpi_fast_mul
sky130_fd_sc_hd__or3_2,_12448_,picorv32_pcpi_fast_mul
sky130_fd_sc_hd__mux2_1,_12449_,picorv32_pcpi_fast_mul
sky130_fd_sc_hd__mux2_1,_12450_,picorv32_pcpi_fast_mul
sky130_fd_sc_hd__mux2_1,_12451_,picorv32_pcpi_fast_mul
sky130_fd_sc_hd__mux2_1,_12452_,picorv32_pcpi_fast_mul
sky130_fd_sc_hd__mux2_1,_12453_,picorv32_pcpi_fast_mul
sky130_fd_sc_hd__mux2_1,_12454_,picorv32_pcpi_fast_mul
sky130_fd_sc_hd__mux2_1,_12455_,picorv32_pcpi_fast_mul
sky130_fd_sc_hd__mux2_1,_12456_,picorv32_pcpi_fast_mul
sky130_fd_sc_hd__mux2_1,_12457_,picorv32_pcpi_fast_mul
sky130_fd_sc_hd__mux2_1,_12458_,picorv32_pcpi_fast_mul
sky130_fd_sc_hd__mux2_1,_12459_,picorv32_pcpi_fast_mul
sky130_fd_sc_hd__mux2_1,_12460_,picorv32_pcpi_fast_mul
sky130_fd_sc_hd__mux2_1,_12461_,picorv32_pcpi_fast_mul
sky130_fd_sc_hd__mux2_1,_12462_,picorv32_pcpi_fast_mul
sky130_fd_sc_hd__mux2_1,_12463_,picorv32_pcpi_fast_mul
sky130_fd_sc_hd__mux2_1,_12464_,picorv32_pcpi_fast_mul
sky130_fd_sc_hd__mux2_1,_12465_,picorv32_pcpi_fast_mul
sky130_fd_sc_hd__mux2_1,_12466_,picorv32_pcpi_fast_mul
sky130_fd_sc_hd__mux2_1,_12467_,picorv32_pcpi_fast_mul
sky130_fd_sc_hd__mux2_1,_12468_,picorv32_pcpi_fast_mul
sky130_fd_sc_hd__mux2_1,_12469_,picorv32_pcpi_fast_mul
sky130_fd_sc_hd__mux2_1,_12470_,picorv32_pcpi_fast_mul
sky130_fd_sc_hd__mux2_1,_12471_,picorv32_pcpi_fast_mul
sky130_fd_sc_hd__mux2_1,_12472_,picorv32_pcpi_fast_mul
sky130_fd_sc_hd__mux2_1,_12473_,picorv32_pcpi_fast_mul
sky130_fd_sc_hd__mux2_1,_12474_,picorv32_pcpi_fast_mul
sky130_fd_sc_hd__mux2_1,_12475_,picorv32_pcpi_fast_mul
sky130_fd_sc_hd__mux2_1,_12476_,picorv32_pcpi_fast_mul
sky130_fd_sc_hd__mux2_1,_12477_,picorv32_pcpi_fast_mul
sky130_fd_sc_hd__mux2_1,_12478_,picorv32_pcpi_fast_mul
sky130_fd_sc_hd__mux2_1,_12479_,picorv32_pcpi_fast_mul
sky130_fd_sc_hd__mux2_1,_12480_,picorv32_pcpi_fast_mul
sky130_fd_sc_hd__mux2_1,_12481_,picorv32_pcpi_fast_mul
sky130_fd_sc_hd__mux2_1,_12482_,picorv32_pcpi_fast_mul
sky130_fd_sc_hd__mux2_1,_12483_,picorv32_pcpi_fast_mul
sky130_fd_sc_hd__mux2_1,_12484_,picorv32_pcpi_fast_mul
sky130_fd_sc_hd__mux2_1,_12485_,picorv32_pcpi_fast_mul
sky130_fd_sc_hd__mux2_1,_12486_,picorv32_pcpi_fast_mul
sky130_fd_sc_hd__mux2_1,_12487_,picorv32_pcpi_fast_mul
sky130_fd_sc_hd__mux2_1,_12488_,picorv32_pcpi_fast_mul
sky130_fd_sc_hd__mux2_1,_12489_,picorv32_pcpi_fast_mul
sky130_fd_sc_hd__mux2_1,_12490_,picorv32_pcpi_fast_mul
sky130_fd_sc_hd__mux2_1,_12491_,picorv32_pcpi_fast_mul
sky130_fd_sc_hd__mux2_1,_12492_,picorv32_pcpi_fast_mul
sky130_fd_sc_hd__mux2_1,_12493_,picorv32_pcpi_fast_mul
sky130_fd_sc_hd__mux2_1,_12494_,picorv32_pcpi_fast_mul
sky130_fd_sc_hd__mux2_1,_12495_,picorv32_pcpi_fast_mul
sky130_fd_sc_hd__mux2_1,_12496_,picorv32_pcpi_fast_mul
sky130_fd_sc_hd__mux2_1,_12497_,picorv32_pcpi_fast_mul
sky130_fd_sc_hd__mux2_1,_12498_,picorv32_pcpi_fast_mul
sky130_fd_sc_hd__mux2_1,_12499_,picorv32_pcpi_fast_mul
sky130_fd_sc_hd__mux2_1,_12500_,picorv32_pcpi_fast_mul
sky130_fd_sc_hd__mux2_1,_12501_,picorv32_pcpi_fast_mul
sky130_fd_sc_hd__mux2_1,_12502_,picorv32_pcpi_fast_mul
sky130_fd_sc_hd__mux2_1,_12503_,picorv32_pcpi_fast_mul
sky130_fd_sc_hd__mux2_1,_12504_,picorv32_pcpi_fast_mul
sky130_fd_sc_hd__mux2_1,_12505_,picorv32_pcpi_fast_mul
sky130_fd_sc_hd__mux2_1,_12506_,picorv32_pcpi_fast_mul
sky130_fd_sc_hd__mux2_1,_12507_,picorv32_pcpi_fast_mul
sky130_fd_sc_hd__mux2_1,_12508_,picorv32_pcpi_fast_mul
sky130_fd_sc_hd__mux2_1,_12509_,picorv32_pcpi_fast_mul
sky130_fd_sc_hd__mux2_1,_12510_,picorv32_pcpi_fast_mul
sky130_fd_sc_hd__mux2_1,_12511_,picorv32_pcpi_fast_mul
sky130_fd_sc_hd__mux2_1,_12512_,picorv32_pcpi_fast_mul
sky130_fd_sc_hd__and2_2,_12513_,picorv32_pcpi_fast_mul
sky130_fd_sc_hd__nand2_2,_12514_,picorv32_pcpi_fast_mul
sky130_fd_sc_hd__and4_2,_12515_,picorv32_pcpi_fast_mul
sky130_fd_sc_hd__a21o_2,_12516_,picorv32_pcpi_fast_mul
sky130_fd_sc_hd__and4b_2,_12517_,picorv32_pcpi_fast_mul
sky130_fd_sc_hd__a21o_2,_12518_,picorv32_pcpi_fast_mul
sky130_fd_sc_hd__dfxtp_2,_12519_,picorv32_pcpi_fast_mul
sky130_fd_sc_hd__dfxtp_2,_12520_,picorv32_pcpi_fast_mul
sky130_fd_sc_hd__dfxtp_2,_12521_,picorv32_pcpi_fast_mul
sky130_fd_sc_hd__dfxtp_2,_12522_,picorv32_pcpi_fast_mul
sky130_fd_sc_hd__dfxtp_2,_12523_,picorv32_pcpi_fast_mul
sky130_fd_sc_hd__dfxtp_2,_12524_,picorv32_pcpi_fast_mul
sky130_fd_sc_hd__dfxtp_2,_12525_,picorv32_pcpi_fast_mul
sky130_fd_sc_hd__dfxtp_2,_12526_,picorv32_pcpi_fast_mul
sky130_fd_sc_hd__dfxtp_2,_12527_,picorv32_pcpi_fast_mul
sky130_fd_sc_hd__dfxtp_2,_12528_,picorv32_pcpi_fast_mul
sky130_fd_sc_hd__dfxtp_2,_12529_,picorv32_pcpi_fast_mul
sky130_fd_sc_hd__dfxtp_2,_12530_,picorv32_pcpi_fast_mul
sky130_fd_sc_hd__dfxtp_2,_12531_,picorv32_pcpi_fast_mul
sky130_fd_sc_hd__dfxtp_2,_12532_,picorv32_pcpi_fast_mul
sky130_fd_sc_hd__dfxtp_2,_12533_,picorv32_pcpi_fast_mul
sky130_fd_sc_hd__dfxtp_2,_12534_,picorv32_pcpi_fast_mul
sky130_fd_sc_hd__dfxtp_2,_12535_,picorv32_pcpi_fast_mul
sky130_fd_sc_hd__dfxtp_2,_12536_,picorv32_pcpi_fast_mul
sky130_fd_sc_hd__dfxtp_2,_12537_,picorv32_pcpi_fast_mul
sky130_fd_sc_hd__dfxtp_2,_12538_,picorv32_pcpi_fast_mul
sky130_fd_sc_hd__dfxtp_2,_12539_,picorv32_pcpi_fast_mul
sky130_fd_sc_hd__dfxtp_2,_12540_,picorv32_pcpi_fast_mul
sky130_fd_sc_hd__dfxtp_2,_12541_,picorv32_pcpi_fast_mul
sky130_fd_sc_hd__dfxtp_2,_12542_,picorv32_pcpi_fast_mul
sky130_fd_sc_hd__dfxtp_2,_12543_,picorv32_pcpi_fast_mul
sky130_fd_sc_hd__dfxtp_2,_12544_,picorv32_pcpi_fast_mul
sky130_fd_sc_hd__dfxtp_2,_12545_,picorv32_pcpi_fast_mul
sky130_fd_sc_hd__dfxtp_2,_12546_,picorv32_pcpi_fast_mul
sky130_fd_sc_hd__dfxtp_2,_12547_,picorv32_pcpi_fast_mul
sky130_fd_sc_hd__dfxtp_2,_12548_,picorv32_pcpi_fast_mul
sky130_fd_sc_hd__dfxtp_2,_12549_,picorv32_pcpi_fast_mul
sky130_fd_sc_hd__dfxtp_2,_12550_,picorv32_pcpi_fast_mul
sky130_fd_sc_hd__dfxtp_2,_12551_,picorv32_pcpi_fast_mul
sky130_fd_sc_hd__dfxtp_2,_12552_,picorv32_pcpi_fast_mul
sky130_fd_sc_hd__dfxtp_2,_12553_,picorv32_pcpi_fast_mul
sky130_fd_sc_hd__dfxtp_2,_12554_,picorv32_pcpi_fast_mul
sky130_fd_sc_hd__dfxtp_2,_12555_,picorv32_pcpi_fast_mul
sky130_fd_sc_hd__dfxtp_2,_12556_,picorv32_pcpi_fast_mul
sky130_fd_sc_hd__dfxtp_2,_12557_,picorv32_pcpi_fast_mul
sky130_fd_sc_hd__dfxtp_2,_12558_,picorv32_pcpi_fast_mul
sky130_fd_sc_hd__dfxtp_2,_12559_,picorv32_pcpi_fast_mul
sky130_fd_sc_hd__dfxtp_2,_12560_,picorv32_pcpi_fast_mul
sky130_fd_sc_hd__dfxtp_2,_12561_,picorv32_pcpi_fast_mul
sky130_fd_sc_hd__dfxtp_2,_12562_,picorv32_pcpi_fast_mul
sky130_fd_sc_hd__dfxtp_2,_12563_,picorv32_pcpi_fast_mul
sky130_fd_sc_hd__dfxtp_2,_12564_,picorv32_pcpi_fast_mul
sky130_fd_sc_hd__dfxtp_2,_12565_,picorv32_pcpi_fast_mul
sky130_fd_sc_hd__dfxtp_2,_12566_,picorv32_pcpi_fast_mul
sky130_fd_sc_hd__dfxtp_2,_12567_,picorv32_pcpi_fast_mul
sky130_fd_sc_hd__dfxtp_2,_12568_,picorv32_pcpi_fast_mul
sky130_fd_sc_hd__dfxtp_2,_12569_,picorv32_pcpi_fast_mul
sky130_fd_sc_hd__dfxtp_2,_12570_,picorv32_pcpi_fast_mul
sky130_fd_sc_hd__dfxtp_2,_12571_,picorv32_pcpi_fast_mul
sky130_fd_sc_hd__dfxtp_2,_12572_,picorv32_pcpi_fast_mul
sky130_fd_sc_hd__dfxtp_2,_12573_,picorv32_pcpi_fast_mul
sky130_fd_sc_hd__dfxtp_2,_12574_,picorv32_pcpi_fast_mul
sky130_fd_sc_hd__dfxtp_2,_12575_,picorv32_pcpi_fast_mul
sky130_fd_sc_hd__dfxtp_2,_12576_,picorv32_pcpi_fast_mul
sky130_fd_sc_hd__dfxtp_2,_12577_,picorv32_pcpi_fast_mul
sky130_fd_sc_hd__dfxtp_2,_12578_,picorv32_pcpi_fast_mul
sky130_fd_sc_hd__dfxtp_2,_12579_,picorv32_pcpi_fast_mul
sky130_fd_sc_hd__dfxtp_2,_12580_,picorv32_pcpi_fast_mul
sky130_fd_sc_hd__dfxtp_2,_12581_,picorv32_pcpi_fast_mul
sky130_fd_sc_hd__dfxtp_2,_12582_,picorv32_pcpi_fast_mul
sky130_fd_sc_hd__dfxtp_2,_12583_,picorv32_pcpi_fast_mul
sky130_fd_sc_hd__dfxtp_2,_12584_,picorv32_pcpi_fast_mul
sky130_fd_sc_hd__dfxtp_2,_12585_,picorv32_pcpi_fast_mul
sky130_fd_sc_hd__dfxtp_2,_12586_,picorv32_pcpi_fast_mul
sky130_fd_sc_hd__dfxtp_2,_12587_,picorv32_pcpi_fast_mul
sky130_fd_sc_hd__dfxtp_2,_12588_,picorv32_pcpi_fast_mul
sky130_fd_sc_hd__dfxtp_2,_12589_,picorv32_pcpi_fast_mul
sky130_fd_sc_hd__dfxtp_2,_12590_,picorv32_pcpi_fast_mul
sky130_fd_sc_hd__dfxtp_2,_12591_,picorv32_pcpi_fast_mul
sky130_fd_sc_hd__dfxtp_2,_12592_,picorv32_pcpi_fast_mul
sky130_fd_sc_hd__dfxtp_2,_12593_,picorv32_pcpi_fast_mul
sky130_fd_sc_hd__dfxtp_2,_12594_,picorv32_pcpi_fast_mul
sky130_fd_sc_hd__dfxtp_2,_12595_,picorv32_pcpi_fast_mul
sky130_fd_sc_hd__dfxtp_2,_12596_,picorv32_pcpi_fast_mul
sky130_fd_sc_hd__dfxtp_2,_12597_,picorv32_pcpi_fast_mul
sky130_fd_sc_hd__dfxtp_2,_12598_,picorv32_pcpi_fast_mul
sky130_fd_sc_hd__dfxtp_2,_12599_,picorv32_pcpi_fast_mul
sky130_fd_sc_hd__dfxtp_2,_12600_,picorv32_pcpi_fast_mul
sky130_fd_sc_hd__dfxtp_2,_12601_,picorv32_pcpi_fast_mul
sky130_fd_sc_hd__dfxtp_2,_12602_,picorv32_pcpi_fast_mul
sky130_fd_sc_hd__dfxtp_2,_12603_,picorv32_pcpi_fast_mul
sky130_fd_sc_hd__dfxtp_2,_12604_,picorv32_pcpi_fast_mul
sky130_fd_sc_hd__dfxtp_2,_12605_,picorv32_pcpi_fast_mul
sky130_fd_sc_hd__dfxtp_2,_12606_,picorv32_pcpi_fast_mul
sky130_fd_sc_hd__dfxtp_2,_12607_,picorv32_pcpi_fast_mul
sky130_fd_sc_hd__dfxtp_2,_12608_,picorv32_pcpi_fast_mul
sky130_fd_sc_hd__dfxtp_2,_12609_,picorv32_pcpi_fast_mul
sky130_fd_sc_hd__dfxtp_2,_12610_,picorv32_pcpi_fast_mul
sky130_fd_sc_hd__dfxtp_2,_12611_,picorv32_pcpi_fast_mul
sky130_fd_sc_hd__dfxtp_2,_12612_,picorv32_pcpi_fast_mul
sky130_fd_sc_hd__dfxtp_2,_12613_,picorv32_pcpi_fast_mul
sky130_fd_sc_hd__dfxtp_2,_12614_,picorv32_pcpi_fast_mul
sky130_fd_sc_hd__dfxtp_2,_12615_,picorv32_pcpi_fast_mul
sky130_fd_sc_hd__dfxtp_2,_12616_,picorv32_pcpi_fast_mul
sky130_fd_sc_hd__dfxtp_2,_12617_,picorv32_pcpi_fast_mul
sky130_fd_sc_hd__dfxtp_2,_12618_,picorv32_pcpi_fast_mul
sky130_fd_sc_hd__dfxtp_2,_12619_,picorv32_pcpi_fast_mul
sky130_fd_sc_hd__dfxtp_2,_12620_,picorv32_pcpi_fast_mul
sky130_fd_sc_hd__dfxtp_2,_12621_,picorv32_pcpi_fast_mul
sky130_fd_sc_hd__dfxtp_2,_12622_,picorv32_pcpi_fast_mul
sky130_fd_sc_hd__dfxtp_2,_12623_,picorv32_pcpi_fast_mul
sky130_fd_sc_hd__dfxtp_2,_12624_,picorv32_pcpi_fast_mul
sky130_fd_sc_hd__dfxtp_2,_12625_,picorv32_pcpi_fast_mul
sky130_fd_sc_hd__dfxtp_2,_12626_,picorv32_pcpi_fast_mul
sky130_fd_sc_hd__dfxtp_2,_12627_,picorv32_pcpi_fast_mul
sky130_fd_sc_hd__dfxtp_2,_12628_,picorv32_pcpi_fast_mul
sky130_fd_sc_hd__dfxtp_2,_12629_,picorv32_pcpi_fast_mul
sky130_fd_sc_hd__dfxtp_2,_12630_,picorv32_pcpi_fast_mul
sky130_fd_sc_hd__dfxtp_2,_12631_,picorv32_pcpi_fast_mul
sky130_fd_sc_hd__dfxtp_2,_12632_,picorv32_pcpi_fast_mul
sky130_fd_sc_hd__dfxtp_2,_12633_,picorv32_pcpi_fast_mul
sky130_fd_sc_hd__dfxtp_2,_12634_,picorv32_pcpi_fast_mul
sky130_fd_sc_hd__dfxtp_2,_12635_,picorv32_pcpi_fast_mul
sky130_fd_sc_hd__dfxtp_2,_12636_,picorv32_pcpi_fast_mul
sky130_fd_sc_hd__dfxtp_2,_12637_,picorv32_pcpi_fast_mul
sky130_fd_sc_hd__dfxtp_2,_12638_,picorv32_pcpi_fast_mul
sky130_fd_sc_hd__dfxtp_2,_12639_,picorv32_pcpi_fast_mul
sky130_fd_sc_hd__dfxtp_2,_12640_,picorv32_pcpi_fast_mul
sky130_fd_sc_hd__dfxtp_2,_12641_,picorv32_pcpi_fast_mul
sky130_fd_sc_hd__dfxtp_2,_12642_,picorv32_pcpi_fast_mul
sky130_fd_sc_hd__dfxtp_2,_12643_,picorv32_pcpi_fast_mul
sky130_fd_sc_hd__dfxtp_2,_12644_,picorv32_pcpi_fast_mul
sky130_fd_sc_hd__dfxtp_2,_12645_,picorv32_pcpi_fast_mul
sky130_fd_sc_hd__dfxtp_2,_12646_,picorv32_pcpi_fast_mul
sky130_fd_sc_hd__dfxtp_2,_12647_,picorv32_pcpi_fast_mul
sky130_fd_sc_hd__dfxtp_2,_12648_,picorv32_pcpi_fast_mul
sky130_fd_sc_hd__dfxtp_2,_12649_,picorv32_pcpi_fast_mul
sky130_fd_sc_hd__dfxtp_2,_12650_,picorv32_pcpi_fast_mul
sky130_fd_sc_hd__dfxtp_2,_12651_,picorv32_pcpi_fast_mul
sky130_fd_sc_hd__conb_1,_12652_,picorv32_pcpi_fast_mul
sky130_fd_sc_hd__buf_2,_12653_,picorv32_pcpi_fast_mul
sky130_fd_sc_hd__inv_2,_05194_,picorv32a
sky130_fd_sc_hd__inv_2,_05195_,picorv32a
sky130_fd_sc_hd__inv_2,_05196_,picorv32a
sky130_fd_sc_hd__inv_2,_05197_,picorv32a
sky130_fd_sc_hd__inv_2,_05198_,picorv32a
sky130_fd_sc_hd__inv_2,_05199_,picorv32a
sky130_fd_sc_hd__inv_2,_05200_,picorv32a
sky130_fd_sc_hd__inv_2,_05201_,picorv32a
sky130_fd_sc_hd__inv_2,_05202_,picorv32a
sky130_fd_sc_hd__inv_2,_05203_,picorv32a
sky130_fd_sc_hd__inv_2,_05204_,picorv32a
sky130_fd_sc_hd__inv_2,_05205_,picorv32a
sky130_fd_sc_hd__inv_2,_05206_,picorv32a
sky130_fd_sc_hd__inv_2,_05207_,picorv32a
sky130_fd_sc_hd__inv_2,_05208_,picorv32a
sky130_fd_sc_hd__inv_2,_05209_,picorv32a
sky130_fd_sc_hd__inv_2,_05210_,picorv32a
sky130_fd_sc_hd__inv_2,_05211_,picorv32a
sky130_fd_sc_hd__inv_2,_05212_,picorv32a
sky130_fd_sc_hd__inv_2,_05213_,picorv32a
sky130_fd_sc_hd__inv_2,_05214_,picorv32a
sky130_fd_sc_hd__inv_2,_05215_,picorv32a
sky130_fd_sc_hd__inv_2,_05216_,picorv32a
sky130_fd_sc_hd__inv_2,_05217_,picorv32a
sky130_fd_sc_hd__inv_2,_05218_,picorv32a
sky130_fd_sc_hd__inv_2,_05219_,picorv32a
sky130_fd_sc_hd__inv_2,_05220_,picorv32a
sky130_fd_sc_hd__inv_2,_05221_,picorv32a
sky130_fd_sc_hd__inv_2,_05222_,picorv32a
sky130_fd_sc_hd__inv_2,_05223_,picorv32a
sky130_fd_sc_hd__inv_2,_05224_,picorv32a
sky130_fd_sc_hd__inv_2,_05225_,picorv32a
sky130_fd_sc_hd__inv_2,_05226_,picorv32a
sky130_fd_sc_hd__inv_2,_05227_,picorv32a
sky130_fd_sc_hd__inv_2,_05228_,picorv32a
sky130_fd_sc_hd__and2_2,_05229_,picorv32a
sky130_fd_sc_hd__nor2_2,_05230_,picorv32a
sky130_fd_sc_hd__or2_2,_05231_,picorv32a
sky130_fd_sc_hd__and2_2,_05232_,picorv32a
sky130_fd_sc_hd__o311a_2,_05233_,picorv32a
sky130_fd_sc_hd__a21oi_2,_05234_,picorv32a
sky130_fd_sc_hd__nor2_2,_05235_,picorv32a
sky130_fd_sc_hd__o21a_2,_05236_,picorv32a
sky130_fd_sc_hd__o21ai_2,_05237_,picorv32a
sky130_fd_sc_hd__nand2_2,_05238_,picorv32a
sky130_fd_sc_hd__o21a_2,_05239_,picorv32a
sky130_fd_sc_hd__a311o_2,_05240_,picorv32a
sky130_fd_sc_hd__nor3_2,_05241_,picorv32a
sky130_fd_sc_hd__nor2_2,_05242_,picorv32a
sky130_fd_sc_hd__and2_2,_05243_,picorv32a
sky130_fd_sc_hd__nor2_2,_05244_,picorv32a
sky130_fd_sc_hd__nand2_2,_05245_,picorv32a
sky130_fd_sc_hd__nor2_2,_05246_,picorv32a
sky130_fd_sc_hd__or2_2,_05247_,picorv32a
sky130_fd_sc_hd__a32o_2,_05248_,picorv32a
sky130_fd_sc_hd__a31o_2,_05249_,picorv32a
sky130_fd_sc_hd__and4b_2,_05250_,picorv32a
sky130_fd_sc_hd__or4_2,_05251_,picorv32a
sky130_fd_sc_hd__nor2_2,_05252_,picorv32a
sky130_fd_sc_hd__a211o_2,_05253_,picorv32a
sky130_fd_sc_hd__nor2_2,_05254_,picorv32a
sky130_fd_sc_hd__nand2_2,_05255_,picorv32a
sky130_fd_sc_hd__a221o_2,_05256_,picorv32a
sky130_fd_sc_hd__a21o_2,_05257_,picorv32a
sky130_fd_sc_hd__nor2_2,_05258_,picorv32a
sky130_fd_sc_hd__or2_2,_05259_,picorv32a
sky130_fd_sc_hd__o21ai_2,_05260_,picorv32a
sky130_fd_sc_hd__nor2_2,_05261_,picorv32a
sky130_fd_sc_hd__nand2_2,_05262_,picorv32a
sky130_fd_sc_hd__nor2_2,_05263_,picorv32a
sky130_fd_sc_hd__nor2_2,_05264_,picorv32a
sky130_fd_sc_hd__o211a_2,_05265_,picorv32a
sky130_fd_sc_hd__nor2_2,_05266_,picorv32a
sky130_fd_sc_hd__nor2_2,_05267_,picorv32a
sky130_fd_sc_hd__o21a_2,_05268_,picorv32a
sky130_fd_sc_hd__a211oi_2,_05269_,picorv32a
sky130_fd_sc_hd__o21ba_2,_05270_,picorv32a
sky130_fd_sc_hd__nand2b_2,_05271_,picorv32a
sky130_fd_sc_hd__inv_2,_05272_,picorv32a
sky130_fd_sc_hd__nor2_2,_05273_,picorv32a
sky130_fd_sc_hd__o21a_2,_05274_,picorv32a
sky130_fd_sc_hd__nor3_2,_05275_,picorv32a
sky130_fd_sc_hd__or3_2,_05276_,picorv32a
sky130_fd_sc_hd__nor3_2,_05277_,picorv32a
sky130_fd_sc_hd__or3_2,_05278_,picorv32a
sky130_fd_sc_hd__or4_2,_05279_,picorv32a
sky130_fd_sc_hd__or4_2,_05280_,picorv32a
sky130_fd_sc_hd__or4_2,_05281_,picorv32a
sky130_fd_sc_hd__or4_2,_05282_,picorv32a
sky130_fd_sc_hd__or4_2,_05283_,picorv32a
sky130_fd_sc_hd__or4_2,_05284_,picorv32a
sky130_fd_sc_hd__or4_2,_05285_,picorv32a
sky130_fd_sc_hd__or3_2,_05286_,picorv32a
sky130_fd_sc_hd__or4_2,_05287_,picorv32a
sky130_fd_sc_hd__or2_2,_05288_,picorv32a
sky130_fd_sc_hd__or2_2,_05289_,picorv32a
sky130_fd_sc_hd__or4_2,_05290_,picorv32a
sky130_fd_sc_hd__or4_2,_05291_,picorv32a
sky130_fd_sc_hd__or3_2,_05292_,picorv32a
sky130_fd_sc_hd__or4_2,_05293_,picorv32a
sky130_fd_sc_hd__nand2_2,_05294_,picorv32a
sky130_fd_sc_hd__inv_2,_05295_,picorv32a
sky130_fd_sc_hd__a32o_2,_05296_,picorv32a
sky130_fd_sc_hd__or2_2,_05297_,picorv32a
sky130_fd_sc_hd__inv_2,_05298_,picorv32a
sky130_fd_sc_hd__nor2_2,_05299_,picorv32a
sky130_fd_sc_hd__or2_2,_05300_,picorv32a
sky130_fd_sc_hd__nor2_2,_05301_,picorv32a
sky130_fd_sc_hd__a31o_2,_05302_,picorv32a
sky130_fd_sc_hd__o211a_2,_05303_,picorv32a
sky130_fd_sc_hd__and2_2,_05304_,picorv32a
sky130_fd_sc_hd__a221o_2,_05305_,picorv32a
sky130_fd_sc_hd__o21a_2,_05306_,picorv32a
sky130_fd_sc_hd__o221a_2,_05307_,picorv32a
sky130_fd_sc_hd__a211o_2,_05308_,picorv32a
sky130_fd_sc_hd__and2b_2,_05309_,picorv32a
sky130_fd_sc_hd__and2b_2,_05310_,picorv32a
sky130_fd_sc_hd__and2b_2,_05311_,picorv32a
sky130_fd_sc_hd__and2b_2,_05312_,picorv32a
sky130_fd_sc_hd__and2b_2,_05313_,picorv32a
sky130_fd_sc_hd__and2b_2,_05314_,picorv32a
sky130_fd_sc_hd__and2b_2,_05315_,picorv32a
sky130_fd_sc_hd__and2b_2,_05316_,picorv32a
sky130_fd_sc_hd__and2b_2,_05317_,picorv32a
sky130_fd_sc_hd__and2b_2,_05318_,picorv32a
sky130_fd_sc_hd__and2b_2,_05319_,picorv32a
sky130_fd_sc_hd__and2b_2,_05320_,picorv32a
sky130_fd_sc_hd__and2b_2,_05321_,picorv32a
sky130_fd_sc_hd__and2b_2,_05322_,picorv32a
sky130_fd_sc_hd__and2b_2,_05323_,picorv32a
sky130_fd_sc_hd__and2b_2,_05324_,picorv32a
sky130_fd_sc_hd__and2b_2,_05325_,picorv32a
sky130_fd_sc_hd__and2b_2,_05326_,picorv32a
sky130_fd_sc_hd__and2b_2,_05327_,picorv32a
sky130_fd_sc_hd__and2b_2,_05328_,picorv32a
sky130_fd_sc_hd__and2b_2,_05329_,picorv32a
sky130_fd_sc_hd__and2b_2,_05330_,picorv32a
sky130_fd_sc_hd__and2b_2,_05331_,picorv32a
sky130_fd_sc_hd__and2b_2,_05332_,picorv32a
sky130_fd_sc_hd__and2b_2,_05333_,picorv32a
sky130_fd_sc_hd__and2b_2,_05334_,picorv32a
sky130_fd_sc_hd__and2b_2,_05335_,picorv32a
sky130_fd_sc_hd__and2b_2,_05336_,picorv32a
sky130_fd_sc_hd__and2b_2,_05337_,picorv32a
sky130_fd_sc_hd__and2b_2,_05338_,picorv32a
sky130_fd_sc_hd__and2b_2,_05339_,picorv32a
sky130_fd_sc_hd__and2b_2,_05340_,picorv32a
sky130_fd_sc_hd__or4_2,_05341_,picorv32a
sky130_fd_sc_hd__or4_2,_05342_,picorv32a
sky130_fd_sc_hd__or4_2,_05343_,picorv32a
sky130_fd_sc_hd__or4_2,_05344_,picorv32a
sky130_fd_sc_hd__or4_2,_05345_,picorv32a
sky130_fd_sc_hd__or4_2,_05346_,picorv32a
sky130_fd_sc_hd__or4_2,_05347_,picorv32a
sky130_fd_sc_hd__or4_2,_05348_,picorv32a
sky130_fd_sc_hd__or4_2,_05349_,picorv32a
sky130_fd_sc_hd__or4_2,_05350_,picorv32a
sky130_fd_sc_hd__nor2_2,_05351_,picorv32a
sky130_fd_sc_hd__o211a_2,_05352_,picorv32a
sky130_fd_sc_hd__nor2_2,_05353_,picorv32a
sky130_fd_sc_hd__or3_2,_05354_,picorv32a
sky130_fd_sc_hd__inv_2,_05355_,picorv32a
sky130_fd_sc_hd__o21a_2,_05356_,picorv32a
sky130_fd_sc_hd__o21ai_2,_05357_,picorv32a
sky130_fd_sc_hd__nor2_2,_05358_,picorv32a
sky130_fd_sc_hd__or2_2,_05359_,picorv32a
sky130_fd_sc_hd__or3_2,_05360_,picorv32a
sky130_fd_sc_hd__o211a_2,_05361_,picorv32a
sky130_fd_sc_hd__or2_2,_05362_,picorv32a
sky130_fd_sc_hd__nor2_2,_05363_,picorv32a
sky130_fd_sc_hd__o21ai_2,_05364_,picorv32a
sky130_fd_sc_hd__a221o_2,_05365_,picorv32a
sky130_fd_sc_hd__a211o_2,_05366_,picorv32a
sky130_fd_sc_hd__nor3_2,_05367_,picorv32a
sky130_fd_sc_hd__or3_2,_05368_,picorv32a
sky130_fd_sc_hd__o311a_2,_05369_,picorv32a
sky130_fd_sc_hd__and3b_2,_05370_,picorv32a
sky130_fd_sc_hd__nor2_2,_05371_,picorv32a
sky130_fd_sc_hd__a211o_2,_05372_,picorv32a
sky130_fd_sc_hd__nor2_2,_05373_,picorv32a
sky130_fd_sc_hd__and4b_2,_05374_,picorv32a
sky130_fd_sc_hd__nor2_2,_05375_,picorv32a
sky130_fd_sc_hd__and3_2,_05376_,picorv32a
sky130_fd_sc_hd__or2_2,_05377_,picorv32a
sky130_fd_sc_hd__nand2_2,_05378_,picorv32a
sky130_fd_sc_hd__and2_2,_05379_,picorv32a
sky130_fd_sc_hd__nand2_2,_05380_,picorv32a
sky130_fd_sc_hd__nor2_2,_05381_,picorv32a
sky130_fd_sc_hd__and2_2,_05382_,picorv32a
sky130_fd_sc_hd__nor2_2,_05383_,picorv32a
sky130_fd_sc_hd__or2_2,_05384_,picorv32a
sky130_fd_sc_hd__nor2_2,_05385_,picorv32a
sky130_fd_sc_hd__and2_2,_05386_,picorv32a
sky130_fd_sc_hd__nor2_2,_05387_,picorv32a
sky130_fd_sc_hd__or2_2,_05388_,picorv32a
sky130_fd_sc_hd__nand2_2,_05389_,picorv32a
sky130_fd_sc_hd__and2_2,_05390_,picorv32a
sky130_fd_sc_hd__or4_2,_05391_,picorv32a
sky130_fd_sc_hd__inv_2,_05392_,picorv32a
sky130_fd_sc_hd__or2_2,_05393_,picorv32a
sky130_fd_sc_hd__nand2_2,_05394_,picorv32a
sky130_fd_sc_hd__nand2_2,_05395_,picorv32a
sky130_fd_sc_hd__inv_2,_05396_,picorv32a
sky130_fd_sc_hd__nor2_2,_05397_,picorv32a
sky130_fd_sc_hd__and2_2,_05398_,picorv32a
sky130_fd_sc_hd__or2_2,_05399_,picorv32a
sky130_fd_sc_hd__inv_2,_05400_,picorv32a
sky130_fd_sc_hd__nand2_2,_05401_,picorv32a
sky130_fd_sc_hd__or2_2,_05402_,picorv32a
sky130_fd_sc_hd__nand2_2,_05403_,picorv32a
sky130_fd_sc_hd__and2_2,_05404_,picorv32a
sky130_fd_sc_hd__nand2_2,_05405_,picorv32a
sky130_fd_sc_hd__nor2_2,_05406_,picorv32a
sky130_fd_sc_hd__and2_2,_05407_,picorv32a
sky130_fd_sc_hd__nor2_2,_05408_,picorv32a
sky130_fd_sc_hd__nor2_2,_05409_,picorv32a
sky130_fd_sc_hd__or3b_2,_05410_,picorv32a
sky130_fd_sc_hd__or2_2,_05411_,picorv32a
sky130_fd_sc_hd__nand2_2,_05412_,picorv32a
sky130_fd_sc_hd__nand2_2,_05413_,picorv32a
sky130_fd_sc_hd__inv_2,_05414_,picorv32a
sky130_fd_sc_hd__nor2_2,_05415_,picorv32a
sky130_fd_sc_hd__and2_2,_05416_,picorv32a
sky130_fd_sc_hd__or2_2,_05417_,picorv32a
sky130_fd_sc_hd__inv_2,_05418_,picorv32a
sky130_fd_sc_hd__or2_2,_05419_,picorv32a
sky130_fd_sc_hd__nand2_2,_05420_,picorv32a
sky130_fd_sc_hd__and2_2,_05421_,picorv32a
sky130_fd_sc_hd__nand2_2,_05422_,picorv32a
sky130_fd_sc_hd__nor2_2,_05423_,picorv32a
sky130_fd_sc_hd__or2_2,_05424_,picorv32a
sky130_fd_sc_hd__and2_2,_05425_,picorv32a
sky130_fd_sc_hd__nor2_2,_05426_,picorv32a
sky130_fd_sc_hd__or2_2,_05427_,picorv32a
sky130_fd_sc_hd__and3_2,_05428_,picorv32a
sky130_fd_sc_hd__or2_2,_05429_,picorv32a
sky130_fd_sc_hd__nand2_2,_05430_,picorv32a
sky130_fd_sc_hd__and2_2,_05431_,picorv32a
sky130_fd_sc_hd__nor2_2,_05432_,picorv32a
sky130_fd_sc_hd__and2_2,_05433_,picorv32a
sky130_fd_sc_hd__nor2_2,_05434_,picorv32a
sky130_fd_sc_hd__nor2_2,_05435_,picorv32a
sky130_fd_sc_hd__and2_2,_05436_,picorv32a
sky130_fd_sc_hd__nor2_2,_05437_,picorv32a
sky130_fd_sc_hd__or2_2,_05438_,picorv32a
sky130_fd_sc_hd__and2_2,_05439_,picorv32a
sky130_fd_sc_hd__nand2_2,_05440_,picorv32a
sky130_fd_sc_hd__and2_2,_05441_,picorv32a
sky130_fd_sc_hd__nand2_2,_05442_,picorv32a
sky130_fd_sc_hd__nor2_2,_05443_,picorv32a
sky130_fd_sc_hd__or4_2,_05444_,picorv32a
sky130_fd_sc_hd__or4b_2,_05445_,picorv32a
sky130_fd_sc_hd__nor2_2,_05446_,picorv32a
sky130_fd_sc_hd__and2_2,_05447_,picorv32a
sky130_fd_sc_hd__nor2_2,_05448_,picorv32a
sky130_fd_sc_hd__nor2_2,_05449_,picorv32a
sky130_fd_sc_hd__and2_2,_05450_,picorv32a
sky130_fd_sc_hd__nor2_2,_05451_,picorv32a
sky130_fd_sc_hd__inv_2,_05452_,picorv32a
sky130_fd_sc_hd__nor2_2,_05453_,picorv32a
sky130_fd_sc_hd__or2_2,_05454_,picorv32a
sky130_fd_sc_hd__and2_2,_05455_,picorv32a
sky130_fd_sc_hd__nor2_2,_05456_,picorv32a
sky130_fd_sc_hd__or2_2,_05457_,picorv32a
sky130_fd_sc_hd__and2_2,_05458_,picorv32a
sky130_fd_sc_hd__xor2_2,_05459_,picorv32a
sky130_fd_sc_hd__or4_2,_05460_,picorv32a
sky130_fd_sc_hd__or2_2,_05461_,picorv32a
sky130_fd_sc_hd__xor2_2,_05462_,picorv32a
sky130_fd_sc_hd__nor2_2,_05463_,picorv32a
sky130_fd_sc_hd__and2_2,_05464_,picorv32a
sky130_fd_sc_hd__nor2_2,_05465_,picorv32a
sky130_fd_sc_hd__inv_2,_05466_,picorv32a
sky130_fd_sc_hd__or2_2,_05467_,picorv32a
sky130_fd_sc_hd__inv_2,_05468_,picorv32a
sky130_fd_sc_hd__and2_2,_05469_,picorv32a
sky130_fd_sc_hd__nor2_2,_05470_,picorv32a
sky130_fd_sc_hd__or2_2,_05471_,picorv32a
sky130_fd_sc_hd__nand2_2,_05472_,picorv32a
sky130_fd_sc_hd__and2_2,_05473_,picorv32a
sky130_fd_sc_hd__nor2_2,_05474_,picorv32a
sky130_fd_sc_hd__and2_2,_05475_,picorv32a
sky130_fd_sc_hd__nor2_2,_05476_,picorv32a
sky130_fd_sc_hd__and2_2,_05477_,picorv32a
sky130_fd_sc_hd__nor2_2,_05478_,picorv32a
sky130_fd_sc_hd__nor2_2,_05479_,picorv32a
sky130_fd_sc_hd__nor2_2,_05480_,picorv32a
sky130_fd_sc_hd__or2_2,_05481_,picorv32a
sky130_fd_sc_hd__and2_2,_05482_,picorv32a
sky130_fd_sc_hd__nor2_2,_05483_,picorv32a
sky130_fd_sc_hd__or2_2,_05484_,picorv32a
sky130_fd_sc_hd__nand2_2,_05485_,picorv32a
sky130_fd_sc_hd__nand2_2,_05486_,picorv32a
sky130_fd_sc_hd__inv_2,_05487_,picorv32a
sky130_fd_sc_hd__or2_2,_05488_,picorv32a
sky130_fd_sc_hd__and2_2,_05489_,picorv32a
sky130_fd_sc_hd__xor2_2,_05490_,picorv32a
sky130_fd_sc_hd__or2_2,_05491_,picorv32a
sky130_fd_sc_hd__and2_2,_05492_,picorv32a
sky130_fd_sc_hd__xor2_2,_05493_,picorv32a
sky130_fd_sc_hd__or2_2,_05494_,picorv32a
sky130_fd_sc_hd__nor2_2,_05495_,picorv32a
sky130_fd_sc_hd__and2_2,_05496_,picorv32a
sky130_fd_sc_hd__nor2_2,_05497_,picorv32a
sky130_fd_sc_hd__nor2_2,_05498_,picorv32a
sky130_fd_sc_hd__nand2_2,_05499_,picorv32a
sky130_fd_sc_hd__and2b_2,_05500_,picorv32a
sky130_fd_sc_hd__or2_2,_05501_,picorv32a
sky130_fd_sc_hd__or4_2,_05502_,picorv32a
sky130_fd_sc_hd__or4b_2,_05503_,picorv32a
sky130_fd_sc_hd__or2_2,_05504_,picorv32a
sky130_fd_sc_hd__and2b_2,_05505_,picorv32a
sky130_fd_sc_hd__or3_2,_05506_,picorv32a
sky130_fd_sc_hd__or3_2,_05507_,picorv32a
sky130_fd_sc_hd__nor3_2,_05508_,picorv32a
sky130_fd_sc_hd__nand2_2,_05509_,picorv32a
sky130_fd_sc_hd__inv_2,_05510_,picorv32a
sky130_fd_sc_hd__a31o_2,_05511_,picorv32a
sky130_fd_sc_hd__nand2_2,_05512_,picorv32a
sky130_fd_sc_hd__nor2_2,_05513_,picorv32a
sky130_fd_sc_hd__o31a_2,_05514_,picorv32a
sky130_fd_sc_hd__o31a_2,_05515_,picorv32a
sky130_fd_sc_hd__or3_2,_05516_,picorv32a
sky130_fd_sc_hd__or3_2,_05517_,picorv32a
sky130_fd_sc_hd__o21a_2,_05518_,picorv32a
sky130_fd_sc_hd__a221o_2,_05519_,picorv32a
sky130_fd_sc_hd__o21a_2,_05520_,picorv32a
sky130_fd_sc_hd__a221o_2,_05521_,picorv32a
sky130_fd_sc_hd__nor3_2,_05522_,picorv32a
sky130_fd_sc_hd__or4_2,_05523_,picorv32a
sky130_fd_sc_hd__nor4_2,_05524_,picorv32a
sky130_fd_sc_hd__o211a_2,_05525_,picorv32a
sky130_fd_sc_hd__a32o_2,_05526_,picorv32a
sky130_fd_sc_hd__and2_2,_05527_,picorv32a
sky130_fd_sc_hd__nand2_2,_05528_,picorv32a
sky130_fd_sc_hd__or4b_2,_05529_,picorv32a
sky130_fd_sc_hd__or3_2,_05530_,picorv32a
sky130_fd_sc_hd__nand2_2,_05531_,picorv32a
sky130_fd_sc_hd__o221a_2,_05532_,picorv32a
sky130_fd_sc_hd__mux2_1,_05533_,picorv32a
sky130_fd_sc_hd__and3b_2,_05534_,picorv32a
sky130_fd_sc_hd__inv_2,_05535_,picorv32a
sky130_fd_sc_hd__and2b_2,_05536_,picorv32a
sky130_fd_sc_hd__or4b_2,_05537_,picorv32a
sky130_fd_sc_hd__o21a_2,_05538_,picorv32a
sky130_fd_sc_hd__or2_2,_05539_,picorv32a
sky130_fd_sc_hd__nor3_2,_05540_,picorv32a
sky130_fd_sc_hd__or3_2,_05541_,picorv32a
sky130_fd_sc_hd__mux2_1,_05542_,picorv32a
sky130_fd_sc_hd__or2_2,_05543_,picorv32a
sky130_fd_sc_hd__o21a_2,_05544_,picorv32a
sky130_fd_sc_hd__o21ai_2,_05545_,picorv32a
sky130_fd_sc_hd__or2_2,_05546_,picorv32a
sky130_fd_sc_hd__o21a_2,_05547_,picorv32a
sky130_fd_sc_hd__o21ai_2,_05548_,picorv32a
sky130_fd_sc_hd__mux2_1,_05549_,picorv32a
sky130_fd_sc_hd__or2_2,_05550_,picorv32a
sky130_fd_sc_hd__or2_2,_05551_,picorv32a
sky130_fd_sc_hd__o21a_2,_05552_,picorv32a
sky130_fd_sc_hd__o21ai_2,_05553_,picorv32a
sky130_fd_sc_hd__mux2_1,_05554_,picorv32a
sky130_fd_sc_hd__o211a_2,_05555_,picorv32a
sky130_fd_sc_hd__or2_2,_05556_,picorv32a
sky130_fd_sc_hd__o21a_2,_05557_,picorv32a
sky130_fd_sc_hd__o21ai_2,_05558_,picorv32a
sky130_fd_sc_hd__mux2_1,_05559_,picorv32a
sky130_fd_sc_hd__mux2_1,_05560_,picorv32a
sky130_fd_sc_hd__mux2_1,_05561_,picorv32a
sky130_fd_sc_hd__a211o_2,_05562_,picorv32a
sky130_fd_sc_hd__mux2_1,_05563_,picorv32a
sky130_fd_sc_hd__mux2_1,_05564_,picorv32a
sky130_fd_sc_hd__mux2_1,_05565_,picorv32a
sky130_fd_sc_hd__mux2_1,_05566_,picorv32a
sky130_fd_sc_hd__or2_2,_05567_,picorv32a
sky130_fd_sc_hd__mux2_1,_05568_,picorv32a
sky130_fd_sc_hd__o211a_2,_05569_,picorv32a
sky130_fd_sc_hd__a211o_2,_05570_,picorv32a
sky130_fd_sc_hd__a21oi_2,_05571_,picorv32a
sky130_fd_sc_hd__or4_2,_05572_,picorv32a
sky130_fd_sc_hd__nor2_2,_05573_,picorv32a
sky130_fd_sc_hd__or2_2,_05574_,picorv32a
sky130_fd_sc_hd__o211a_2,_05575_,picorv32a
sky130_fd_sc_hd__mux2_1,_05576_,picorv32a
sky130_fd_sc_hd__a21oi_2,_05577_,picorv32a
sky130_fd_sc_hd__a211o_2,_05578_,picorv32a
sky130_fd_sc_hd__o21ba_2,_05579_,picorv32a
sky130_fd_sc_hd__a221o_2,_05580_,picorv32a
sky130_fd_sc_hd__a22o_2,_05581_,picorv32a
sky130_fd_sc_hd__a221o_2,_05582_,picorv32a
sky130_fd_sc_hd__o221a_2,_05583_,picorv32a
sky130_fd_sc_hd__nand2_2,_05584_,picorv32a
sky130_fd_sc_hd__inv_2,_05585_,picorv32a
sky130_fd_sc_hd__nand2_2,_05586_,picorv32a
sky130_fd_sc_hd__a22o_2,_05587_,picorv32a
sky130_fd_sc_hd__mux2_1,_05588_,picorv32a
sky130_fd_sc_hd__and3_2,_05589_,picorv32a
sky130_fd_sc_hd__nor2_2,_05590_,picorv32a
sky130_fd_sc_hd__nor2_2,_05591_,picorv32a
sky130_fd_sc_hd__o21a_2,_05592_,picorv32a
sky130_fd_sc_hd__a221o_2,_05593_,picorv32a
sky130_fd_sc_hd__nand2_2,_05594_,picorv32a
sky130_fd_sc_hd__or2_2,_05595_,picorv32a
sky130_fd_sc_hd__a32o_2,_05596_,picorv32a
sky130_fd_sc_hd__a211o_2,_05597_,picorv32a
sky130_fd_sc_hd__o22a_2,_05598_,picorv32a
sky130_fd_sc_hd__mux2_1,_05599_,picorv32a
sky130_fd_sc_hd__or2_2,_05600_,picorv32a
sky130_fd_sc_hd__mux2_1,_05601_,picorv32a
sky130_fd_sc_hd__o211a_2,_05602_,picorv32a
sky130_fd_sc_hd__mux2_1,_05603_,picorv32a
sky130_fd_sc_hd__mux2_1,_05604_,picorv32a
sky130_fd_sc_hd__mux2_1,_05605_,picorv32a
sky130_fd_sc_hd__a211o_2,_05606_,picorv32a
sky130_fd_sc_hd__mux2_1,_05607_,picorv32a
sky130_fd_sc_hd__mux2_1,_05608_,picorv32a
sky130_fd_sc_hd__or2_2,_05609_,picorv32a
sky130_fd_sc_hd__o211a_2,_05610_,picorv32a
sky130_fd_sc_hd__mux2_1,_05611_,picorv32a
sky130_fd_sc_hd__mux2_1,_05612_,picorv32a
sky130_fd_sc_hd__mux2_1,_05613_,picorv32a
sky130_fd_sc_hd__a211o_2,_05614_,picorv32a
sky130_fd_sc_hd__a21oi_2,_05615_,picorv32a
sky130_fd_sc_hd__or2_2,_05616_,picorv32a
sky130_fd_sc_hd__o211a_2,_05617_,picorv32a
sky130_fd_sc_hd__mux2_1,_05618_,picorv32a
sky130_fd_sc_hd__a21oi_2,_05619_,picorv32a
sky130_fd_sc_hd__a211o_2,_05620_,picorv32a
sky130_fd_sc_hd__nor2_2,_05621_,picorv32a
sky130_fd_sc_hd__a221o_2,_05622_,picorv32a
sky130_fd_sc_hd__a22o_2,_05623_,picorv32a
sky130_fd_sc_hd__a221o_2,_05624_,picorv32a
sky130_fd_sc_hd__o221a_2,_05625_,picorv32a
sky130_fd_sc_hd__o211a_2,_05626_,picorv32a
sky130_fd_sc_hd__o21a_2,_05627_,picorv32a
sky130_fd_sc_hd__a221o_2,_05628_,picorv32a
sky130_fd_sc_hd__and2_2,_05629_,picorv32a
sky130_fd_sc_hd__nand2_2,_05630_,picorv32a
sky130_fd_sc_hd__or2_2,_05631_,picorv32a
sky130_fd_sc_hd__a21bo_2,_05632_,picorv32a
sky130_fd_sc_hd__and3b_2,_05633_,picorv32a
sky130_fd_sc_hd__inv_2,_05634_,picorv32a
sky130_fd_sc_hd__a32o_2,_05635_,picorv32a
sky130_fd_sc_hd__a211o_2,_05636_,picorv32a
sky130_fd_sc_hd__o22a_2,_05637_,picorv32a
sky130_fd_sc_hd__mux2_1,_05638_,picorv32a
sky130_fd_sc_hd__or2_2,_05639_,picorv32a
sky130_fd_sc_hd__mux2_1,_05640_,picorv32a
sky130_fd_sc_hd__o211a_2,_05641_,picorv32a
sky130_fd_sc_hd__mux2_1,_05642_,picorv32a
sky130_fd_sc_hd__mux2_1,_05643_,picorv32a
sky130_fd_sc_hd__mux2_1,_05644_,picorv32a
sky130_fd_sc_hd__a211o_2,_05645_,picorv32a
sky130_fd_sc_hd__mux2_1,_05646_,picorv32a
sky130_fd_sc_hd__mux2_1,_05647_,picorv32a
sky130_fd_sc_hd__mux2_1,_05648_,picorv32a
sky130_fd_sc_hd__mux2_1,_05649_,picorv32a
sky130_fd_sc_hd__or2_2,_05650_,picorv32a
sky130_fd_sc_hd__mux2_1,_05651_,picorv32a
sky130_fd_sc_hd__o211a_2,_05652_,picorv32a
sky130_fd_sc_hd__a211o_2,_05653_,picorv32a
sky130_fd_sc_hd__a21oi_2,_05654_,picorv32a
sky130_fd_sc_hd__or2_2,_05655_,picorv32a
sky130_fd_sc_hd__o211a_2,_05656_,picorv32a
sky130_fd_sc_hd__mux2_1,_05657_,picorv32a
sky130_fd_sc_hd__a21oi_2,_05658_,picorv32a
sky130_fd_sc_hd__a211o_2,_05659_,picorv32a
sky130_fd_sc_hd__nor2_2,_05660_,picorv32a
sky130_fd_sc_hd__a221o_2,_05661_,picorv32a
sky130_fd_sc_hd__a22o_2,_05662_,picorv32a
sky130_fd_sc_hd__a221o_2,_05663_,picorv32a
sky130_fd_sc_hd__o221a_2,_05664_,picorv32a
sky130_fd_sc_hd__nand2_2,_05665_,picorv32a
sky130_fd_sc_hd__inv_2,_05666_,picorv32a
sky130_fd_sc_hd__or2_2,_05667_,picorv32a
sky130_fd_sc_hd__a211o_2,_05668_,picorv32a
sky130_fd_sc_hd__o211a_2,_05669_,picorv32a
sky130_fd_sc_hd__and3b_2,_05670_,picorv32a
sky130_fd_sc_hd__o211a_2,_05671_,picorv32a
sky130_fd_sc_hd__o21a_2,_05672_,picorv32a
sky130_fd_sc_hd__a221o_2,_05673_,picorv32a
sky130_fd_sc_hd__a221o_2,_05674_,picorv32a
sky130_fd_sc_hd__o32a_2,_05675_,picorv32a
sky130_fd_sc_hd__mux2_1,_05676_,picorv32a
sky130_fd_sc_hd__or2_2,_05677_,picorv32a
sky130_fd_sc_hd__mux2_1,_05678_,picorv32a
sky130_fd_sc_hd__o211a_2,_05679_,picorv32a
sky130_fd_sc_hd__mux2_1,_05680_,picorv32a
sky130_fd_sc_hd__mux2_1,_05681_,picorv32a
sky130_fd_sc_hd__mux2_1,_05682_,picorv32a
sky130_fd_sc_hd__a211o_2,_05683_,picorv32a
sky130_fd_sc_hd__mux2_1,_05684_,picorv32a
sky130_fd_sc_hd__or2_2,_05685_,picorv32a
sky130_fd_sc_hd__mux2_1,_05686_,picorv32a
sky130_fd_sc_hd__o211a_2,_05687_,picorv32a
sky130_fd_sc_hd__mux2_1,_05688_,picorv32a
sky130_fd_sc_hd__mux2_1,_05689_,picorv32a
sky130_fd_sc_hd__mux2_1,_05690_,picorv32a
sky130_fd_sc_hd__a211o_2,_05691_,picorv32a
sky130_fd_sc_hd__a21oi_2,_05692_,picorv32a
sky130_fd_sc_hd__or2_2,_05693_,picorv32a
sky130_fd_sc_hd__o211a_2,_05694_,picorv32a
sky130_fd_sc_hd__mux2_1,_05695_,picorv32a
sky130_fd_sc_hd__a21oi_2,_05696_,picorv32a
sky130_fd_sc_hd__a211o_2,_05697_,picorv32a
sky130_fd_sc_hd__nor2_2,_05698_,picorv32a
sky130_fd_sc_hd__a221o_2,_05699_,picorv32a
sky130_fd_sc_hd__a22o_2,_05700_,picorv32a
sky130_fd_sc_hd__a221o_2,_05701_,picorv32a
sky130_fd_sc_hd__o221a_2,_05702_,picorv32a
sky130_fd_sc_hd__or2_2,_05703_,picorv32a
sky130_fd_sc_hd__and2_2,_05704_,picorv32a
sky130_fd_sc_hd__nand2_2,_05705_,picorv32a
sky130_fd_sc_hd__a211o_2,_05706_,picorv32a
sky130_fd_sc_hd__o211a_2,_05707_,picorv32a
sky130_fd_sc_hd__and3b_2,_05708_,picorv32a
sky130_fd_sc_hd__mux2_1,_05709_,picorv32a
sky130_fd_sc_hd__and3_2,_05710_,picorv32a
sky130_fd_sc_hd__a221o_2,_05711_,picorv32a
sky130_fd_sc_hd__a22o_2,_05712_,picorv32a
sky130_fd_sc_hd__or3_2,_05713_,picorv32a
sky130_fd_sc_hd__o22a_2,_05714_,picorv32a
sky130_fd_sc_hd__mux2_1,_05715_,picorv32a
sky130_fd_sc_hd__mux2_1,_05716_,picorv32a
sky130_fd_sc_hd__mux2_1,_05717_,picorv32a
sky130_fd_sc_hd__mux2_1,_05718_,picorv32a
sky130_fd_sc_hd__mux2_1,_05719_,picorv32a
sky130_fd_sc_hd__or2_2,_05720_,picorv32a
sky130_fd_sc_hd__o211a_2,_05721_,picorv32a
sky130_fd_sc_hd__a211o_2,_05722_,picorv32a
sky130_fd_sc_hd__mux2_1,_05723_,picorv32a
sky130_fd_sc_hd__or2_2,_05724_,picorv32a
sky130_fd_sc_hd__mux2_1,_05725_,picorv32a
sky130_fd_sc_hd__o21a_2,_05726_,picorv32a
sky130_fd_sc_hd__mux2_1,_05727_,picorv32a
sky130_fd_sc_hd__mux2_1,_05728_,picorv32a
sky130_fd_sc_hd__mux2_1,_05729_,picorv32a
sky130_fd_sc_hd__a221o_2,_05730_,picorv32a
sky130_fd_sc_hd__a21oi_2,_05731_,picorv32a
sky130_fd_sc_hd__or2_2,_05732_,picorv32a
sky130_fd_sc_hd__o211a_2,_05733_,picorv32a
sky130_fd_sc_hd__mux2_1,_05734_,picorv32a
sky130_fd_sc_hd__a21oi_2,_05735_,picorv32a
sky130_fd_sc_hd__a211o_2,_05736_,picorv32a
sky130_fd_sc_hd__nor2_2,_05737_,picorv32a
sky130_fd_sc_hd__a221o_2,_05738_,picorv32a
sky130_fd_sc_hd__a22o_2,_05739_,picorv32a
sky130_fd_sc_hd__a21o_2,_05740_,picorv32a
sky130_fd_sc_hd__a211o_2,_05741_,picorv32a
sky130_fd_sc_hd__o211a_2,_05742_,picorv32a
sky130_fd_sc_hd__nand2_2,_05743_,picorv32a
sky130_fd_sc_hd__or2_2,_05744_,picorv32a
sky130_fd_sc_hd__o211ai_2,_05745_,picorv32a
sky130_fd_sc_hd__a211o_2,_05746_,picorv32a
sky130_fd_sc_hd__and3_2,_05747_,picorv32a
sky130_fd_sc_hd__o211a_2,_05748_,picorv32a
sky130_fd_sc_hd__o21a_2,_05749_,picorv32a
sky130_fd_sc_hd__a221o_2,_05750_,picorv32a
sky130_fd_sc_hd__a22o_2,_05751_,picorv32a
sky130_fd_sc_hd__or3_2,_05752_,picorv32a
sky130_fd_sc_hd__o22a_2,_05753_,picorv32a
sky130_fd_sc_hd__mux2_1,_05754_,picorv32a
sky130_fd_sc_hd__or2_2,_05755_,picorv32a
sky130_fd_sc_hd__mux2_1,_05756_,picorv32a
sky130_fd_sc_hd__o211a_2,_05757_,picorv32a
sky130_fd_sc_hd__mux2_1,_05758_,picorv32a
sky130_fd_sc_hd__mux2_1,_05759_,picorv32a
sky130_fd_sc_hd__mux2_1,_05760_,picorv32a
sky130_fd_sc_hd__a211o_2,_05761_,picorv32a
sky130_fd_sc_hd__mux2_1,_05762_,picorv32a
sky130_fd_sc_hd__mux2_1,_05763_,picorv32a
sky130_fd_sc_hd__mux2_1,_05764_,picorv32a
sky130_fd_sc_hd__mux2_1,_05765_,picorv32a
sky130_fd_sc_hd__or2_2,_05766_,picorv32a
sky130_fd_sc_hd__mux2_1,_05767_,picorv32a
sky130_fd_sc_hd__o211a_2,_05768_,picorv32a
sky130_fd_sc_hd__a211o_2,_05769_,picorv32a
sky130_fd_sc_hd__a21oi_2,_05770_,picorv32a
sky130_fd_sc_hd__or2_2,_05771_,picorv32a
sky130_fd_sc_hd__o211a_2,_05772_,picorv32a
sky130_fd_sc_hd__mux2_1,_05773_,picorv32a
sky130_fd_sc_hd__a21oi_2,_05774_,picorv32a
sky130_fd_sc_hd__a211o_2,_05775_,picorv32a
sky130_fd_sc_hd__inv_2,_05776_,picorv32a
sky130_fd_sc_hd__nor2_2,_05777_,picorv32a
sky130_fd_sc_hd__a221o_2,_05778_,picorv32a
sky130_fd_sc_hd__a22o_2,_05779_,picorv32a
sky130_fd_sc_hd__a221o_2,_05780_,picorv32a
sky130_fd_sc_hd__o221a_2,_05781_,picorv32a
sky130_fd_sc_hd__and2_2,_05782_,picorv32a
sky130_fd_sc_hd__nor2_2,_05783_,picorv32a
sky130_fd_sc_hd__and2_2,_05784_,picorv32a
sky130_fd_sc_hd__nor2_2,_05785_,picorv32a
sky130_fd_sc_hd__xnor2_2,_05786_,picorv32a
sky130_fd_sc_hd__mux2_1,_05787_,picorv32a
sky130_fd_sc_hd__and3_2,_05788_,picorv32a
sky130_fd_sc_hd__a221o_2,_05789_,picorv32a
sky130_fd_sc_hd__a22o_2,_05790_,picorv32a
sky130_fd_sc_hd__a211o_2,_05791_,picorv32a
sky130_fd_sc_hd__o22a_2,_05792_,picorv32a
sky130_fd_sc_hd__nand2_2,_05793_,picorv32a
sky130_fd_sc_hd__or2_2,_05794_,picorv32a
sky130_fd_sc_hd__nor2_2,_05795_,picorv32a
sky130_fd_sc_hd__a211o_2,_05796_,picorv32a
sky130_fd_sc_hd__o211ai_2,_05797_,picorv32a
sky130_fd_sc_hd__and3_2,_05798_,picorv32a
sky130_fd_sc_hd__mux2_1,_05799_,picorv32a
sky130_fd_sc_hd__or2_2,_05800_,picorv32a
sky130_fd_sc_hd__mux2_1,_05801_,picorv32a
sky130_fd_sc_hd__o211a_2,_05802_,picorv32a
sky130_fd_sc_hd__mux2_1,_05803_,picorv32a
sky130_fd_sc_hd__mux2_1,_05804_,picorv32a
sky130_fd_sc_hd__mux2_1,_05805_,picorv32a
sky130_fd_sc_hd__a211o_2,_05806_,picorv32a
sky130_fd_sc_hd__mux2_1,_05807_,picorv32a
sky130_fd_sc_hd__mux2_1,_05808_,picorv32a
sky130_fd_sc_hd__mux2_1,_05809_,picorv32a
sky130_fd_sc_hd__mux2_1,_05810_,picorv32a
sky130_fd_sc_hd__or2_2,_05811_,picorv32a
sky130_fd_sc_hd__mux2_1,_05812_,picorv32a
sky130_fd_sc_hd__o211a_2,_05813_,picorv32a
sky130_fd_sc_hd__a211o_2,_05814_,picorv32a
sky130_fd_sc_hd__a21oi_2,_05815_,picorv32a
sky130_fd_sc_hd__or2_2,_05816_,picorv32a
sky130_fd_sc_hd__o211a_2,_05817_,picorv32a
sky130_fd_sc_hd__mux2_1,_05818_,picorv32a
sky130_fd_sc_hd__a21oi_2,_05819_,picorv32a
sky130_fd_sc_hd__a211o_2,_05820_,picorv32a
sky130_fd_sc_hd__inv_2,_05821_,picorv32a
sky130_fd_sc_hd__nor2_2,_05822_,picorv32a
sky130_fd_sc_hd__a221o_2,_05823_,picorv32a
sky130_fd_sc_hd__a22o_2,_05824_,picorv32a
sky130_fd_sc_hd__a221o_2,_05825_,picorv32a
sky130_fd_sc_hd__o221a_2,_05826_,picorv32a
sky130_fd_sc_hd__mux2_1,_05827_,picorv32a
sky130_fd_sc_hd__and3_2,_05828_,picorv32a
sky130_fd_sc_hd__a221o_2,_05829_,picorv32a
sky130_fd_sc_hd__a22o_2,_05830_,picorv32a
sky130_fd_sc_hd__or2_2,_05831_,picorv32a
sky130_fd_sc_hd__o32a_2,_05832_,picorv32a
sky130_fd_sc_hd__and2_2,_05833_,picorv32a
sky130_fd_sc_hd__nand2_2,_05834_,picorv32a
sky130_fd_sc_hd__nor2_2,_05835_,picorv32a
sky130_fd_sc_hd__a211o_2,_05836_,picorv32a
sky130_fd_sc_hd__o211ai_2,_05837_,picorv32a
sky130_fd_sc_hd__and3_2,_05838_,picorv32a
sky130_fd_sc_hd__mux2_1,_05839_,picorv32a
sky130_fd_sc_hd__or2_2,_05840_,picorv32a
sky130_fd_sc_hd__mux2_1,_05841_,picorv32a
sky130_fd_sc_hd__o211a_2,_05842_,picorv32a
sky130_fd_sc_hd__mux2_1,_05843_,picorv32a
sky130_fd_sc_hd__mux2_1,_05844_,picorv32a
sky130_fd_sc_hd__mux2_1,_05845_,picorv32a
sky130_fd_sc_hd__a211o_2,_05846_,picorv32a
sky130_fd_sc_hd__mux2_1,_05847_,picorv32a
sky130_fd_sc_hd__mux2_1,_05848_,picorv32a
sky130_fd_sc_hd__mux2_1,_05849_,picorv32a
sky130_fd_sc_hd__mux2_1,_05850_,picorv32a
sky130_fd_sc_hd__or2_2,_05851_,picorv32a
sky130_fd_sc_hd__mux2_1,_05852_,picorv32a
sky130_fd_sc_hd__o211a_2,_05853_,picorv32a
sky130_fd_sc_hd__a211o_2,_05854_,picorv32a
sky130_fd_sc_hd__a21oi_2,_05855_,picorv32a
sky130_fd_sc_hd__or2_2,_05856_,picorv32a
sky130_fd_sc_hd__o211a_2,_05857_,picorv32a
sky130_fd_sc_hd__mux2_1,_05858_,picorv32a
sky130_fd_sc_hd__a21oi_2,_05859_,picorv32a
sky130_fd_sc_hd__a211o_2,_05860_,picorv32a
sky130_fd_sc_hd__inv_2,_05861_,picorv32a
sky130_fd_sc_hd__nor2_2,_05862_,picorv32a
sky130_fd_sc_hd__a221o_2,_05863_,picorv32a
sky130_fd_sc_hd__a22o_2,_05864_,picorv32a
sky130_fd_sc_hd__a21o_2,_05865_,picorv32a
sky130_fd_sc_hd__a211o_2,_05866_,picorv32a
sky130_fd_sc_hd__o211a_2,_05867_,picorv32a
sky130_fd_sc_hd__or2_2,_05868_,picorv32a
sky130_fd_sc_hd__o2111a_2,_05869_,picorv32a
sky130_fd_sc_hd__a221o_2,_05870_,picorv32a
sky130_fd_sc_hd__a22o_2,_05871_,picorv32a
sky130_fd_sc_hd__or3_2,_05872_,picorv32a
sky130_fd_sc_hd__o22a_2,_05873_,picorv32a
sky130_fd_sc_hd__or2_2,_05874_,picorv32a
sky130_fd_sc_hd__and2_2,_05875_,picorv32a
sky130_fd_sc_hd__nand2_2,_05876_,picorv32a
sky130_fd_sc_hd__nand2_2,_05877_,picorv32a
sky130_fd_sc_hd__a21oi_2,_05878_,picorv32a
sky130_fd_sc_hd__a31o_2,_05879_,picorv32a
sky130_fd_sc_hd__mux2_1,_05880_,picorv32a
sky130_fd_sc_hd__or2_2,_05881_,picorv32a
sky130_fd_sc_hd__mux2_1,_05882_,picorv32a
sky130_fd_sc_hd__o211a_2,_05883_,picorv32a
sky130_fd_sc_hd__mux2_1,_05884_,picorv32a
sky130_fd_sc_hd__mux2_1,_05885_,picorv32a
sky130_fd_sc_hd__mux2_1,_05886_,picorv32a
sky130_fd_sc_hd__a211o_2,_05887_,picorv32a
sky130_fd_sc_hd__mux2_1,_05888_,picorv32a
sky130_fd_sc_hd__mux2_1,_05889_,picorv32a
sky130_fd_sc_hd__or2_2,_05890_,picorv32a
sky130_fd_sc_hd__o211a_2,_05891_,picorv32a
sky130_fd_sc_hd__mux2_1,_05892_,picorv32a
sky130_fd_sc_hd__mux2_1,_05893_,picorv32a
sky130_fd_sc_hd__mux2_1,_05894_,picorv32a
sky130_fd_sc_hd__a211o_2,_05895_,picorv32a
sky130_fd_sc_hd__a21oi_2,_05896_,picorv32a
sky130_fd_sc_hd__or2_2,_05897_,picorv32a
sky130_fd_sc_hd__o211a_2,_05898_,picorv32a
sky130_fd_sc_hd__mux2_1,_05899_,picorv32a
sky130_fd_sc_hd__a21oi_2,_05900_,picorv32a
sky130_fd_sc_hd__a211o_2,_05901_,picorv32a
sky130_fd_sc_hd__inv_2,_05902_,picorv32a
sky130_fd_sc_hd__nor2_2,_05903_,picorv32a
sky130_fd_sc_hd__a221o_2,_05904_,picorv32a
sky130_fd_sc_hd__a22o_2,_05905_,picorv32a
sky130_fd_sc_hd__a21o_2,_05906_,picorv32a
sky130_fd_sc_hd__a211o_2,_05907_,picorv32a
sky130_fd_sc_hd__o211a_2,_05908_,picorv32a
sky130_fd_sc_hd__and2_2,_05909_,picorv32a
sky130_fd_sc_hd__o21a_2,_05910_,picorv32a
sky130_fd_sc_hd__o221a_2,_05911_,picorv32a
sky130_fd_sc_hd__o21a_2,_05912_,picorv32a
sky130_fd_sc_hd__a211oi_2,_05913_,picorv32a
sky130_fd_sc_hd__o21ai_2,_05914_,picorv32a
sky130_fd_sc_hd__o22a_2,_05915_,picorv32a
sky130_fd_sc_hd__nor2_2,_05916_,picorv32a
sky130_fd_sc_hd__nand2_2,_05917_,picorv32a
sky130_fd_sc_hd__and2b_2,_05918_,picorv32a
sky130_fd_sc_hd__o21ai_2,_05919_,picorv32a
sky130_fd_sc_hd__o31a_2,_05920_,picorv32a
sky130_fd_sc_hd__mux2_1,_05921_,picorv32a
sky130_fd_sc_hd__or2_2,_05922_,picorv32a
sky130_fd_sc_hd__mux2_1,_05923_,picorv32a
sky130_fd_sc_hd__o211a_2,_05924_,picorv32a
sky130_fd_sc_hd__mux2_1,_05925_,picorv32a
sky130_fd_sc_hd__mux2_1,_05926_,picorv32a
sky130_fd_sc_hd__mux2_1,_05927_,picorv32a
sky130_fd_sc_hd__a211o_2,_05928_,picorv32a
sky130_fd_sc_hd__mux2_1,_05929_,picorv32a
sky130_fd_sc_hd__mux2_1,_05930_,picorv32a
sky130_fd_sc_hd__or2_2,_05931_,picorv32a
sky130_fd_sc_hd__o211a_2,_05932_,picorv32a
sky130_fd_sc_hd__mux2_1,_05933_,picorv32a
sky130_fd_sc_hd__mux2_1,_05934_,picorv32a
sky130_fd_sc_hd__mux2_1,_05935_,picorv32a
sky130_fd_sc_hd__a211o_2,_05936_,picorv32a
sky130_fd_sc_hd__a21oi_2,_05937_,picorv32a
sky130_fd_sc_hd__or2_2,_05938_,picorv32a
sky130_fd_sc_hd__o211a_2,_05939_,picorv32a
sky130_fd_sc_hd__mux2_1,_05940_,picorv32a
sky130_fd_sc_hd__a21oi_2,_05941_,picorv32a
sky130_fd_sc_hd__a211o_2,_05942_,picorv32a
sky130_fd_sc_hd__inv_2,_05943_,picorv32a
sky130_fd_sc_hd__nor2_2,_05944_,picorv32a
sky130_fd_sc_hd__a221o_2,_05945_,picorv32a
sky130_fd_sc_hd__a22o_2,_05946_,picorv32a
sky130_fd_sc_hd__a21o_2,_05947_,picorv32a
sky130_fd_sc_hd__a211o_2,_05948_,picorv32a
sky130_fd_sc_hd__o211a_2,_05949_,picorv32a
sky130_fd_sc_hd__o221a_2,_05950_,picorv32a
sky130_fd_sc_hd__or2_2,_05951_,picorv32a
sky130_fd_sc_hd__a22o_2,_05952_,picorv32a
sky130_fd_sc_hd__a211o_2,_05953_,picorv32a
sky130_fd_sc_hd__o22a_2,_05954_,picorv32a
sky130_fd_sc_hd__or2_2,_05955_,picorv32a
sky130_fd_sc_hd__nand2_2,_05956_,picorv32a
sky130_fd_sc_hd__nand2_2,_05957_,picorv32a
sky130_fd_sc_hd__a21o_2,_05958_,picorv32a
sky130_fd_sc_hd__a31o_2,_05959_,picorv32a
sky130_fd_sc_hd__and2b_2,_05960_,picorv32a
sky130_fd_sc_hd__mux2_1,_05961_,picorv32a
sky130_fd_sc_hd__or2_2,_05962_,picorv32a
sky130_fd_sc_hd__mux2_1,_05963_,picorv32a
sky130_fd_sc_hd__o211a_2,_05964_,picorv32a
sky130_fd_sc_hd__mux2_1,_05965_,picorv32a
sky130_fd_sc_hd__mux2_1,_05966_,picorv32a
sky130_fd_sc_hd__mux2_1,_05967_,picorv32a
sky130_fd_sc_hd__a211o_2,_05968_,picorv32a
sky130_fd_sc_hd__mux2_1,_05969_,picorv32a
sky130_fd_sc_hd__mux2_1,_05970_,picorv32a
sky130_fd_sc_hd__mux2_1,_05971_,picorv32a
sky130_fd_sc_hd__mux2_1,_05972_,picorv32a
sky130_fd_sc_hd__or2_2,_05973_,picorv32a
sky130_fd_sc_hd__mux2_1,_05974_,picorv32a
sky130_fd_sc_hd__o211a_2,_05975_,picorv32a
sky130_fd_sc_hd__a211o_2,_05976_,picorv32a
sky130_fd_sc_hd__a21oi_2,_05977_,picorv32a
sky130_fd_sc_hd__or2_2,_05978_,picorv32a
sky130_fd_sc_hd__o211a_2,_05979_,picorv32a
sky130_fd_sc_hd__mux2_1,_05980_,picorv32a
sky130_fd_sc_hd__a21oi_2,_05981_,picorv32a
sky130_fd_sc_hd__a211o_2,_05982_,picorv32a
sky130_fd_sc_hd__inv_2,_05983_,picorv32a
sky130_fd_sc_hd__nor2_2,_05984_,picorv32a
sky130_fd_sc_hd__a221o_2,_05985_,picorv32a
sky130_fd_sc_hd__a22o_2,_05986_,picorv32a
sky130_fd_sc_hd__a21o_2,_05987_,picorv32a
sky130_fd_sc_hd__a211o_2,_05988_,picorv32a
sky130_fd_sc_hd__o211a_2,_05989_,picorv32a
sky130_fd_sc_hd__o221a_2,_05990_,picorv32a
sky130_fd_sc_hd__o21a_2,_05991_,picorv32a
sky130_fd_sc_hd__a211o_2,_05992_,picorv32a
sky130_fd_sc_hd__o32a_2,_05993_,picorv32a
sky130_fd_sc_hd__or2_2,_05994_,picorv32a
sky130_fd_sc_hd__nand2_2,_05995_,picorv32a
sky130_fd_sc_hd__nand2_2,_05996_,picorv32a
sky130_fd_sc_hd__a21o_2,_05997_,picorv32a
sky130_fd_sc_hd__nand3_2,_05998_,picorv32a
sky130_fd_sc_hd__mux2_1,_05999_,picorv32a
sky130_fd_sc_hd__or2_2,_06000_,picorv32a
sky130_fd_sc_hd__mux2_1,_06001_,picorv32a
sky130_fd_sc_hd__o21a_2,_06002_,picorv32a
sky130_fd_sc_hd__mux2_1,_06003_,picorv32a
sky130_fd_sc_hd__mux2_1,_06004_,picorv32a
sky130_fd_sc_hd__mux2_1,_06005_,picorv32a
sky130_fd_sc_hd__a221o_2,_06006_,picorv32a
sky130_fd_sc_hd__mux2_1,_06007_,picorv32a
sky130_fd_sc_hd__mux2_1,_06008_,picorv32a
sky130_fd_sc_hd__mux2_1,_06009_,picorv32a
sky130_fd_sc_hd__mux2_1,_06010_,picorv32a
sky130_fd_sc_hd__or2_2,_06011_,picorv32a
sky130_fd_sc_hd__mux2_1,_06012_,picorv32a
sky130_fd_sc_hd__o211a_2,_06013_,picorv32a
sky130_fd_sc_hd__a211o_2,_06014_,picorv32a
sky130_fd_sc_hd__a21oi_2,_06015_,picorv32a
sky130_fd_sc_hd__or2_2,_06016_,picorv32a
sky130_fd_sc_hd__o211a_2,_06017_,picorv32a
sky130_fd_sc_hd__mux2_1,_06018_,picorv32a
sky130_fd_sc_hd__a21oi_2,_06019_,picorv32a
sky130_fd_sc_hd__a211o_2,_06020_,picorv32a
sky130_fd_sc_hd__inv_2,_06021_,picorv32a
sky130_fd_sc_hd__nor2_2,_06022_,picorv32a
sky130_fd_sc_hd__a221o_2,_06023_,picorv32a
sky130_fd_sc_hd__a22o_2,_06024_,picorv32a
sky130_fd_sc_hd__a21o_2,_06025_,picorv32a
sky130_fd_sc_hd__a211o_2,_06026_,picorv32a
sky130_fd_sc_hd__o211a_2,_06027_,picorv32a
sky130_fd_sc_hd__o221a_2,_06028_,picorv32a
sky130_fd_sc_hd__o21a_2,_06029_,picorv32a
sky130_fd_sc_hd__a211o_2,_06030_,picorv32a
sky130_fd_sc_hd__a31o_2,_06031_,picorv32a
sky130_fd_sc_hd__o22a_2,_06032_,picorv32a
sky130_fd_sc_hd__nor2_2,_06033_,picorv32a
sky130_fd_sc_hd__o21ai_2,_06034_,picorv32a
sky130_fd_sc_hd__and3_2,_06035_,picorv32a
sky130_fd_sc_hd__a221o_2,_06036_,picorv32a
sky130_fd_sc_hd__a31o_2,_06037_,picorv32a
sky130_fd_sc_hd__or2_2,_06038_,picorv32a
sky130_fd_sc_hd__nand2_2,_06039_,picorv32a
sky130_fd_sc_hd__and2_2,_06040_,picorv32a
sky130_fd_sc_hd__or2_2,_06041_,picorv32a
sky130_fd_sc_hd__nand2_2,_06042_,picorv32a
sky130_fd_sc_hd__and3_2,_06043_,picorv32a
sky130_fd_sc_hd__mux2_1,_06044_,picorv32a
sky130_fd_sc_hd__mux2_1,_06045_,picorv32a
sky130_fd_sc_hd__mux2_1,_06046_,picorv32a
sky130_fd_sc_hd__mux2_1,_06047_,picorv32a
sky130_fd_sc_hd__mux2_1,_06048_,picorv32a
sky130_fd_sc_hd__or2_2,_06049_,picorv32a
sky130_fd_sc_hd__o211a_2,_06050_,picorv32a
sky130_fd_sc_hd__a211o_2,_06051_,picorv32a
sky130_fd_sc_hd__mux2_1,_06052_,picorv32a
sky130_fd_sc_hd__or2_2,_06053_,picorv32a
sky130_fd_sc_hd__mux2_1,_06054_,picorv32a
sky130_fd_sc_hd__o21a_2,_06055_,picorv32a
sky130_fd_sc_hd__mux2_1,_06056_,picorv32a
sky130_fd_sc_hd__mux2_1,_06057_,picorv32a
sky130_fd_sc_hd__mux2_1,_06058_,picorv32a
sky130_fd_sc_hd__a221o_2,_06059_,picorv32a
sky130_fd_sc_hd__a21oi_2,_06060_,picorv32a
sky130_fd_sc_hd__or2_2,_06061_,picorv32a
sky130_fd_sc_hd__o211a_2,_06062_,picorv32a
sky130_fd_sc_hd__mux2_1,_06063_,picorv32a
sky130_fd_sc_hd__a21oi_2,_06064_,picorv32a
sky130_fd_sc_hd__a211o_2,_06065_,picorv32a
sky130_fd_sc_hd__inv_2,_06066_,picorv32a
sky130_fd_sc_hd__nor2_2,_06067_,picorv32a
sky130_fd_sc_hd__a221o_2,_06068_,picorv32a
sky130_fd_sc_hd__a22o_2,_06069_,picorv32a
sky130_fd_sc_hd__a21o_2,_06070_,picorv32a
sky130_fd_sc_hd__a211o_2,_06071_,picorv32a
sky130_fd_sc_hd__o211a_2,_06072_,picorv32a
sky130_fd_sc_hd__o221a_2,_06073_,picorv32a
sky130_fd_sc_hd__o21a_2,_06074_,picorv32a
sky130_fd_sc_hd__a211o_2,_06075_,picorv32a
sky130_fd_sc_hd__o32a_2,_06076_,picorv32a
sky130_fd_sc_hd__nor2_2,_06077_,picorv32a
sky130_fd_sc_hd__nand2_2,_06078_,picorv32a
sky130_fd_sc_hd__nand2b_2,_06079_,picorv32a
sky130_fd_sc_hd__nand3_2,_06080_,picorv32a
sky130_fd_sc_hd__a21o_2,_06081_,picorv32a
sky130_fd_sc_hd__mux2_1,_06082_,picorv32a
sky130_fd_sc_hd__or2_2,_06083_,picorv32a
sky130_fd_sc_hd__mux2_1,_06084_,picorv32a
sky130_fd_sc_hd__o211a_2,_06085_,picorv32a
sky130_fd_sc_hd__mux2_1,_06086_,picorv32a
sky130_fd_sc_hd__mux2_1,_06087_,picorv32a
sky130_fd_sc_hd__mux2_1,_06088_,picorv32a
sky130_fd_sc_hd__a211o_2,_06089_,picorv32a
sky130_fd_sc_hd__mux2_1,_06090_,picorv32a
sky130_fd_sc_hd__mux2_1,_06091_,picorv32a
sky130_fd_sc_hd__mux2_1,_06092_,picorv32a
sky130_fd_sc_hd__mux2_1,_06093_,picorv32a
sky130_fd_sc_hd__or2_2,_06094_,picorv32a
sky130_fd_sc_hd__mux2_1,_06095_,picorv32a
sky130_fd_sc_hd__o211a_2,_06096_,picorv32a
sky130_fd_sc_hd__a211o_2,_06097_,picorv32a
sky130_fd_sc_hd__a21oi_2,_06098_,picorv32a
sky130_fd_sc_hd__or2_2,_06099_,picorv32a
sky130_fd_sc_hd__o211a_2,_06100_,picorv32a
sky130_fd_sc_hd__mux2_1,_06101_,picorv32a
sky130_fd_sc_hd__a21oi_2,_06102_,picorv32a
sky130_fd_sc_hd__a211o_2,_06103_,picorv32a
sky130_fd_sc_hd__inv_2,_06104_,picorv32a
sky130_fd_sc_hd__nor2_2,_06105_,picorv32a
sky130_fd_sc_hd__a221o_2,_06106_,picorv32a
sky130_fd_sc_hd__a22o_2,_06107_,picorv32a
sky130_fd_sc_hd__a21o_2,_06108_,picorv32a
sky130_fd_sc_hd__a211o_2,_06109_,picorv32a
sky130_fd_sc_hd__o211a_2,_06110_,picorv32a
sky130_fd_sc_hd__o221a_2,_06111_,picorv32a
sky130_fd_sc_hd__o21a_2,_06112_,picorv32a
sky130_fd_sc_hd__a211o_2,_06113_,picorv32a
sky130_fd_sc_hd__a31o_2,_06114_,picorv32a
sky130_fd_sc_hd__o22a_2,_06115_,picorv32a
sky130_fd_sc_hd__or2_2,_06116_,picorv32a
sky130_fd_sc_hd__nand2_2,_06117_,picorv32a
sky130_fd_sc_hd__nand2_2,_06118_,picorv32a
sky130_fd_sc_hd__nand3_2,_06119_,picorv32a
sky130_fd_sc_hd__a21o_2,_06120_,picorv32a
sky130_fd_sc_hd__mux2_1,_06121_,picorv32a
sky130_fd_sc_hd__or2_2,_06122_,picorv32a
sky130_fd_sc_hd__mux2_1,_06123_,picorv32a
sky130_fd_sc_hd__o211a_2,_06124_,picorv32a
sky130_fd_sc_hd__mux2_1,_06125_,picorv32a
sky130_fd_sc_hd__mux2_1,_06126_,picorv32a
sky130_fd_sc_hd__mux2_1,_06127_,picorv32a
sky130_fd_sc_hd__a211o_2,_06128_,picorv32a
sky130_fd_sc_hd__mux2_1,_06129_,picorv32a
sky130_fd_sc_hd__or2_2,_06130_,picorv32a
sky130_fd_sc_hd__mux2_1,_06131_,picorv32a
sky130_fd_sc_hd__o211a_2,_06132_,picorv32a
sky130_fd_sc_hd__mux2_1,_06133_,picorv32a
sky130_fd_sc_hd__mux2_1,_06134_,picorv32a
sky130_fd_sc_hd__mux2_1,_06135_,picorv32a
sky130_fd_sc_hd__a211o_2,_06136_,picorv32a
sky130_fd_sc_hd__a21oi_2,_06137_,picorv32a
sky130_fd_sc_hd__or2_2,_06138_,picorv32a
sky130_fd_sc_hd__o211a_2,_06139_,picorv32a
sky130_fd_sc_hd__mux2_1,_06140_,picorv32a
sky130_fd_sc_hd__a21oi_2,_06141_,picorv32a
sky130_fd_sc_hd__a211o_2,_06142_,picorv32a
sky130_fd_sc_hd__inv_2,_06143_,picorv32a
sky130_fd_sc_hd__nor2_2,_06144_,picorv32a
sky130_fd_sc_hd__a221o_2,_06145_,picorv32a
sky130_fd_sc_hd__a22o_2,_06146_,picorv32a
sky130_fd_sc_hd__a21o_2,_06147_,picorv32a
sky130_fd_sc_hd__a211o_2,_06148_,picorv32a
sky130_fd_sc_hd__o211a_2,_06149_,picorv32a
sky130_fd_sc_hd__o221a_2,_06150_,picorv32a
sky130_fd_sc_hd__o21a_2,_06151_,picorv32a
sky130_fd_sc_hd__a211o_2,_06152_,picorv32a
sky130_fd_sc_hd__a31o_2,_06153_,picorv32a
sky130_fd_sc_hd__o22a_2,_06154_,picorv32a
sky130_fd_sc_hd__or2_2,_06155_,picorv32a
sky130_fd_sc_hd__nand2_2,_06156_,picorv32a
sky130_fd_sc_hd__nand2_2,_06157_,picorv32a
sky130_fd_sc_hd__a21o_2,_06158_,picorv32a
sky130_fd_sc_hd__a31oi_2,_06159_,picorv32a
sky130_fd_sc_hd__mux2_1,_06160_,picorv32a
sky130_fd_sc_hd__or2_2,_06161_,picorv32a
sky130_fd_sc_hd__mux2_1,_06162_,picorv32a
sky130_fd_sc_hd__o211a_2,_06163_,picorv32a
sky130_fd_sc_hd__mux2_1,_06164_,picorv32a
sky130_fd_sc_hd__mux2_1,_06165_,picorv32a
sky130_fd_sc_hd__mux2_1,_06166_,picorv32a
sky130_fd_sc_hd__a211o_2,_06167_,picorv32a
sky130_fd_sc_hd__mux2_1,_06168_,picorv32a
sky130_fd_sc_hd__mux2_1,_06169_,picorv32a
sky130_fd_sc_hd__or2_2,_06170_,picorv32a
sky130_fd_sc_hd__o211a_2,_06171_,picorv32a
sky130_fd_sc_hd__mux2_1,_06172_,picorv32a
sky130_fd_sc_hd__mux2_1,_06173_,picorv32a
sky130_fd_sc_hd__mux2_1,_06174_,picorv32a
sky130_fd_sc_hd__a211o_2,_06175_,picorv32a
sky130_fd_sc_hd__a21oi_2,_06176_,picorv32a
sky130_fd_sc_hd__or2_2,_06177_,picorv32a
sky130_fd_sc_hd__o211a_2,_06178_,picorv32a
sky130_fd_sc_hd__mux2_1,_06179_,picorv32a
sky130_fd_sc_hd__a21oi_2,_06180_,picorv32a
sky130_fd_sc_hd__a211o_2,_06181_,picorv32a
sky130_fd_sc_hd__inv_2,_06182_,picorv32a
sky130_fd_sc_hd__nor2_2,_06183_,picorv32a
sky130_fd_sc_hd__a221o_2,_06184_,picorv32a
sky130_fd_sc_hd__a22o_2,_06185_,picorv32a
sky130_fd_sc_hd__a221o_2,_06186_,picorv32a
sky130_fd_sc_hd__o221a_2,_06187_,picorv32a
sky130_fd_sc_hd__nor2_2,_06188_,picorv32a
sky130_fd_sc_hd__a21o_2,_06189_,picorv32a
sky130_fd_sc_hd__o21a_2,_06190_,picorv32a
sky130_fd_sc_hd__a211o_2,_06191_,picorv32a
sky130_fd_sc_hd__nand2_2,_06192_,picorv32a
sky130_fd_sc_hd__o311a_2,_06193_,picorv32a
sky130_fd_sc_hd__a211o_2,_06194_,picorv32a
sky130_fd_sc_hd__a211o_2,_06195_,picorv32a
sky130_fd_sc_hd__o21a_2,_06196_,picorv32a
sky130_fd_sc_hd__nor2_2,_06197_,picorv32a
sky130_fd_sc_hd__inv_2,_06198_,picorv32a
sky130_fd_sc_hd__o21ai_2,_06199_,picorv32a
sky130_fd_sc_hd__and3_2,_06200_,picorv32a
sky130_fd_sc_hd__a221oi_2,_06201_,picorv32a
sky130_fd_sc_hd__o31ai_2,_06202_,picorv32a
sky130_fd_sc_hd__or2_2,_06203_,picorv32a
sky130_fd_sc_hd__nand2_2,_06204_,picorv32a
sky130_fd_sc_hd__and2_2,_06205_,picorv32a
sky130_fd_sc_hd__or2_2,_06206_,picorv32a
sky130_fd_sc_hd__nand2_2,_06207_,picorv32a
sky130_fd_sc_hd__and3_2,_06208_,picorv32a
sky130_fd_sc_hd__mux2_1,_06209_,picorv32a
sky130_fd_sc_hd__or2_2,_06210_,picorv32a
sky130_fd_sc_hd__mux2_1,_06211_,picorv32a
sky130_fd_sc_hd__o211a_2,_06212_,picorv32a
sky130_fd_sc_hd__mux2_1,_06213_,picorv32a
sky130_fd_sc_hd__mux2_1,_06214_,picorv32a
sky130_fd_sc_hd__mux2_1,_06215_,picorv32a
sky130_fd_sc_hd__a211o_2,_06216_,picorv32a
sky130_fd_sc_hd__mux2_1,_06217_,picorv32a
sky130_fd_sc_hd__or2_2,_06218_,picorv32a
sky130_fd_sc_hd__mux2_1,_06219_,picorv32a
sky130_fd_sc_hd__o211a_2,_06220_,picorv32a
sky130_fd_sc_hd__mux2_1,_06221_,picorv32a
sky130_fd_sc_hd__mux2_1,_06222_,picorv32a
sky130_fd_sc_hd__mux2_1,_06223_,picorv32a
sky130_fd_sc_hd__a211o_2,_06224_,picorv32a
sky130_fd_sc_hd__a21oi_2,_06225_,picorv32a
sky130_fd_sc_hd__or2_2,_06226_,picorv32a
sky130_fd_sc_hd__o211a_2,_06227_,picorv32a
sky130_fd_sc_hd__mux2_1,_06228_,picorv32a
sky130_fd_sc_hd__a21oi_2,_06229_,picorv32a
sky130_fd_sc_hd__a211o_2,_06230_,picorv32a
sky130_fd_sc_hd__inv_2,_06231_,picorv32a
sky130_fd_sc_hd__nor2_2,_06232_,picorv32a
sky130_fd_sc_hd__a221o_2,_06233_,picorv32a
sky130_fd_sc_hd__a22o_2,_06234_,picorv32a
sky130_fd_sc_hd__a221o_2,_06235_,picorv32a
sky130_fd_sc_hd__o221a_2,_06236_,picorv32a
sky130_fd_sc_hd__nand2_2,_06237_,picorv32a
sky130_fd_sc_hd__a21oi_2,_06238_,picorv32a
sky130_fd_sc_hd__a211o_2,_06239_,picorv32a
sky130_fd_sc_hd__o32a_2,_06240_,picorv32a
sky130_fd_sc_hd__nor2_2,_06241_,picorv32a
sky130_fd_sc_hd__nand2_2,_06242_,picorv32a
sky130_fd_sc_hd__nand2b_2,_06243_,picorv32a
sky130_fd_sc_hd__a21o_2,_06244_,picorv32a
sky130_fd_sc_hd__nand3_2,_06245_,picorv32a
sky130_fd_sc_hd__mux2_1,_06246_,picorv32a
sky130_fd_sc_hd__or2_2,_06247_,picorv32a
sky130_fd_sc_hd__mux2_1,_06248_,picorv32a
sky130_fd_sc_hd__o21a_2,_06249_,picorv32a
sky130_fd_sc_hd__mux2_1,_06250_,picorv32a
sky130_fd_sc_hd__mux2_1,_06251_,picorv32a
sky130_fd_sc_hd__mux2_1,_06252_,picorv32a
sky130_fd_sc_hd__a221o_2,_06253_,picorv32a
sky130_fd_sc_hd__mux2_1,_06254_,picorv32a
sky130_fd_sc_hd__mux2_1,_06255_,picorv32a
sky130_fd_sc_hd__mux2_1,_06256_,picorv32a
sky130_fd_sc_hd__mux2_1,_06257_,picorv32a
sky130_fd_sc_hd__mux2_1,_06258_,picorv32a
sky130_fd_sc_hd__or2_2,_06259_,picorv32a
sky130_fd_sc_hd__o211a_2,_06260_,picorv32a
sky130_fd_sc_hd__a211o_2,_06261_,picorv32a
sky130_fd_sc_hd__a21oi_2,_06262_,picorv32a
sky130_fd_sc_hd__or2_2,_06263_,picorv32a
sky130_fd_sc_hd__o211a_2,_06264_,picorv32a
sky130_fd_sc_hd__mux2_1,_06265_,picorv32a
sky130_fd_sc_hd__a21oi_2,_06266_,picorv32a
sky130_fd_sc_hd__a211o_2,_06267_,picorv32a
sky130_fd_sc_hd__inv_2,_06268_,picorv32a
sky130_fd_sc_hd__nor2_2,_06269_,picorv32a
sky130_fd_sc_hd__a221o_2,_06270_,picorv32a
sky130_fd_sc_hd__a22o_2,_06271_,picorv32a
sky130_fd_sc_hd__a221o_2,_06272_,picorv32a
sky130_fd_sc_hd__o221a_2,_06273_,picorv32a
sky130_fd_sc_hd__nand2_2,_06274_,picorv32a
sky130_fd_sc_hd__a21oi_2,_06275_,picorv32a
sky130_fd_sc_hd__a2111o_2,_06276_,picorv32a
sky130_fd_sc_hd__a31o_2,_06277_,picorv32a
sky130_fd_sc_hd__o21a_2,_06278_,picorv32a
sky130_fd_sc_hd__or2_2,_06279_,picorv32a
sky130_fd_sc_hd__nand2_2,_06280_,picorv32a
sky130_fd_sc_hd__nand2_2,_06281_,picorv32a
sky130_fd_sc_hd__a21o_2,_06282_,picorv32a
sky130_fd_sc_hd__nand3_2,_06283_,picorv32a
sky130_fd_sc_hd__mux2_1,_06284_,picorv32a
sky130_fd_sc_hd__or2_2,_06285_,picorv32a
sky130_fd_sc_hd__mux2_1,_06286_,picorv32a
sky130_fd_sc_hd__o211a_2,_06287_,picorv32a
sky130_fd_sc_hd__mux2_1,_06288_,picorv32a
sky130_fd_sc_hd__mux2_1,_06289_,picorv32a
sky130_fd_sc_hd__mux2_1,_06290_,picorv32a
sky130_fd_sc_hd__a211o_2,_06291_,picorv32a
sky130_fd_sc_hd__mux2_1,_06292_,picorv32a
sky130_fd_sc_hd__mux2_1,_06293_,picorv32a
sky130_fd_sc_hd__mux2_1,_06294_,picorv32a
sky130_fd_sc_hd__mux2_1,_06295_,picorv32a
sky130_fd_sc_hd__or2_2,_06296_,picorv32a
sky130_fd_sc_hd__mux2_1,_06297_,picorv32a
sky130_fd_sc_hd__o211a_2,_06298_,picorv32a
sky130_fd_sc_hd__a211o_2,_06299_,picorv32a
sky130_fd_sc_hd__a21oi_2,_06300_,picorv32a
sky130_fd_sc_hd__or2_2,_06301_,picorv32a
sky130_fd_sc_hd__o211a_2,_06302_,picorv32a
sky130_fd_sc_hd__mux2_1,_06303_,picorv32a
sky130_fd_sc_hd__a21oi_2,_06304_,picorv32a
sky130_fd_sc_hd__a211o_2,_06305_,picorv32a
sky130_fd_sc_hd__inv_2,_06306_,picorv32a
sky130_fd_sc_hd__nor2_2,_06307_,picorv32a
sky130_fd_sc_hd__a221o_2,_06308_,picorv32a
sky130_fd_sc_hd__a22o_2,_06309_,picorv32a
sky130_fd_sc_hd__a221o_2,_06310_,picorv32a
sky130_fd_sc_hd__o221a_2,_06311_,picorv32a
sky130_fd_sc_hd__nand2_2,_06312_,picorv32a
sky130_fd_sc_hd__a21oi_2,_06313_,picorv32a
sky130_fd_sc_hd__a211o_2,_06314_,picorv32a
sky130_fd_sc_hd__a31o_2,_06315_,picorv32a
sky130_fd_sc_hd__o22a_2,_06316_,picorv32a
sky130_fd_sc_hd__or2_2,_06317_,picorv32a
sky130_fd_sc_hd__nand2_2,_06318_,picorv32a
sky130_fd_sc_hd__nand2_2,_06319_,picorv32a
sky130_fd_sc_hd__nand2_2,_06320_,picorv32a
sky130_fd_sc_hd__xnor2_2,_06321_,picorv32a
sky130_fd_sc_hd__mux2_1,_06322_,picorv32a
sky130_fd_sc_hd__or2_2,_06323_,picorv32a
sky130_fd_sc_hd__mux2_1,_06324_,picorv32a
sky130_fd_sc_hd__o211a_2,_06325_,picorv32a
sky130_fd_sc_hd__mux2_1,_06326_,picorv32a
sky130_fd_sc_hd__mux2_1,_06327_,picorv32a
sky130_fd_sc_hd__mux2_1,_06328_,picorv32a
sky130_fd_sc_hd__a211o_2,_06329_,picorv32a
sky130_fd_sc_hd__mux2_1,_06330_,picorv32a
sky130_fd_sc_hd__or2_2,_06331_,picorv32a
sky130_fd_sc_hd__mux2_1,_06332_,picorv32a
sky130_fd_sc_hd__o211a_2,_06333_,picorv32a
sky130_fd_sc_hd__mux2_1,_06334_,picorv32a
sky130_fd_sc_hd__mux2_1,_06335_,picorv32a
sky130_fd_sc_hd__mux2_1,_06336_,picorv32a
sky130_fd_sc_hd__a211o_2,_06337_,picorv32a
sky130_fd_sc_hd__a21oi_2,_06338_,picorv32a
sky130_fd_sc_hd__or2_2,_06339_,picorv32a
sky130_fd_sc_hd__o211a_2,_06340_,picorv32a
sky130_fd_sc_hd__mux2_1,_06341_,picorv32a
sky130_fd_sc_hd__a21oi_2,_06342_,picorv32a
sky130_fd_sc_hd__a211o_2,_06343_,picorv32a
sky130_fd_sc_hd__inv_2,_06344_,picorv32a
sky130_fd_sc_hd__nor2_2,_06345_,picorv32a
sky130_fd_sc_hd__a221o_2,_06346_,picorv32a
sky130_fd_sc_hd__a22o_2,_06347_,picorv32a
sky130_fd_sc_hd__a221o_2,_06348_,picorv32a
sky130_fd_sc_hd__o221a_2,_06349_,picorv32a
sky130_fd_sc_hd__a21bo_2,_06350_,picorv32a
sky130_fd_sc_hd__a32o_2,_06351_,picorv32a
sky130_fd_sc_hd__a211o_2,_06352_,picorv32a
sky130_fd_sc_hd__o22a_2,_06353_,picorv32a
sky130_fd_sc_hd__nor2_2,_06354_,picorv32a
sky130_fd_sc_hd__inv_2,_06355_,picorv32a
sky130_fd_sc_hd__o21ai_2,_06356_,picorv32a
sky130_fd_sc_hd__and3_2,_06357_,picorv32a
sky130_fd_sc_hd__a221oi_2,_06358_,picorv32a
sky130_fd_sc_hd__o31ai_2,_06359_,picorv32a
sky130_fd_sc_hd__or2_2,_06360_,picorv32a
sky130_fd_sc_hd__nand2_2,_06361_,picorv32a
sky130_fd_sc_hd__and2_2,_06362_,picorv32a
sky130_fd_sc_hd__nand2_2,_06363_,picorv32a
sky130_fd_sc_hd__or2_2,_06364_,picorv32a
sky130_fd_sc_hd__mux2_1,_06365_,picorv32a
sky130_fd_sc_hd__or2_2,_06366_,picorv32a
sky130_fd_sc_hd__mux2_1,_06367_,picorv32a
sky130_fd_sc_hd__o21a_2,_06368_,picorv32a
sky130_fd_sc_hd__mux2_1,_06369_,picorv32a
sky130_fd_sc_hd__mux2_1,_06370_,picorv32a
sky130_fd_sc_hd__mux2_1,_06371_,picorv32a
sky130_fd_sc_hd__a221o_2,_06372_,picorv32a
sky130_fd_sc_hd__mux2_1,_06373_,picorv32a
sky130_fd_sc_hd__mux2_1,_06374_,picorv32a
sky130_fd_sc_hd__mux2_1,_06375_,picorv32a
sky130_fd_sc_hd__mux2_1,_06376_,picorv32a
sky130_fd_sc_hd__or2_2,_06377_,picorv32a
sky130_fd_sc_hd__mux2_1,_06378_,picorv32a
sky130_fd_sc_hd__o211a_2,_06379_,picorv32a
sky130_fd_sc_hd__a211o_2,_06380_,picorv32a
sky130_fd_sc_hd__a21oi_2,_06381_,picorv32a
sky130_fd_sc_hd__or2_2,_06382_,picorv32a
sky130_fd_sc_hd__o211a_2,_06383_,picorv32a
sky130_fd_sc_hd__mux2_1,_06384_,picorv32a
sky130_fd_sc_hd__a21oi_2,_06385_,picorv32a
sky130_fd_sc_hd__a211o_2,_06386_,picorv32a
sky130_fd_sc_hd__inv_2,_06387_,picorv32a
sky130_fd_sc_hd__nor2_2,_06388_,picorv32a
sky130_fd_sc_hd__a221o_2,_06389_,picorv32a
sky130_fd_sc_hd__a22o_2,_06390_,picorv32a
sky130_fd_sc_hd__a221o_2,_06391_,picorv32a
sky130_fd_sc_hd__o221a_2,_06392_,picorv32a
sky130_fd_sc_hd__nand2_2,_06393_,picorv32a
sky130_fd_sc_hd__a21oi_2,_06394_,picorv32a
sky130_fd_sc_hd__a2111o_2,_06395_,picorv32a
sky130_fd_sc_hd__a31o_2,_06396_,picorv32a
sky130_fd_sc_hd__o21a_2,_06397_,picorv32a
sky130_fd_sc_hd__nor2_2,_06398_,picorv32a
sky130_fd_sc_hd__nand2_2,_06399_,picorv32a
sky130_fd_sc_hd__nand2b_2,_06400_,picorv32a
sky130_fd_sc_hd__a21o_2,_06401_,picorv32a
sky130_fd_sc_hd__nand3_2,_06402_,picorv32a
sky130_fd_sc_hd__mux2_1,_06403_,picorv32a
sky130_fd_sc_hd__mux2_1,_06404_,picorv32a
sky130_fd_sc_hd__mux2_1,_06405_,picorv32a
sky130_fd_sc_hd__mux2_1,_06406_,picorv32a
sky130_fd_sc_hd__or2_2,_06407_,picorv32a
sky130_fd_sc_hd__mux2_1,_06408_,picorv32a
sky130_fd_sc_hd__o211a_2,_06409_,picorv32a
sky130_fd_sc_hd__a211o_2,_06410_,picorv32a
sky130_fd_sc_hd__mux2_1,_06411_,picorv32a
sky130_fd_sc_hd__mux2_1,_06412_,picorv32a
sky130_fd_sc_hd__or2_2,_06413_,picorv32a
sky130_fd_sc_hd__o21a_2,_06414_,picorv32a
sky130_fd_sc_hd__mux2_1,_06415_,picorv32a
sky130_fd_sc_hd__mux2_1,_06416_,picorv32a
sky130_fd_sc_hd__mux2_1,_06417_,picorv32a
sky130_fd_sc_hd__a221o_2,_06418_,picorv32a
sky130_fd_sc_hd__a21oi_2,_06419_,picorv32a
sky130_fd_sc_hd__or2_2,_06420_,picorv32a
sky130_fd_sc_hd__o211a_2,_06421_,picorv32a
sky130_fd_sc_hd__mux2_1,_06422_,picorv32a
sky130_fd_sc_hd__a21oi_2,_06423_,picorv32a
sky130_fd_sc_hd__a211o_2,_06424_,picorv32a
sky130_fd_sc_hd__inv_2,_06425_,picorv32a
sky130_fd_sc_hd__nor2_2,_06426_,picorv32a
sky130_fd_sc_hd__a221o_2,_06427_,picorv32a
sky130_fd_sc_hd__a22o_2,_06428_,picorv32a
sky130_fd_sc_hd__a221o_2,_06429_,picorv32a
sky130_fd_sc_hd__o221a_2,_06430_,picorv32a
sky130_fd_sc_hd__nand2_2,_06431_,picorv32a
sky130_fd_sc_hd__a21oi_2,_06432_,picorv32a
sky130_fd_sc_hd__a211o_2,_06433_,picorv32a
sky130_fd_sc_hd__a31o_2,_06434_,picorv32a
sky130_fd_sc_hd__o22a_2,_06435_,picorv32a
sky130_fd_sc_hd__or2_2,_06436_,picorv32a
sky130_fd_sc_hd__nand2_2,_06437_,picorv32a
sky130_fd_sc_hd__nand2_2,_06438_,picorv32a
sky130_fd_sc_hd__a21o_2,_06439_,picorv32a
sky130_fd_sc_hd__nand3_2,_06440_,picorv32a
sky130_fd_sc_hd__mux2_1,_06441_,picorv32a
sky130_fd_sc_hd__or2_2,_06442_,picorv32a
sky130_fd_sc_hd__mux2_1,_06443_,picorv32a
sky130_fd_sc_hd__o211a_2,_06444_,picorv32a
sky130_fd_sc_hd__mux2_1,_06445_,picorv32a
sky130_fd_sc_hd__mux2_1,_06446_,picorv32a
sky130_fd_sc_hd__mux2_1,_06447_,picorv32a
sky130_fd_sc_hd__a211o_2,_06448_,picorv32a
sky130_fd_sc_hd__mux2_1,_06449_,picorv32a
sky130_fd_sc_hd__mux2_1,_06450_,picorv32a
sky130_fd_sc_hd__mux2_1,_06451_,picorv32a
sky130_fd_sc_hd__mux2_1,_06452_,picorv32a
sky130_fd_sc_hd__or2_2,_06453_,picorv32a
sky130_fd_sc_hd__mux2_1,_06454_,picorv32a
sky130_fd_sc_hd__o211a_2,_06455_,picorv32a
sky130_fd_sc_hd__a211o_2,_06456_,picorv32a
sky130_fd_sc_hd__a21oi_2,_06457_,picorv32a
sky130_fd_sc_hd__or2_2,_06458_,picorv32a
sky130_fd_sc_hd__o211a_2,_06459_,picorv32a
sky130_fd_sc_hd__mux2_1,_06460_,picorv32a
sky130_fd_sc_hd__a21oi_2,_06461_,picorv32a
sky130_fd_sc_hd__a211o_2,_06462_,picorv32a
sky130_fd_sc_hd__inv_2,_06463_,picorv32a
sky130_fd_sc_hd__nor2_2,_06464_,picorv32a
sky130_fd_sc_hd__a221o_2,_06465_,picorv32a
sky130_fd_sc_hd__a22o_2,_06466_,picorv32a
sky130_fd_sc_hd__a221o_2,_06467_,picorv32a
sky130_fd_sc_hd__o221a_2,_06468_,picorv32a
sky130_fd_sc_hd__nand2_2,_06469_,picorv32a
sky130_fd_sc_hd__a21oi_2,_06470_,picorv32a
sky130_fd_sc_hd__a211o_2,_06471_,picorv32a
sky130_fd_sc_hd__a31o_2,_06472_,picorv32a
sky130_fd_sc_hd__o22a_2,_06473_,picorv32a
sky130_fd_sc_hd__or2_2,_06474_,picorv32a
sky130_fd_sc_hd__nand2_2,_06475_,picorv32a
sky130_fd_sc_hd__nand2_2,_06476_,picorv32a
sky130_fd_sc_hd__nand2_2,_06477_,picorv32a
sky130_fd_sc_hd__xnor2_2,_06478_,picorv32a
sky130_fd_sc_hd__mux2_1,_06479_,picorv32a
sky130_fd_sc_hd__or2_2,_06480_,picorv32a
sky130_fd_sc_hd__mux2_1,_06481_,picorv32a
sky130_fd_sc_hd__o211a_2,_06482_,picorv32a
sky130_fd_sc_hd__mux2_1,_06483_,picorv32a
sky130_fd_sc_hd__mux2_1,_06484_,picorv32a
sky130_fd_sc_hd__mux2_1,_06485_,picorv32a
sky130_fd_sc_hd__a211o_2,_06486_,picorv32a
sky130_fd_sc_hd__mux2_1,_06487_,picorv32a
sky130_fd_sc_hd__mux2_1,_06488_,picorv32a
sky130_fd_sc_hd__mux2_1,_06489_,picorv32a
sky130_fd_sc_hd__mux2_1,_06490_,picorv32a
sky130_fd_sc_hd__mux2_1,_06491_,picorv32a
sky130_fd_sc_hd__or2_2,_06492_,picorv32a
sky130_fd_sc_hd__o211a_2,_06493_,picorv32a
sky130_fd_sc_hd__a211o_2,_06494_,picorv32a
sky130_fd_sc_hd__a21oi_2,_06495_,picorv32a
sky130_fd_sc_hd__or2_2,_06496_,picorv32a
sky130_fd_sc_hd__o211a_2,_06497_,picorv32a
sky130_fd_sc_hd__mux2_1,_06498_,picorv32a
sky130_fd_sc_hd__a21oi_2,_06499_,picorv32a
sky130_fd_sc_hd__a211o_2,_06500_,picorv32a
sky130_fd_sc_hd__inv_2,_06501_,picorv32a
sky130_fd_sc_hd__nor2_2,_06502_,picorv32a
sky130_fd_sc_hd__a221o_2,_06503_,picorv32a
sky130_fd_sc_hd__a22o_2,_06504_,picorv32a
sky130_fd_sc_hd__a21o_2,_06505_,picorv32a
sky130_fd_sc_hd__a211o_2,_06506_,picorv32a
sky130_fd_sc_hd__o211a_2,_06507_,picorv32a
sky130_fd_sc_hd__a21bo_2,_06508_,picorv32a
sky130_fd_sc_hd__a32o_2,_06509_,picorv32a
sky130_fd_sc_hd__a211o_2,_06510_,picorv32a
sky130_fd_sc_hd__o22a_2,_06511_,picorv32a
sky130_fd_sc_hd__nor2_2,_06512_,picorv32a
sky130_fd_sc_hd__inv_2,_06513_,picorv32a
sky130_fd_sc_hd__o21ai_2,_06514_,picorv32a
sky130_fd_sc_hd__and3_2,_06515_,picorv32a
sky130_fd_sc_hd__a221oi_2,_06516_,picorv32a
sky130_fd_sc_hd__o31ai_2,_06517_,picorv32a
sky130_fd_sc_hd__or2_2,_06518_,picorv32a
sky130_fd_sc_hd__nand2_2,_06519_,picorv32a
sky130_fd_sc_hd__and2_2,_06520_,picorv32a
sky130_fd_sc_hd__nand2_2,_06521_,picorv32a
sky130_fd_sc_hd__or2_2,_06522_,picorv32a
sky130_fd_sc_hd__mux2_1,_06523_,picorv32a
sky130_fd_sc_hd__or2_2,_06524_,picorv32a
sky130_fd_sc_hd__mux2_1,_06525_,picorv32a
sky130_fd_sc_hd__o211a_2,_06526_,picorv32a
sky130_fd_sc_hd__mux2_1,_06527_,picorv32a
sky130_fd_sc_hd__mux2_1,_06528_,picorv32a
sky130_fd_sc_hd__mux2_1,_06529_,picorv32a
sky130_fd_sc_hd__a211o_2,_06530_,picorv32a
sky130_fd_sc_hd__mux2_1,_06531_,picorv32a
sky130_fd_sc_hd__mux2_1,_06532_,picorv32a
sky130_fd_sc_hd__mux2_1,_06533_,picorv32a
sky130_fd_sc_hd__mux2_1,_06534_,picorv32a
sky130_fd_sc_hd__or2_2,_06535_,picorv32a
sky130_fd_sc_hd__mux2_1,_06536_,picorv32a
sky130_fd_sc_hd__o211a_2,_06537_,picorv32a
sky130_fd_sc_hd__a211o_2,_06538_,picorv32a
sky130_fd_sc_hd__a21oi_2,_06539_,picorv32a
sky130_fd_sc_hd__or2_2,_06540_,picorv32a
sky130_fd_sc_hd__o211a_2,_06541_,picorv32a
sky130_fd_sc_hd__mux2_1,_06542_,picorv32a
sky130_fd_sc_hd__a21oi_2,_06543_,picorv32a
sky130_fd_sc_hd__a211o_2,_06544_,picorv32a
sky130_fd_sc_hd__inv_2,_06545_,picorv32a
sky130_fd_sc_hd__nor2_2,_06546_,picorv32a
sky130_fd_sc_hd__a221o_2,_06547_,picorv32a
sky130_fd_sc_hd__a22o_2,_06548_,picorv32a
sky130_fd_sc_hd__a21o_2,_06549_,picorv32a
sky130_fd_sc_hd__a211o_2,_06550_,picorv32a
sky130_fd_sc_hd__o211a_2,_06551_,picorv32a
sky130_fd_sc_hd__nand2_2,_06552_,picorv32a
sky130_fd_sc_hd__a21oi_2,_06553_,picorv32a
sky130_fd_sc_hd__a2111o_2,_06554_,picorv32a
sky130_fd_sc_hd__a31o_2,_06555_,picorv32a
sky130_fd_sc_hd__o21a_2,_06556_,picorv32a
sky130_fd_sc_hd__nor2_2,_06557_,picorv32a
sky130_fd_sc_hd__nand2_2,_06558_,picorv32a
sky130_fd_sc_hd__nand2b_2,_06559_,picorv32a
sky130_fd_sc_hd__a21o_2,_06560_,picorv32a
sky130_fd_sc_hd__nand3_2,_06561_,picorv32a
sky130_fd_sc_hd__mux2_1,_06562_,picorv32a
sky130_fd_sc_hd__or2_2,_06563_,picorv32a
sky130_fd_sc_hd__mux2_1,_06564_,picorv32a
sky130_fd_sc_hd__o211a_2,_06565_,picorv32a
sky130_fd_sc_hd__mux2_1,_06566_,picorv32a
sky130_fd_sc_hd__mux2_1,_06567_,picorv32a
sky130_fd_sc_hd__mux2_1,_06568_,picorv32a
sky130_fd_sc_hd__a211o_2,_06569_,picorv32a
sky130_fd_sc_hd__mux2_1,_06570_,picorv32a
sky130_fd_sc_hd__mux2_1,_06571_,picorv32a
sky130_fd_sc_hd__mux2_1,_06572_,picorv32a
sky130_fd_sc_hd__mux2_1,_06573_,picorv32a
sky130_fd_sc_hd__or2_2,_06574_,picorv32a
sky130_fd_sc_hd__mux2_1,_06575_,picorv32a
sky130_fd_sc_hd__o211a_2,_06576_,picorv32a
sky130_fd_sc_hd__a211o_2,_06577_,picorv32a
sky130_fd_sc_hd__a21oi_2,_06578_,picorv32a
sky130_fd_sc_hd__or2_2,_06579_,picorv32a
sky130_fd_sc_hd__o211a_2,_06580_,picorv32a
sky130_fd_sc_hd__mux2_1,_06581_,picorv32a
sky130_fd_sc_hd__a21oi_2,_06582_,picorv32a
sky130_fd_sc_hd__a211o_2,_06583_,picorv32a
sky130_fd_sc_hd__inv_2,_06584_,picorv32a
sky130_fd_sc_hd__nor2_2,_06585_,picorv32a
sky130_fd_sc_hd__a221o_2,_06586_,picorv32a
sky130_fd_sc_hd__a22o_2,_06587_,picorv32a
sky130_fd_sc_hd__a221o_2,_06588_,picorv32a
sky130_fd_sc_hd__o221a_2,_06589_,picorv32a
sky130_fd_sc_hd__nand2_2,_06590_,picorv32a
sky130_fd_sc_hd__a21oi_2,_06591_,picorv32a
sky130_fd_sc_hd__a2111o_2,_06592_,picorv32a
sky130_fd_sc_hd__a31o_2,_06593_,picorv32a
sky130_fd_sc_hd__o21a_2,_06594_,picorv32a
sky130_fd_sc_hd__or2_2,_06595_,picorv32a
sky130_fd_sc_hd__nand2_2,_06596_,picorv32a
sky130_fd_sc_hd__nand2_2,_06597_,picorv32a
sky130_fd_sc_hd__a21o_2,_06598_,picorv32a
sky130_fd_sc_hd__nand3_2,_06599_,picorv32a
sky130_fd_sc_hd__mux2_1,_06600_,picorv32a
sky130_fd_sc_hd__or2_2,_06601_,picorv32a
sky130_fd_sc_hd__mux2_1,_06602_,picorv32a
sky130_fd_sc_hd__o211a_2,_06603_,picorv32a
sky130_fd_sc_hd__mux2_1,_06604_,picorv32a
sky130_fd_sc_hd__mux2_1,_06605_,picorv32a
sky130_fd_sc_hd__mux2_1,_06606_,picorv32a
sky130_fd_sc_hd__a211o_2,_06607_,picorv32a
sky130_fd_sc_hd__mux2_1,_06608_,picorv32a
sky130_fd_sc_hd__mux2_1,_06609_,picorv32a
sky130_fd_sc_hd__mux2_1,_06610_,picorv32a
sky130_fd_sc_hd__mux2_1,_06611_,picorv32a
sky130_fd_sc_hd__or2_2,_06612_,picorv32a
sky130_fd_sc_hd__mux2_1,_06613_,picorv32a
sky130_fd_sc_hd__o211a_2,_06614_,picorv32a
sky130_fd_sc_hd__a211o_2,_06615_,picorv32a
sky130_fd_sc_hd__a21oi_2,_06616_,picorv32a
sky130_fd_sc_hd__or2_2,_06617_,picorv32a
sky130_fd_sc_hd__o211a_2,_06618_,picorv32a
sky130_fd_sc_hd__mux2_1,_06619_,picorv32a
sky130_fd_sc_hd__a21oi_2,_06620_,picorv32a
sky130_fd_sc_hd__a211o_2,_06621_,picorv32a
sky130_fd_sc_hd__inv_2,_06622_,picorv32a
sky130_fd_sc_hd__nor2_2,_06623_,picorv32a
sky130_fd_sc_hd__a221o_2,_06624_,picorv32a
sky130_fd_sc_hd__a22o_2,_06625_,picorv32a
sky130_fd_sc_hd__a21o_2,_06626_,picorv32a
sky130_fd_sc_hd__a211o_2,_06627_,picorv32a
sky130_fd_sc_hd__o211a_2,_06628_,picorv32a
sky130_fd_sc_hd__nand2_2,_06629_,picorv32a
sky130_fd_sc_hd__a21oi_2,_06630_,picorv32a
sky130_fd_sc_hd__a2111o_2,_06631_,picorv32a
sky130_fd_sc_hd__a31o_2,_06632_,picorv32a
sky130_fd_sc_hd__o21a_2,_06633_,picorv32a
sky130_fd_sc_hd__or2_2,_06634_,picorv32a
sky130_fd_sc_hd__nand2_2,_06635_,picorv32a
sky130_fd_sc_hd__nand2_2,_06636_,picorv32a
sky130_fd_sc_hd__nand2_2,_06637_,picorv32a
sky130_fd_sc_hd__xnor2_2,_06638_,picorv32a
sky130_fd_sc_hd__mux2_1,_06639_,picorv32a
sky130_fd_sc_hd__or2_2,_06640_,picorv32a
sky130_fd_sc_hd__mux2_1,_06641_,picorv32a
sky130_fd_sc_hd__o211a_2,_06642_,picorv32a
sky130_fd_sc_hd__mux2_1,_06643_,picorv32a
sky130_fd_sc_hd__mux2_1,_06644_,picorv32a
sky130_fd_sc_hd__mux2_1,_06645_,picorv32a
sky130_fd_sc_hd__a211o_2,_06646_,picorv32a
sky130_fd_sc_hd__mux2_1,_06647_,picorv32a
sky130_fd_sc_hd__mux2_1,_06648_,picorv32a
sky130_fd_sc_hd__mux2_1,_06649_,picorv32a
sky130_fd_sc_hd__mux2_1,_06650_,picorv32a
sky130_fd_sc_hd__or2_2,_06651_,picorv32a
sky130_fd_sc_hd__mux2_1,_06652_,picorv32a
sky130_fd_sc_hd__o211a_2,_06653_,picorv32a
sky130_fd_sc_hd__a211o_2,_06654_,picorv32a
sky130_fd_sc_hd__a21oi_2,_06655_,picorv32a
sky130_fd_sc_hd__or2_2,_06656_,picorv32a
sky130_fd_sc_hd__o211a_2,_06657_,picorv32a
sky130_fd_sc_hd__mux2_1,_06658_,picorv32a
sky130_fd_sc_hd__a21oi_2,_06659_,picorv32a
sky130_fd_sc_hd__a211o_2,_06660_,picorv32a
sky130_fd_sc_hd__inv_2,_06661_,picorv32a
sky130_fd_sc_hd__nor2_2,_06662_,picorv32a
sky130_fd_sc_hd__a221o_2,_06663_,picorv32a
sky130_fd_sc_hd__a22o_2,_06664_,picorv32a
sky130_fd_sc_hd__a21o_2,_06665_,picorv32a
sky130_fd_sc_hd__a211o_2,_06666_,picorv32a
sky130_fd_sc_hd__o211a_2,_06667_,picorv32a
sky130_fd_sc_hd__a21bo_2,_06668_,picorv32a
sky130_fd_sc_hd__a32o_2,_06669_,picorv32a
sky130_fd_sc_hd__a211o_2,_06670_,picorv32a
sky130_fd_sc_hd__o22a_2,_06671_,picorv32a
sky130_fd_sc_hd__nor2_2,_06672_,picorv32a
sky130_fd_sc_hd__inv_2,_06673_,picorv32a
sky130_fd_sc_hd__o21ai_2,_06674_,picorv32a
sky130_fd_sc_hd__and3_2,_06675_,picorv32a
sky130_fd_sc_hd__a221oi_2,_06676_,picorv32a
sky130_fd_sc_hd__o31ai_2,_06677_,picorv32a
sky130_fd_sc_hd__nor2_2,_06678_,picorv32a
sky130_fd_sc_hd__and2_2,_06679_,picorv32a
sky130_fd_sc_hd__nor2_2,_06680_,picorv32a
sky130_fd_sc_hd__nand2_2,_06681_,picorv32a
sky130_fd_sc_hd__or2_2,_06682_,picorv32a
sky130_fd_sc_hd__mux2_1,_06683_,picorv32a
sky130_fd_sc_hd__or2_2,_06684_,picorv32a
sky130_fd_sc_hd__mux2_1,_06685_,picorv32a
sky130_fd_sc_hd__o21a_2,_06686_,picorv32a
sky130_fd_sc_hd__mux2_1,_06687_,picorv32a
sky130_fd_sc_hd__mux2_1,_06688_,picorv32a
sky130_fd_sc_hd__mux2_1,_06689_,picorv32a
sky130_fd_sc_hd__a221o_2,_06690_,picorv32a
sky130_fd_sc_hd__mux2_1,_06691_,picorv32a
sky130_fd_sc_hd__mux2_1,_06692_,picorv32a
sky130_fd_sc_hd__mux2_1,_06693_,picorv32a
sky130_fd_sc_hd__mux2_1,_06694_,picorv32a
sky130_fd_sc_hd__or2_2,_06695_,picorv32a
sky130_fd_sc_hd__mux2_1,_06696_,picorv32a
sky130_fd_sc_hd__o211a_2,_06697_,picorv32a
sky130_fd_sc_hd__a211o_2,_06698_,picorv32a
sky130_fd_sc_hd__a21oi_2,_06699_,picorv32a
sky130_fd_sc_hd__or2_2,_06700_,picorv32a
sky130_fd_sc_hd__o211a_2,_06701_,picorv32a
sky130_fd_sc_hd__mux2_1,_06702_,picorv32a
sky130_fd_sc_hd__a21oi_2,_06703_,picorv32a
sky130_fd_sc_hd__a211o_2,_06704_,picorv32a
sky130_fd_sc_hd__inv_2,_06705_,picorv32a
sky130_fd_sc_hd__nor2_2,_06706_,picorv32a
sky130_fd_sc_hd__a221o_2,_06707_,picorv32a
sky130_fd_sc_hd__a22o_2,_06708_,picorv32a
sky130_fd_sc_hd__a21o_2,_06709_,picorv32a
sky130_fd_sc_hd__a211o_2,_06710_,picorv32a
sky130_fd_sc_hd__o211a_2,_06711_,picorv32a
sky130_fd_sc_hd__nand2_2,_06712_,picorv32a
sky130_fd_sc_hd__a21oi_2,_06713_,picorv32a
sky130_fd_sc_hd__a2111o_2,_06714_,picorv32a
sky130_fd_sc_hd__a31o_2,_06715_,picorv32a
sky130_fd_sc_hd__o21a_2,_06716_,picorv32a
sky130_fd_sc_hd__nor2_2,_06717_,picorv32a
sky130_fd_sc_hd__and2_2,_06718_,picorv32a
sky130_fd_sc_hd__a21o_2,_06719_,picorv32a
sky130_fd_sc_hd__inv_2,_06720_,picorv32a
sky130_fd_sc_hd__o21ai_2,_06721_,picorv32a
sky130_fd_sc_hd__o311a_2,_06722_,picorv32a
sky130_fd_sc_hd__mux2_1,_06723_,picorv32a
sky130_fd_sc_hd__or2_2,_06724_,picorv32a
sky130_fd_sc_hd__mux2_1,_06725_,picorv32a
sky130_fd_sc_hd__o211a_2,_06726_,picorv32a
sky130_fd_sc_hd__mux2_1,_06727_,picorv32a
sky130_fd_sc_hd__mux2_1,_06728_,picorv32a
sky130_fd_sc_hd__mux2_1,_06729_,picorv32a
sky130_fd_sc_hd__a211o_2,_06730_,picorv32a
sky130_fd_sc_hd__mux2_1,_06731_,picorv32a
sky130_fd_sc_hd__or2_2,_06732_,picorv32a
sky130_fd_sc_hd__mux2_1,_06733_,picorv32a
sky130_fd_sc_hd__o211a_2,_06734_,picorv32a
sky130_fd_sc_hd__mux2_1,_06735_,picorv32a
sky130_fd_sc_hd__mux2_1,_06736_,picorv32a
sky130_fd_sc_hd__mux2_1,_06737_,picorv32a
sky130_fd_sc_hd__a211o_2,_06738_,picorv32a
sky130_fd_sc_hd__a21oi_2,_06739_,picorv32a
sky130_fd_sc_hd__or2_2,_06740_,picorv32a
sky130_fd_sc_hd__o211a_2,_06741_,picorv32a
sky130_fd_sc_hd__mux2_1,_06742_,picorv32a
sky130_fd_sc_hd__a21oi_2,_06743_,picorv32a
sky130_fd_sc_hd__a211o_2,_06744_,picorv32a
sky130_fd_sc_hd__inv_2,_06745_,picorv32a
sky130_fd_sc_hd__nor2_2,_06746_,picorv32a
sky130_fd_sc_hd__a221o_2,_06747_,picorv32a
sky130_fd_sc_hd__a22o_2,_06748_,picorv32a
sky130_fd_sc_hd__a21o_2,_06749_,picorv32a
sky130_fd_sc_hd__a211o_2,_06750_,picorv32a
sky130_fd_sc_hd__o211a_2,_06751_,picorv32a
sky130_fd_sc_hd__nand2_2,_06752_,picorv32a
sky130_fd_sc_hd__a21oi_2,_06753_,picorv32a
sky130_fd_sc_hd__a2111o_2,_06754_,picorv32a
sky130_fd_sc_hd__o22a_2,_06755_,picorv32a
sky130_fd_sc_hd__nand2_2,_06756_,picorv32a
sky130_fd_sc_hd__or2_2,_06757_,picorv32a
sky130_fd_sc_hd__and2b_2,_06758_,picorv32a
sky130_fd_sc_hd__o211ai_2,_06759_,picorv32a
sky130_fd_sc_hd__a211o_2,_06760_,picorv32a
sky130_fd_sc_hd__mux2_1,_06761_,picorv32a
sky130_fd_sc_hd__or2_2,_06762_,picorv32a
sky130_fd_sc_hd__mux2_1,_06763_,picorv32a
sky130_fd_sc_hd__o211a_2,_06764_,picorv32a
sky130_fd_sc_hd__mux2_1,_06765_,picorv32a
sky130_fd_sc_hd__mux2_1,_06766_,picorv32a
sky130_fd_sc_hd__mux2_1,_06767_,picorv32a
sky130_fd_sc_hd__a211o_2,_06768_,picorv32a
sky130_fd_sc_hd__mux2_1,_06769_,picorv32a
sky130_fd_sc_hd__mux2_1,_06770_,picorv32a
sky130_fd_sc_hd__or2_2,_06771_,picorv32a
sky130_fd_sc_hd__o21a_2,_06772_,picorv32a
sky130_fd_sc_hd__mux2_1,_06773_,picorv32a
sky130_fd_sc_hd__mux2_1,_06774_,picorv32a
sky130_fd_sc_hd__mux2_1,_06775_,picorv32a
sky130_fd_sc_hd__a221o_2,_06776_,picorv32a
sky130_fd_sc_hd__a21oi_2,_06777_,picorv32a
sky130_fd_sc_hd__or2_2,_06778_,picorv32a
sky130_fd_sc_hd__o211a_2,_06779_,picorv32a
sky130_fd_sc_hd__mux2_1,_06780_,picorv32a
sky130_fd_sc_hd__a21oi_2,_06781_,picorv32a
sky130_fd_sc_hd__a211o_2,_06782_,picorv32a
sky130_fd_sc_hd__inv_2,_06783_,picorv32a
sky130_fd_sc_hd__nor2_2,_06784_,picorv32a
sky130_fd_sc_hd__a221o_2,_06785_,picorv32a
sky130_fd_sc_hd__a22o_2,_06786_,picorv32a
sky130_fd_sc_hd__a221o_2,_06787_,picorv32a
sky130_fd_sc_hd__o221a_2,_06788_,picorv32a
sky130_fd_sc_hd__nand2_2,_06789_,picorv32a
sky130_fd_sc_hd__a21oi_2,_06790_,picorv32a
sky130_fd_sc_hd__a2111o_2,_06791_,picorv32a
sky130_fd_sc_hd__a31o_2,_06792_,picorv32a
sky130_fd_sc_hd__o21a_2,_06793_,picorv32a
sky130_fd_sc_hd__xnor2_2,_06794_,picorv32a
sky130_fd_sc_hd__a21oi_2,_06795_,picorv32a
sky130_fd_sc_hd__a31o_2,_06796_,picorv32a
sky130_fd_sc_hd__mux2_1,_06797_,picorv32a
sky130_fd_sc_hd__or2_2,_06798_,picorv32a
sky130_fd_sc_hd__mux2_1,_06799_,picorv32a
sky130_fd_sc_hd__o211a_2,_06800_,picorv32a
sky130_fd_sc_hd__mux2_1,_06801_,picorv32a
sky130_fd_sc_hd__mux2_1,_06802_,picorv32a
sky130_fd_sc_hd__mux2_1,_06803_,picorv32a
sky130_fd_sc_hd__a211o_2,_06804_,picorv32a
sky130_fd_sc_hd__mux2_1,_06805_,picorv32a
sky130_fd_sc_hd__mux2_1,_06806_,picorv32a
sky130_fd_sc_hd__or2_2,_06807_,picorv32a
sky130_fd_sc_hd__o21a_2,_06808_,picorv32a
sky130_fd_sc_hd__mux2_1,_06809_,picorv32a
sky130_fd_sc_hd__mux2_1,_06810_,picorv32a
sky130_fd_sc_hd__mux2_1,_06811_,picorv32a
sky130_fd_sc_hd__a221o_2,_06812_,picorv32a
sky130_fd_sc_hd__a21oi_2,_06813_,picorv32a
sky130_fd_sc_hd__or2_2,_06814_,picorv32a
sky130_fd_sc_hd__o211a_2,_06815_,picorv32a
sky130_fd_sc_hd__mux2_1,_06816_,picorv32a
sky130_fd_sc_hd__a21oi_2,_06817_,picorv32a
sky130_fd_sc_hd__a211o_2,_06818_,picorv32a
sky130_fd_sc_hd__inv_2,_06819_,picorv32a
sky130_fd_sc_hd__nor2_2,_06820_,picorv32a
sky130_fd_sc_hd__a221o_2,_06821_,picorv32a
sky130_fd_sc_hd__a22o_2,_06822_,picorv32a
sky130_fd_sc_hd__a221o_2,_06823_,picorv32a
sky130_fd_sc_hd__o221a_2,_06824_,picorv32a
sky130_fd_sc_hd__nand2_2,_06825_,picorv32a
sky130_fd_sc_hd__a21oi_2,_06826_,picorv32a
sky130_fd_sc_hd__a2111oi_2,_06827_,picorv32a
sky130_fd_sc_hd__o21ai_2,_06828_,picorv32a
sky130_fd_sc_hd__o21a_2,_06829_,picorv32a
sky130_fd_sc_hd__or2_2,_06830_,picorv32a
sky130_fd_sc_hd__or2_2,_06831_,picorv32a
sky130_fd_sc_hd__nor2_2,_06832_,picorv32a
sky130_fd_sc_hd__or2_2,_06833_,picorv32a
sky130_fd_sc_hd__or3_2,_06834_,picorv32a
sky130_fd_sc_hd__or2_2,_06835_,picorv32a
sky130_fd_sc_hd__nor4_2,_06836_,picorv32a
sky130_fd_sc_hd__or4_2,_06837_,picorv32a
sky130_fd_sc_hd__nor2_2,_06838_,picorv32a
sky130_fd_sc_hd__a221o_2,_06839_,picorv32a
sky130_fd_sc_hd__a221o_2,_06840_,picorv32a
sky130_fd_sc_hd__a211o_2,_06841_,picorv32a
sky130_fd_sc_hd__o21a_2,_06842_,picorv32a
sky130_fd_sc_hd__a22o_2,_06843_,picorv32a
sky130_fd_sc_hd__a31o_2,_06844_,picorv32a
sky130_fd_sc_hd__a221o_2,_06845_,picorv32a
sky130_fd_sc_hd__o22a_2,_06846_,picorv32a
sky130_fd_sc_hd__a22o_2,_06847_,picorv32a
sky130_fd_sc_hd__a21o_2,_06848_,picorv32a
sky130_fd_sc_hd__a221o_2,_06849_,picorv32a
sky130_fd_sc_hd__o22a_2,_06850_,picorv32a
sky130_fd_sc_hd__a22o_2,_06851_,picorv32a
sky130_fd_sc_hd__a221o_2,_06852_,picorv32a
sky130_fd_sc_hd__a211o_2,_06853_,picorv32a
sky130_fd_sc_hd__o21a_2,_06854_,picorv32a
sky130_fd_sc_hd__a22o_2,_06855_,picorv32a
sky130_fd_sc_hd__a21o_2,_06856_,picorv32a
sky130_fd_sc_hd__a221o_2,_06857_,picorv32a
sky130_fd_sc_hd__o22a_2,_06858_,picorv32a
sky130_fd_sc_hd__a22o_2,_06859_,picorv32a
sky130_fd_sc_hd__a221o_2,_06860_,picorv32a
sky130_fd_sc_hd__a211o_2,_06861_,picorv32a
sky130_fd_sc_hd__o21a_2,_06862_,picorv32a
sky130_fd_sc_hd__nor2_2,_06863_,picorv32a
sky130_fd_sc_hd__a221o_2,_06864_,picorv32a
sky130_fd_sc_hd__a221o_2,_06865_,picorv32a
sky130_fd_sc_hd__o22a_2,_06866_,picorv32a
sky130_fd_sc_hd__nor2_2,_06867_,picorv32a
sky130_fd_sc_hd__a221o_2,_06868_,picorv32a
sky130_fd_sc_hd__a221o_2,_06869_,picorv32a
sky130_fd_sc_hd__o22a_2,_06870_,picorv32a
sky130_fd_sc_hd__nor2_2,_06871_,picorv32a
sky130_fd_sc_hd__a221o_2,_06872_,picorv32a
sky130_fd_sc_hd__a221o_2,_06873_,picorv32a
sky130_fd_sc_hd__o22a_2,_06874_,picorv32a
sky130_fd_sc_hd__a22o_2,_06875_,picorv32a
sky130_fd_sc_hd__a31o_2,_06876_,picorv32a
sky130_fd_sc_hd__a221o_2,_06877_,picorv32a
sky130_fd_sc_hd__o22a_2,_06878_,picorv32a
sky130_fd_sc_hd__a22o_2,_06879_,picorv32a
sky130_fd_sc_hd__a221o_2,_06880_,picorv32a
sky130_fd_sc_hd__a211o_2,_06881_,picorv32a
sky130_fd_sc_hd__o21a_2,_06882_,picorv32a
sky130_fd_sc_hd__a22o_2,_06883_,picorv32a
sky130_fd_sc_hd__a21o_2,_06884_,picorv32a
sky130_fd_sc_hd__a221o_2,_06885_,picorv32a
sky130_fd_sc_hd__o22a_2,_06886_,picorv32a
sky130_fd_sc_hd__a22o_2,_06887_,picorv32a
sky130_fd_sc_hd__a31o_2,_06888_,picorv32a
sky130_fd_sc_hd__a221o_2,_06889_,picorv32a
sky130_fd_sc_hd__o22a_2,_06890_,picorv32a
sky130_fd_sc_hd__nor2_2,_06891_,picorv32a
sky130_fd_sc_hd__a221o_2,_06892_,picorv32a
sky130_fd_sc_hd__a221o_2,_06893_,picorv32a
sky130_fd_sc_hd__o22a_2,_06894_,picorv32a
sky130_fd_sc_hd__a2bb2o_2,_06895_,picorv32a
sky130_fd_sc_hd__a221o_2,_06896_,picorv32a
sky130_fd_sc_hd__a211o_2,_06897_,picorv32a
sky130_fd_sc_hd__o21a_2,_06898_,picorv32a
sky130_fd_sc_hd__a2bb2o_2,_06899_,picorv32a
sky130_fd_sc_hd__a31o_2,_06900_,picorv32a
sky130_fd_sc_hd__a221o_2,_06901_,picorv32a
sky130_fd_sc_hd__o22a_2,_06902_,picorv32a
sky130_fd_sc_hd__a22o_2,_06903_,picorv32a
sky130_fd_sc_hd__a31o_2,_06904_,picorv32a
sky130_fd_sc_hd__a221o_2,_06905_,picorv32a
sky130_fd_sc_hd__o22a_2,_06906_,picorv32a
sky130_fd_sc_hd__a22o_2,_06907_,picorv32a
sky130_fd_sc_hd__a221o_2,_06908_,picorv32a
sky130_fd_sc_hd__a211o_2,_06909_,picorv32a
sky130_fd_sc_hd__o21a_2,_06910_,picorv32a
sky130_fd_sc_hd__nor2_2,_06911_,picorv32a
sky130_fd_sc_hd__a221o_2,_06912_,picorv32a
sky130_fd_sc_hd__a221o_2,_06913_,picorv32a
sky130_fd_sc_hd__o22a_2,_06914_,picorv32a
sky130_fd_sc_hd__a22o_2,_06915_,picorv32a
sky130_fd_sc_hd__a31o_2,_06916_,picorv32a
sky130_fd_sc_hd__a221o_2,_06917_,picorv32a
sky130_fd_sc_hd__o22a_2,_06918_,picorv32a
sky130_fd_sc_hd__nor2_2,_06919_,picorv32a
sky130_fd_sc_hd__a221o_2,_06920_,picorv32a
sky130_fd_sc_hd__a221o_2,_06921_,picorv32a
sky130_fd_sc_hd__o22a_2,_06922_,picorv32a
sky130_fd_sc_hd__a22o_2,_06923_,picorv32a
sky130_fd_sc_hd__a21o_2,_06924_,picorv32a
sky130_fd_sc_hd__a221o_2,_06925_,picorv32a
sky130_fd_sc_hd__o22a_2,_06926_,picorv32a
sky130_fd_sc_hd__nor2_2,_06927_,picorv32a
sky130_fd_sc_hd__a221o_2,_06928_,picorv32a
sky130_fd_sc_hd__a221o_2,_06929_,picorv32a
sky130_fd_sc_hd__o22a_2,_06930_,picorv32a
sky130_fd_sc_hd__a22o_2,_06931_,picorv32a
sky130_fd_sc_hd__a31o_2,_06932_,picorv32a
sky130_fd_sc_hd__a221o_2,_06933_,picorv32a
sky130_fd_sc_hd__o22a_2,_06934_,picorv32a
sky130_fd_sc_hd__nor2_2,_06935_,picorv32a
sky130_fd_sc_hd__a221o_2,_06936_,picorv32a
sky130_fd_sc_hd__a221o_2,_06937_,picorv32a
sky130_fd_sc_hd__o22a_2,_06938_,picorv32a
sky130_fd_sc_hd__a22o_2,_06939_,picorv32a
sky130_fd_sc_hd__a31o_2,_06940_,picorv32a
sky130_fd_sc_hd__a221o_2,_06941_,picorv32a
sky130_fd_sc_hd__o22a_2,_06942_,picorv32a
sky130_fd_sc_hd__nor2_2,_06943_,picorv32a
sky130_fd_sc_hd__a221o_2,_06944_,picorv32a
sky130_fd_sc_hd__a221o_2,_06945_,picorv32a
sky130_fd_sc_hd__o22a_2,_06946_,picorv32a
sky130_fd_sc_hd__a22o_2,_06947_,picorv32a
sky130_fd_sc_hd__a31o_2,_06948_,picorv32a
sky130_fd_sc_hd__a221o_2,_06949_,picorv32a
sky130_fd_sc_hd__o22a_2,_06950_,picorv32a
sky130_fd_sc_hd__nor2_2,_06951_,picorv32a
sky130_fd_sc_hd__a221o_2,_06952_,picorv32a
sky130_fd_sc_hd__a221o_2,_06953_,picorv32a
sky130_fd_sc_hd__o22a_2,_06954_,picorv32a
sky130_fd_sc_hd__a22o_2,_06955_,picorv32a
sky130_fd_sc_hd__a31o_2,_06956_,picorv32a
sky130_fd_sc_hd__a221o_2,_06957_,picorv32a
sky130_fd_sc_hd__o22a_2,_06958_,picorv32a
sky130_fd_sc_hd__nor2_2,_06959_,picorv32a
sky130_fd_sc_hd__a221o_2,_06960_,picorv32a
sky130_fd_sc_hd__a221o_2,_06961_,picorv32a
sky130_fd_sc_hd__o22a_2,_06962_,picorv32a
sky130_fd_sc_hd__a22o_2,_06963_,picorv32a
sky130_fd_sc_hd__a31o_2,_06964_,picorv32a
sky130_fd_sc_hd__a221o_2,_06965_,picorv32a
sky130_fd_sc_hd__o22a_2,_06966_,picorv32a
sky130_fd_sc_hd__a22o_2,_06967_,picorv32a
sky130_fd_sc_hd__a211o_2,_06968_,picorv32a
sky130_fd_sc_hd__a211o_2,_06969_,picorv32a
sky130_fd_sc_hd__a22o_2,_06970_,picorv32a
sky130_fd_sc_hd__a22o_2,_06971_,picorv32a
sky130_fd_sc_hd__a22o_2,_06972_,picorv32a
sky130_fd_sc_hd__a22o_2,_06973_,picorv32a
sky130_fd_sc_hd__a22o_2,_06974_,picorv32a
sky130_fd_sc_hd__a22o_2,_06975_,picorv32a
sky130_fd_sc_hd__a22o_2,_06976_,picorv32a
sky130_fd_sc_hd__a22o_2,_06977_,picorv32a
sky130_fd_sc_hd__a22o_2,_06978_,picorv32a
sky130_fd_sc_hd__a22o_2,_06979_,picorv32a
sky130_fd_sc_hd__a22o_2,_06980_,picorv32a
sky130_fd_sc_hd__a22o_2,_06981_,picorv32a
sky130_fd_sc_hd__a22o_2,_06982_,picorv32a
sky130_fd_sc_hd__a22o_2,_06983_,picorv32a
sky130_fd_sc_hd__a22o_2,_06984_,picorv32a
sky130_fd_sc_hd__a22o_2,_06985_,picorv32a
sky130_fd_sc_hd__mux2_1,_06986_,picorv32a
sky130_fd_sc_hd__mux2_1,_06987_,picorv32a
sky130_fd_sc_hd__mux2_1,_06988_,picorv32a
sky130_fd_sc_hd__mux2_1,_06989_,picorv32a
sky130_fd_sc_hd__mux2_1,_06990_,picorv32a
sky130_fd_sc_hd__mux2_1,_06991_,picorv32a
sky130_fd_sc_hd__mux2_1,_06992_,picorv32a
sky130_fd_sc_hd__mux2_1,_06993_,picorv32a
sky130_fd_sc_hd__a21o_2,_06994_,picorv32a
sky130_fd_sc_hd__a21o_2,_06995_,picorv32a
sky130_fd_sc_hd__a21o_2,_06996_,picorv32a
sky130_fd_sc_hd__a21o_2,_06997_,picorv32a
sky130_fd_sc_hd__a21o_2,_06998_,picorv32a
sky130_fd_sc_hd__a21o_2,_06999_,picorv32a
sky130_fd_sc_hd__a21o_2,_07000_,picorv32a
sky130_fd_sc_hd__a21o_2,_07001_,picorv32a
sky130_fd_sc_hd__or3_2,_07002_,picorv32a
sky130_fd_sc_hd__o32a_2,_07003_,picorv32a
sky130_fd_sc_hd__a22o_2,_07004_,picorv32a
sky130_fd_sc_hd__and2_2,_07005_,picorv32a
sky130_fd_sc_hd__nand2_2,_07006_,picorv32a
sky130_fd_sc_hd__a21o_2,_07007_,picorv32a
sky130_fd_sc_hd__o211a_2,_07008_,picorv32a
sky130_fd_sc_hd__a21o_2,_07009_,picorv32a
sky130_fd_sc_hd__a21o_2,_07010_,picorv32a
sky130_fd_sc_hd__o211a_2,_07011_,picorv32a
sky130_fd_sc_hd__a21o_2,_07012_,picorv32a
sky130_fd_sc_hd__mux2_1,_07013_,picorv32a
sky130_fd_sc_hd__mux2_1,_07014_,picorv32a
sky130_fd_sc_hd__mux2_1,_07015_,picorv32a
sky130_fd_sc_hd__mux2_1,_07016_,picorv32a
sky130_fd_sc_hd__or2_2,_07017_,picorv32a
sky130_fd_sc_hd__o21a_2,_07018_,picorv32a
sky130_fd_sc_hd__a22o_2,_07019_,picorv32a
sky130_fd_sc_hd__or2_2,_07020_,picorv32a
sky130_fd_sc_hd__o21a_2,_07021_,picorv32a
sky130_fd_sc_hd__a22o_2,_07022_,picorv32a
sky130_fd_sc_hd__or2_2,_07023_,picorv32a
sky130_fd_sc_hd__o21a_2,_07024_,picorv32a
sky130_fd_sc_hd__a22o_2,_07025_,picorv32a
sky130_fd_sc_hd__or2_2,_07026_,picorv32a
sky130_fd_sc_hd__o21a_2,_07027_,picorv32a
sky130_fd_sc_hd__a22o_2,_07028_,picorv32a
sky130_fd_sc_hd__mux2_1,_07029_,picorv32a
sky130_fd_sc_hd__mux2_1,_07030_,picorv32a
sky130_fd_sc_hd__or2_2,_07031_,picorv32a
sky130_fd_sc_hd__o21a_2,_07032_,picorv32a
sky130_fd_sc_hd__a22o_2,_07033_,picorv32a
sky130_fd_sc_hd__mux2_1,_07034_,picorv32a
sky130_fd_sc_hd__mux2_1,_07035_,picorv32a
sky130_fd_sc_hd__or2_2,_07036_,picorv32a
sky130_fd_sc_hd__o21a_2,_07037_,picorv32a
sky130_fd_sc_hd__a22o_2,_07038_,picorv32a
sky130_fd_sc_hd__mux2_1,_07039_,picorv32a
sky130_fd_sc_hd__mux2_1,_07040_,picorv32a
sky130_fd_sc_hd__or2_2,_07041_,picorv32a
sky130_fd_sc_hd__o21a_2,_07042_,picorv32a
sky130_fd_sc_hd__a22o_2,_07043_,picorv32a
sky130_fd_sc_hd__mux2_1,_07044_,picorv32a
sky130_fd_sc_hd__mux2_1,_07045_,picorv32a
sky130_fd_sc_hd__or2_2,_07046_,picorv32a
sky130_fd_sc_hd__o21a_2,_07047_,picorv32a
sky130_fd_sc_hd__a22o_2,_07048_,picorv32a
sky130_fd_sc_hd__mux2_1,_07049_,picorv32a
sky130_fd_sc_hd__mux2_1,_07050_,picorv32a
sky130_fd_sc_hd__or2_2,_07051_,picorv32a
sky130_fd_sc_hd__o21a_2,_07052_,picorv32a
sky130_fd_sc_hd__a22o_2,_07053_,picorv32a
sky130_fd_sc_hd__mux2_1,_07054_,picorv32a
sky130_fd_sc_hd__mux2_1,_07055_,picorv32a
sky130_fd_sc_hd__or2_2,_07056_,picorv32a
sky130_fd_sc_hd__o21a_2,_07057_,picorv32a
sky130_fd_sc_hd__a22o_2,_07058_,picorv32a
sky130_fd_sc_hd__or2_2,_07059_,picorv32a
sky130_fd_sc_hd__o21a_2,_07060_,picorv32a
sky130_fd_sc_hd__a22o_2,_07061_,picorv32a
sky130_fd_sc_hd__or2_2,_07062_,picorv32a
sky130_fd_sc_hd__o21a_2,_07063_,picorv32a
sky130_fd_sc_hd__a22o_2,_07064_,picorv32a
sky130_fd_sc_hd__mux2_1,_07065_,picorv32a
sky130_fd_sc_hd__mux2_1,_07066_,picorv32a
sky130_fd_sc_hd__or2_2,_07067_,picorv32a
sky130_fd_sc_hd__o21a_2,_07068_,picorv32a
sky130_fd_sc_hd__a22o_2,_07069_,picorv32a
sky130_fd_sc_hd__mux2_1,_07070_,picorv32a
sky130_fd_sc_hd__mux2_1,_07071_,picorv32a
sky130_fd_sc_hd__mux2_1,_07072_,picorv32a
sky130_fd_sc_hd__mux2_1,_07073_,picorv32a
sky130_fd_sc_hd__or2_2,_07074_,picorv32a
sky130_fd_sc_hd__o21a_2,_07075_,picorv32a
sky130_fd_sc_hd__a22o_2,_07076_,picorv32a
sky130_fd_sc_hd__or2_2,_07077_,picorv32a
sky130_fd_sc_hd__o21a_2,_07078_,picorv32a
sky130_fd_sc_hd__a22o_2,_07079_,picorv32a
sky130_fd_sc_hd__or2_2,_07080_,picorv32a
sky130_fd_sc_hd__o21a_2,_07081_,picorv32a
sky130_fd_sc_hd__a22o_2,_07082_,picorv32a
sky130_fd_sc_hd__mux2_1,_07083_,picorv32a
sky130_fd_sc_hd__mux2_1,_07084_,picorv32a
sky130_fd_sc_hd__nand2_2,_07085_,picorv32a
sky130_fd_sc_hd__xor2_2,_07086_,picorv32a
sky130_fd_sc_hd__xnor2_2,_07087_,picorv32a
sky130_fd_sc_hd__a22o_2,_07088_,picorv32a
sky130_fd_sc_hd__and2_2,_07089_,picorv32a
sky130_fd_sc_hd__nand2b_2,_07090_,picorv32a
sky130_fd_sc_hd__o21a_2,_07091_,picorv32a
sky130_fd_sc_hd__mux2_1,_07092_,picorv32a
sky130_fd_sc_hd__xor2_2,_07093_,picorv32a
sky130_fd_sc_hd__a211o_2,_07094_,picorv32a
sky130_fd_sc_hd__nor2_2,_07095_,picorv32a
sky130_fd_sc_hd__a21oi_2,_07096_,picorv32a
sky130_fd_sc_hd__o21a_2,_07097_,picorv32a
sky130_fd_sc_hd__xor2_2,_07098_,picorv32a
sky130_fd_sc_hd__a311o_2,_07099_,picorv32a
sky130_fd_sc_hd__nand2_2,_07100_,picorv32a
sky130_fd_sc_hd__or3b_2,_07101_,picorv32a
sky130_fd_sc_hd__o221ai_2,_07102_,picorv32a
sky130_fd_sc_hd__mux2_1,_07103_,picorv32a
sky130_fd_sc_hd__xnor2_2,_07104_,picorv32a
sky130_fd_sc_hd__a31o_2,_07105_,picorv32a
sky130_fd_sc_hd__nand2b_2,_07106_,picorv32a
sky130_fd_sc_hd__o211a_2,_07107_,picorv32a
sky130_fd_sc_hd__a21oi_2,_07108_,picorv32a
sky130_fd_sc_hd__xnor2_2,_07109_,picorv32a
sky130_fd_sc_hd__or3_2,_07110_,picorv32a
sky130_fd_sc_hd__o21ai_2,_07111_,picorv32a
sky130_fd_sc_hd__o21bai_2,_07112_,picorv32a
sky130_fd_sc_hd__a21oi_2,_07113_,picorv32a
sky130_fd_sc_hd__mux2_1,_07114_,picorv32a
sky130_fd_sc_hd__xnor2_2,_07115_,picorv32a
sky130_fd_sc_hd__o21ba_2,_07116_,picorv32a
sky130_fd_sc_hd__nand2_2,_07117_,picorv32a
sky130_fd_sc_hd__and2b_2,_07118_,picorv32a
sky130_fd_sc_hd__nor2_2,_07119_,picorv32a
sky130_fd_sc_hd__a21oi_2,_07120_,picorv32a
sky130_fd_sc_hd__o2bb2a_2,_07121_,picorv32a
sky130_fd_sc_hd__xnor2_2,_07122_,picorv32a
sky130_fd_sc_hd__nand2b_2,_07123_,picorv32a
sky130_fd_sc_hd__nand2b_2,_07124_,picorv32a
sky130_fd_sc_hd__o211a_2,_07125_,picorv32a
sky130_fd_sc_hd__nor2_2,_07126_,picorv32a
sky130_fd_sc_hd__o21ba_2,_07127_,picorv32a
sky130_fd_sc_hd__a21o_2,_07128_,picorv32a
sky130_fd_sc_hd__xnor2_2,_07129_,picorv32a
sky130_fd_sc_hd__nand2b_2,_07130_,picorv32a
sky130_fd_sc_hd__o21ai_2,_07131_,picorv32a
sky130_fd_sc_hd__o21ba_2,_07132_,picorv32a
sky130_fd_sc_hd__mux2_1,_07133_,picorv32a
sky130_fd_sc_hd__xnor2_2,_07134_,picorv32a
sky130_fd_sc_hd__nand2b_2,_07135_,picorv32a
sky130_fd_sc_hd__and2b_2,_07136_,picorv32a
sky130_fd_sc_hd__a21oi_2,_07137_,picorv32a
sky130_fd_sc_hd__and3_2,_07138_,picorv32a
sky130_fd_sc_hd__a21oi_2,_07139_,picorv32a
sky130_fd_sc_hd__o41ai_2,_07140_,picorv32a
sky130_fd_sc_hd__mux2_1,_07141_,picorv32a
sky130_fd_sc_hd__xor2_2,_07142_,picorv32a
sky130_fd_sc_hd__nand2b_2,_07143_,picorv32a
sky130_fd_sc_hd__o21a_2,_07144_,picorv32a
sky130_fd_sc_hd__a21o_2,_07145_,picorv32a
sky130_fd_sc_hd__mux2_1,_07146_,picorv32a
sky130_fd_sc_hd__xor2_2,_07147_,picorv32a
sky130_fd_sc_hd__a211o_2,_07148_,picorv32a
sky130_fd_sc_hd__nand2b_2,_07149_,picorv32a
sky130_fd_sc_hd__o221a_2,_07150_,picorv32a
sky130_fd_sc_hd__o21a_2,_07151_,picorv32a
sky130_fd_sc_hd__xor2_2,_07152_,picorv32a
sky130_fd_sc_hd__nor2_2,_07153_,picorv32a
sky130_fd_sc_hd__a211o_2,_07154_,picorv32a
sky130_fd_sc_hd__a221o_2,_07155_,picorv32a
sky130_fd_sc_hd__nand2_2,_07156_,picorv32a
sky130_fd_sc_hd__o21ai_2,_07157_,picorv32a
sky130_fd_sc_hd__xnor2_2,_07158_,picorv32a
sky130_fd_sc_hd__a21oi_2,_07159_,picorv32a
sky130_fd_sc_hd__or2_2,_07160_,picorv32a
sky130_fd_sc_hd__and2b_2,_07161_,picorv32a
sky130_fd_sc_hd__nor2_2,_07162_,picorv32a
sky130_fd_sc_hd__a221o_2,_07163_,picorv32a
sky130_fd_sc_hd__mux2_1,_07164_,picorv32a
sky130_fd_sc_hd__xnor2_2,_07165_,picorv32a
sky130_fd_sc_hd__and2b_2,_07166_,picorv32a
sky130_fd_sc_hd__a21oi_2,_07167_,picorv32a
sky130_fd_sc_hd__inv_2,_07168_,picorv32a
sky130_fd_sc_hd__o21ba_2,_07169_,picorv32a
sky130_fd_sc_hd__mux2_1,_07170_,picorv32a
sky130_fd_sc_hd__xnor2_2,_07171_,picorv32a
sky130_fd_sc_hd__o21ai_2,_07172_,picorv32a
sky130_fd_sc_hd__inv_2,_07173_,picorv32a
sky130_fd_sc_hd__and2b_2,_07174_,picorv32a
sky130_fd_sc_hd__nand2b_2,_07175_,picorv32a
sky130_fd_sc_hd__a21oi_2,_07176_,picorv32a
sky130_fd_sc_hd__inv_2,_07177_,picorv32a
sky130_fd_sc_hd__mux2_1,_07178_,picorv32a
sky130_fd_sc_hd__xnor2_2,_07179_,picorv32a
sky130_fd_sc_hd__nand2_2,_07180_,picorv32a
sky130_fd_sc_hd__nand2_2,_07181_,picorv32a
sky130_fd_sc_hd__o211a_2,_07182_,picorv32a
sky130_fd_sc_hd__a31o_2,_07183_,picorv32a
sky130_fd_sc_hd__xnor2_2,_07184_,picorv32a
sky130_fd_sc_hd__a31o_2,_07185_,picorv32a
sky130_fd_sc_hd__a31oi_2,_07186_,picorv32a
sky130_fd_sc_hd__nand2b_2,_07187_,picorv32a
sky130_fd_sc_hd__o31a_2,_07188_,picorv32a
sky130_fd_sc_hd__o21ai_2,_07189_,picorv32a
sky130_fd_sc_hd__mux2_1,_07190_,picorv32a
sky130_fd_sc_hd__xnor2_2,_07191_,picorv32a
sky130_fd_sc_hd__and2b_2,_07192_,picorv32a
sky130_fd_sc_hd__a21o_2,_07193_,picorv32a
sky130_fd_sc_hd__o21ba_2,_07194_,picorv32a
sky130_fd_sc_hd__mux2_1,_07195_,picorv32a
sky130_fd_sc_hd__xnor2_2,_07196_,picorv32a
sky130_fd_sc_hd__a21o_2,_07197_,picorv32a
sky130_fd_sc_hd__or2_2,_07198_,picorv32a
sky130_fd_sc_hd__a2bb2o_2,_07199_,picorv32a
sky130_fd_sc_hd__and2b_2,_07200_,picorv32a
sky130_fd_sc_hd__o21bai_2,_07201_,picorv32a
sky130_fd_sc_hd__a21o_2,_07202_,picorv32a
sky130_fd_sc_hd__a31oi_2,_07203_,picorv32a
sky130_fd_sc_hd__mux2_1,_07204_,picorv32a
sky130_fd_sc_hd__xor2_2,_07205_,picorv32a
sky130_fd_sc_hd__and2b_2,_07206_,picorv32a
sky130_fd_sc_hd__nor2_2,_07207_,picorv32a
sky130_fd_sc_hd__o21ai_2,_07208_,picorv32a
sky130_fd_sc_hd__and2b_2,_07209_,picorv32a
sky130_fd_sc_hd__o31a_2,_07210_,picorv32a
sky130_fd_sc_hd__xnor2_2,_07211_,picorv32a
sky130_fd_sc_hd__and2b_2,_07212_,picorv32a
sky130_fd_sc_hd__a21o_2,_07213_,picorv32a
sky130_fd_sc_hd__a21oi_2,_07214_,picorv32a
sky130_fd_sc_hd__o31a_2,_07215_,picorv32a
sky130_fd_sc_hd__mux2_1,_07216_,picorv32a
sky130_fd_sc_hd__xor2_2,_07217_,picorv32a
sky130_fd_sc_hd__nand2b_2,_07218_,picorv32a
sky130_fd_sc_hd__or2_2,_07219_,picorv32a
sky130_fd_sc_hd__a21o_2,_07220_,picorv32a
sky130_fd_sc_hd__and2b_2,_07221_,picorv32a
sky130_fd_sc_hd__o31a_2,_07222_,picorv32a
sky130_fd_sc_hd__xor2_2,_07223_,picorv32a
sky130_fd_sc_hd__a21o_2,_07224_,picorv32a
sky130_fd_sc_hd__a32oi_2,_07225_,picorv32a
sky130_fd_sc_hd__nand2b_2,_07226_,picorv32a
sky130_fd_sc_hd__o21a_2,_07227_,picorv32a
sky130_fd_sc_hd__o21ai_2,_07228_,picorv32a
sky130_fd_sc_hd__mux2_1,_07229_,picorv32a
sky130_fd_sc_hd__xnor2_2,_07230_,picorv32a
sky130_fd_sc_hd__nand2b_2,_07231_,picorv32a
sky130_fd_sc_hd__nand2b_2,_07232_,picorv32a
sky130_fd_sc_hd__a21o_2,_07233_,picorv32a
sky130_fd_sc_hd__nor2_2,_07234_,picorv32a
sky130_fd_sc_hd__o31a_2,_07235_,picorv32a
sky130_fd_sc_hd__xor2_2,_07236_,picorv32a
sky130_fd_sc_hd__nand2b_2,_07237_,picorv32a
sky130_fd_sc_hd__o21ai_2,_07238_,picorv32a
sky130_fd_sc_hd__o21bai_2,_07239_,picorv32a
sky130_fd_sc_hd__nand2b_2,_07240_,picorv32a
sky130_fd_sc_hd__o21ai_2,_07241_,picorv32a
sky130_fd_sc_hd__mux2_1,_07242_,picorv32a
sky130_fd_sc_hd__xnor2_2,_07243_,picorv32a
sky130_fd_sc_hd__and2b_2,_07244_,picorv32a
sky130_fd_sc_hd__a21o_2,_07245_,picorv32a
sky130_fd_sc_hd__o21ba_2,_07246_,picorv32a
sky130_fd_sc_hd__mux2_1,_07247_,picorv32a
sky130_fd_sc_hd__xnor2_2,_07248_,picorv32a
sky130_fd_sc_hd__nand2_2,_07249_,picorv32a
sky130_fd_sc_hd__o311ai_2,_07250_,picorv32a
sky130_fd_sc_hd__and2b_2,_07251_,picorv32a
sky130_fd_sc_hd__a21o_2,_07252_,picorv32a
sky130_fd_sc_hd__a21o_2,_07253_,picorv32a
sky130_fd_sc_hd__a21oi_2,_07254_,picorv32a
sky130_fd_sc_hd__mux2_1,_07255_,picorv32a
sky130_fd_sc_hd__xor2_2,_07256_,picorv32a
sky130_fd_sc_hd__and2b_2,_07257_,picorv32a
sky130_fd_sc_hd__nor2_2,_07258_,picorv32a
sky130_fd_sc_hd__o21ai_2,_07259_,picorv32a
sky130_fd_sc_hd__and2b_2,_07260_,picorv32a
sky130_fd_sc_hd__o31a_2,_07261_,picorv32a
sky130_fd_sc_hd__xnor2_2,_07262_,picorv32a
sky130_fd_sc_hd__a21o_2,_07263_,picorv32a
sky130_fd_sc_hd__a32o_2,_07264_,picorv32a
sky130_fd_sc_hd__and2b_2,_07265_,picorv32a
sky130_fd_sc_hd__a21o_2,_07266_,picorv32a
sky130_fd_sc_hd__a21oi_2,_07267_,picorv32a
sky130_fd_sc_hd__mux2_1,_07268_,picorv32a
sky130_fd_sc_hd__xnor2_2,_07269_,picorv32a
sky130_fd_sc_hd__and2b_2,_07270_,picorv32a
sky130_fd_sc_hd__nor2_2,_07271_,picorv32a
sky130_fd_sc_hd__o21ai_2,_07272_,picorv32a
sky130_fd_sc_hd__and2b_2,_07273_,picorv32a
sky130_fd_sc_hd__o31a_2,_07274_,picorv32a
sky130_fd_sc_hd__xnor2_2,_07275_,picorv32a
sky130_fd_sc_hd__a21oi_2,_07276_,picorv32a
sky130_fd_sc_hd__a21oi_2,_07277_,picorv32a
sky130_fd_sc_hd__o31a_2,_07278_,picorv32a
sky130_fd_sc_hd__or2_2,_07279_,picorv32a
sky130_fd_sc_hd__o221a_2,_07280_,picorv32a
sky130_fd_sc_hd__o21ai_2,_07281_,picorv32a
sky130_fd_sc_hd__a21oi_2,_07282_,picorv32a
sky130_fd_sc_hd__mux2_1,_07283_,picorv32a
sky130_fd_sc_hd__mux2_1,_07284_,picorv32a
sky130_fd_sc_hd__mux2_1,_07285_,picorv32a
sky130_fd_sc_hd__mux2_1,_07286_,picorv32a
sky130_fd_sc_hd__mux2_1,_07287_,picorv32a
sky130_fd_sc_hd__inv_2,_07288_,picorv32a
sky130_fd_sc_hd__mux2_1,_07289_,picorv32a
sky130_fd_sc_hd__mux2_1,_07290_,picorv32a
sky130_fd_sc_hd__mux2_1,_07291_,picorv32a
sky130_fd_sc_hd__mux2_1,_07292_,picorv32a
sky130_fd_sc_hd__mux4_2,_07293_,picorv32a
sky130_fd_sc_hd__mux4_2,_07294_,picorv32a
sky130_fd_sc_hd__mux2_1,_07295_,picorv32a
sky130_fd_sc_hd__or3_2,_07296_,picorv32a
sky130_fd_sc_hd__inv_2,_07297_,picorv32a
sky130_fd_sc_hd__nor2_2,_07298_,picorv32a
sky130_fd_sc_hd__mux2_1,_07299_,picorv32a
sky130_fd_sc_hd__mux2_1,_07300_,picorv32a
sky130_fd_sc_hd__mux2_1,_07301_,picorv32a
sky130_fd_sc_hd__mux2_1,_07302_,picorv32a
sky130_fd_sc_hd__mux2_1,_07303_,picorv32a
sky130_fd_sc_hd__mux2_1,_07304_,picorv32a
sky130_fd_sc_hd__mux2_1,_07305_,picorv32a
sky130_fd_sc_hd__mux4_2,_07306_,picorv32a
sky130_fd_sc_hd__mux4_2,_07307_,picorv32a
sky130_fd_sc_hd__inv_2,_07308_,picorv32a
sky130_fd_sc_hd__mux2_1,_07309_,picorv32a
sky130_fd_sc_hd__mux4_2,_07310_,picorv32a
sky130_fd_sc_hd__mux2_1,_07311_,picorv32a
sky130_fd_sc_hd__o21ba_2,_07312_,picorv32a
sky130_fd_sc_hd__or2_2,_07313_,picorv32a
sky130_fd_sc_hd__or2_2,_07314_,picorv32a
sky130_fd_sc_hd__inv_2,_07315_,picorv32a
sky130_fd_sc_hd__nor2_2,_07316_,picorv32a
sky130_fd_sc_hd__mux2_1,_07317_,picorv32a
sky130_fd_sc_hd__mux2_1,_07318_,picorv32a
sky130_fd_sc_hd__mux2_1,_07319_,picorv32a
sky130_fd_sc_hd__inv_2,_07320_,picorv32a
sky130_fd_sc_hd__mux2_1,_07321_,picorv32a
sky130_fd_sc_hd__mux2_1,_07322_,picorv32a
sky130_fd_sc_hd__mux4_2,_07323_,picorv32a
sky130_fd_sc_hd__mux4_2,_07324_,picorv32a
sky130_fd_sc_hd__mux2_1,_07325_,picorv32a
sky130_fd_sc_hd__mux2_1,_07326_,picorv32a
sky130_fd_sc_hd__or2_2,_07327_,picorv32a
sky130_fd_sc_hd__inv_2,_07328_,picorv32a
sky130_fd_sc_hd__nor2_2,_07329_,picorv32a
sky130_fd_sc_hd__mux2_1,_07330_,picorv32a
sky130_fd_sc_hd__mux2_1,_07331_,picorv32a
sky130_fd_sc_hd__mux2_1,_07332_,picorv32a
sky130_fd_sc_hd__mux4_2,_07333_,picorv32a
sky130_fd_sc_hd__mux4_2,_07334_,picorv32a
sky130_fd_sc_hd__mux2_1,_07335_,picorv32a
sky130_fd_sc_hd__mux2_1,_07336_,picorv32a
sky130_fd_sc_hd__mux4_2,_07337_,picorv32a
sky130_fd_sc_hd__nand2_2,_07338_,picorv32a
sky130_fd_sc_hd__inv_2,_07339_,picorv32a
sky130_fd_sc_hd__nor2_2,_07340_,picorv32a
sky130_fd_sc_hd__mux2_1,_07341_,picorv32a
sky130_fd_sc_hd__mux2_1,_07342_,picorv32a
sky130_fd_sc_hd__nand2_2,_07343_,picorv32a
sky130_fd_sc_hd__o31a_2,_07344_,picorv32a
sky130_fd_sc_hd__inv_2,_07345_,picorv32a
sky130_fd_sc_hd__nor2_2,_07346_,picorv32a
sky130_fd_sc_hd__mux4_2,_07347_,picorv32a
sky130_fd_sc_hd__mux2_1,_07348_,picorv32a
sky130_fd_sc_hd__mux2_1,_07349_,picorv32a
sky130_fd_sc_hd__mux2_1,_07350_,picorv32a
sky130_fd_sc_hd__mux2_1,_07351_,picorv32a
sky130_fd_sc_hd__mux2_1,_07352_,picorv32a
sky130_fd_sc_hd__mux2_1,_07353_,picorv32a
sky130_fd_sc_hd__mux4_2,_07354_,picorv32a
sky130_fd_sc_hd__mux2_1,_07355_,picorv32a
sky130_fd_sc_hd__mux2_1,_07356_,picorv32a
sky130_fd_sc_hd__inv_2,_07357_,picorv32a
sky130_fd_sc_hd__nor2_2,_07358_,picorv32a
sky130_fd_sc_hd__mux2_1,_07359_,picorv32a
sky130_fd_sc_hd__mux2_1,_07360_,picorv32a
sky130_fd_sc_hd__inv_2,_07361_,picorv32a
sky130_fd_sc_hd__nor2_2,_07362_,picorv32a
sky130_fd_sc_hd__mux2_1,_07363_,picorv32a
sky130_fd_sc_hd__mux4_2,_07364_,picorv32a
sky130_fd_sc_hd__mux4_2,_07365_,picorv32a
sky130_fd_sc_hd__mux2_1,_07366_,picorv32a
sky130_fd_sc_hd__mux2_1,_07367_,picorv32a
sky130_fd_sc_hd__and2b_2,_07368_,picorv32a
sky130_fd_sc_hd__mux4_2,_07369_,picorv32a
sky130_fd_sc_hd__mux2_1,_07370_,picorv32a
sky130_fd_sc_hd__mux4_2,_07371_,picorv32a
sky130_fd_sc_hd__mux2_1,_07372_,picorv32a
sky130_fd_sc_hd__mux2_1,_07373_,picorv32a
sky130_fd_sc_hd__mux4_2,_07374_,picorv32a
sky130_fd_sc_hd__mux2_1,_07375_,picorv32a
sky130_fd_sc_hd__nor2_2,_07376_,picorv32a
sky130_fd_sc_hd__mux4_2,_07377_,picorv32a
sky130_fd_sc_hd__mux2_1,_07378_,picorv32a
sky130_fd_sc_hd__mux4_2,_07379_,picorv32a
sky130_fd_sc_hd__nor2_2,_07380_,picorv32a
sky130_fd_sc_hd__mux4_2,_07381_,picorv32a
sky130_fd_sc_hd__mux4_2,_07382_,picorv32a
sky130_fd_sc_hd__mux2_1,_07383_,picorv32a
sky130_fd_sc_hd__nor2_2,_07384_,picorv32a
sky130_fd_sc_hd__mux4_2,_07385_,picorv32a
sky130_fd_sc_hd__mux2_1,_07386_,picorv32a
sky130_fd_sc_hd__mux4_2,_07387_,picorv32a
sky130_fd_sc_hd__nor2_2,_07388_,picorv32a
sky130_fd_sc_hd__mux4_2,_07389_,picorv32a
sky130_fd_sc_hd__nor2_2,_07390_,picorv32a
sky130_fd_sc_hd__mux4_2,_07391_,picorv32a
sky130_fd_sc_hd__mux2_1,_07392_,picorv32a
sky130_fd_sc_hd__mux4_2,_07393_,picorv32a
sky130_fd_sc_hd__nor2_2,_07394_,picorv32a
sky130_fd_sc_hd__mux2_1,_07395_,picorv32a
sky130_fd_sc_hd__mux4_2,_07396_,picorv32a
sky130_fd_sc_hd__mux4_2,_07397_,picorv32a
sky130_fd_sc_hd__mux4_2,_07398_,picorv32a
sky130_fd_sc_hd__mux4_2,_07399_,picorv32a
sky130_fd_sc_hd__mux2_1,_07400_,picorv32a
sky130_fd_sc_hd__mux2_1,_07401_,picorv32a
sky130_fd_sc_hd__nor2_2,_07402_,picorv32a
sky130_fd_sc_hd__a21o_2,_07403_,picorv32a
sky130_fd_sc_hd__mux4_2,_07404_,picorv32a
sky130_fd_sc_hd__mux2_1,_07405_,picorv32a
sky130_fd_sc_hd__mux4_2,_07406_,picorv32a
sky130_fd_sc_hd__mux2_1,_07407_,picorv32a
sky130_fd_sc_hd__mux4_2,_07408_,picorv32a
sky130_fd_sc_hd__mux4_2,_07409_,picorv32a
sky130_fd_sc_hd__mux2_1,_07410_,picorv32a
sky130_fd_sc_hd__mux4_2,_07411_,picorv32a
sky130_fd_sc_hd__mux4_2,_07412_,picorv32a
sky130_fd_sc_hd__mux2_1,_07413_,picorv32a
sky130_fd_sc_hd__mux2_1,_07414_,picorv32a
sky130_fd_sc_hd__mux2_1,_07415_,picorv32a
sky130_fd_sc_hd__mux2_1,_07416_,picorv32a
sky130_fd_sc_hd__mux2_1,_07417_,picorv32a
sky130_fd_sc_hd__mux2_1,_07418_,picorv32a
sky130_fd_sc_hd__mux2_1,_07419_,picorv32a
sky130_fd_sc_hd__mux2_1,_07420_,picorv32a
sky130_fd_sc_hd__mux2_1,_07421_,picorv32a
sky130_fd_sc_hd__mux2_1,_07422_,picorv32a
sky130_fd_sc_hd__mux2_1,_07423_,picorv32a
sky130_fd_sc_hd__mux2_1,_07424_,picorv32a
sky130_fd_sc_hd__mux2_1,_07425_,picorv32a
sky130_fd_sc_hd__mux2_1,_07426_,picorv32a
sky130_fd_sc_hd__mux2_1,_07427_,picorv32a
sky130_fd_sc_hd__mux2_1,_07428_,picorv32a
sky130_fd_sc_hd__mux4_2,_07429_,picorv32a
sky130_fd_sc_hd__mux2_1,_07430_,picorv32a
sky130_fd_sc_hd__mux4_2,_07431_,picorv32a
sky130_fd_sc_hd__mux4_2,_07432_,picorv32a
sky130_fd_sc_hd__mux2_1,_07433_,picorv32a
sky130_fd_sc_hd__mux4_2,_07434_,picorv32a
sky130_fd_sc_hd__mux4_2,_07435_,picorv32a
sky130_fd_sc_hd__mux4_2,_07436_,picorv32a
sky130_fd_sc_hd__o21a_2,_07437_,picorv32a
sky130_fd_sc_hd__o21ai_2,_07438_,picorv32a
sky130_fd_sc_hd__mux2_1,_07439_,picorv32a
sky130_fd_sc_hd__nand2_2,_07440_,picorv32a
sky130_fd_sc_hd__o22a_2,_07441_,picorv32a
sky130_fd_sc_hd__mux2_1,_07442_,picorv32a
sky130_fd_sc_hd__mux2_1,_07443_,picorv32a
sky130_fd_sc_hd__mux2_1,_07444_,picorv32a
sky130_fd_sc_hd__mux2_1,_07445_,picorv32a
sky130_fd_sc_hd__mux2_1,_07446_,picorv32a
sky130_fd_sc_hd__mux2_1,_07447_,picorv32a
sky130_fd_sc_hd__mux2_1,_07448_,picorv32a
sky130_fd_sc_hd__mux2_1,_07449_,picorv32a
sky130_fd_sc_hd__mux2_1,_07450_,picorv32a
sky130_fd_sc_hd__mux2_1,_07451_,picorv32a
sky130_fd_sc_hd__mux2_1,_07452_,picorv32a
sky130_fd_sc_hd__mux2_1,_07453_,picorv32a
sky130_fd_sc_hd__mux2_1,_07454_,picorv32a
sky130_fd_sc_hd__mux2_1,_07455_,picorv32a
sky130_fd_sc_hd__mux4_2,_07456_,picorv32a
sky130_fd_sc_hd__mux2_1,_07457_,picorv32a
sky130_fd_sc_hd__mux4_2,_07458_,picorv32a
sky130_fd_sc_hd__mux4_2,_07459_,picorv32a
sky130_fd_sc_hd__o21a_2,_07460_,picorv32a
sky130_fd_sc_hd__mux2_1,_07461_,picorv32a
sky130_fd_sc_hd__mux2_1,_07462_,picorv32a
sky130_fd_sc_hd__mux2_1,_07463_,picorv32a
sky130_fd_sc_hd__mux2_1,_07464_,picorv32a
sky130_fd_sc_hd__mux2_1,_07465_,picorv32a
sky130_fd_sc_hd__mux2_1,_07466_,picorv32a
sky130_fd_sc_hd__mux2_1,_07467_,picorv32a
sky130_fd_sc_hd__mux4_2,_07468_,picorv32a
sky130_fd_sc_hd__o21a_2,_07469_,picorv32a
sky130_fd_sc_hd__mux2_1,_07470_,picorv32a
sky130_fd_sc_hd__nand2_2,_07471_,picorv32a
sky130_fd_sc_hd__mux2_1,_07472_,picorv32a
sky130_fd_sc_hd__mux2_1,_07473_,picorv32a
sky130_fd_sc_hd__mux2_1,_07474_,picorv32a
sky130_fd_sc_hd__mux2_1,_07475_,picorv32a
sky130_fd_sc_hd__mux2_1,_07476_,picorv32a
sky130_fd_sc_hd__mux2_1,_07477_,picorv32a
sky130_fd_sc_hd__mux4_2,_07478_,picorv32a
sky130_fd_sc_hd__mux2_1,_07479_,picorv32a
sky130_fd_sc_hd__mux4_2,_07480_,picorv32a
sky130_fd_sc_hd__mux4_2,_07481_,picorv32a
sky130_fd_sc_hd__mux2_1,_07482_,picorv32a
sky130_fd_sc_hd__mux4_2,_07483_,picorv32a
sky130_fd_sc_hd__mux2_1,_07484_,picorv32a
sky130_fd_sc_hd__mux2_1,_07485_,picorv32a
sky130_fd_sc_hd__o21a_2,_07486_,picorv32a
sky130_fd_sc_hd__mux2_1,_07487_,picorv32a
sky130_fd_sc_hd__mux2_1,_07488_,picorv32a
sky130_fd_sc_hd__mux4_2,_07489_,picorv32a
sky130_fd_sc_hd__mux2_1,_07490_,picorv32a
sky130_fd_sc_hd__mux2_1,_07491_,picorv32a
sky130_fd_sc_hd__o21a_2,_07492_,picorv32a
sky130_fd_sc_hd__mux2_1,_07493_,picorv32a
sky130_fd_sc_hd__mux2_1,_07494_,picorv32a
sky130_fd_sc_hd__mux4_2,_07495_,picorv32a
sky130_fd_sc_hd__mux2_1,_07496_,picorv32a
sky130_fd_sc_hd__mux2_1,_07497_,picorv32a
sky130_fd_sc_hd__o21a_2,_07498_,picorv32a
sky130_fd_sc_hd__mux2_1,_07499_,picorv32a
sky130_fd_sc_hd__mux2_1,_07500_,picorv32a
sky130_fd_sc_hd__mux4_2,_07501_,picorv32a
sky130_fd_sc_hd__mux2_1,_07502_,picorv32a
sky130_fd_sc_hd__mux2_1,_07503_,picorv32a
sky130_fd_sc_hd__and2_2,_07504_,picorv32a
sky130_fd_sc_hd__mux2_1,_07505_,picorv32a
sky130_fd_sc_hd__mux2_1,_07506_,picorv32a
sky130_fd_sc_hd__mux4_2,_07507_,picorv32a
sky130_fd_sc_hd__nand2_2,_07508_,picorv32a
sky130_fd_sc_hd__o21ai_2,_07509_,picorv32a
sky130_fd_sc_hd__inv_2,_07510_,picorv32a
sky130_fd_sc_hd__mux4_2,_07511_,picorv32a
sky130_fd_sc_hd__o21a_2,_07512_,picorv32a
sky130_fd_sc_hd__mux4_2,_07513_,picorv32a
sky130_fd_sc_hd__o21a_2,_07514_,picorv32a
sky130_fd_sc_hd__mux4_2,_07515_,picorv32a
sky130_fd_sc_hd__o21a_2,_07516_,picorv32a
sky130_fd_sc_hd__mux4_2,_07517_,picorv32a
sky130_fd_sc_hd__o21a_2,_07518_,picorv32a
sky130_fd_sc_hd__mux4_2,_07519_,picorv32a
sky130_fd_sc_hd__o21a_2,_07520_,picorv32a
sky130_fd_sc_hd__mux4_2,_07521_,picorv32a
sky130_fd_sc_hd__o21a_2,_07522_,picorv32a
sky130_fd_sc_hd__mux4_2,_07523_,picorv32a
sky130_fd_sc_hd__and3_2,_07524_,picorv32a
sky130_fd_sc_hd__mux2_1,_07525_,picorv32a
sky130_fd_sc_hd__mux2_1,_07526_,picorv32a
sky130_fd_sc_hd__nand2_2,_07527_,picorv32a
sky130_fd_sc_hd__o21a_2,_07528_,picorv32a
sky130_fd_sc_hd__o21a_2,_07529_,picorv32a
sky130_fd_sc_hd__o21a_2,_07530_,picorv32a
sky130_fd_sc_hd__o21a_2,_07531_,picorv32a
sky130_fd_sc_hd__o21a_2,_07532_,picorv32a
sky130_fd_sc_hd__o21a_2,_07533_,picorv32a
sky130_fd_sc_hd__o21a_2,_07534_,picorv32a
sky130_fd_sc_hd__o21a_2,_07535_,picorv32a
sky130_fd_sc_hd__o21a_2,_07536_,picorv32a
sky130_fd_sc_hd__o21a_2,_07537_,picorv32a
sky130_fd_sc_hd__o21a_2,_07538_,picorv32a
sky130_fd_sc_hd__o21a_2,_07539_,picorv32a
sky130_fd_sc_hd__o21a_2,_07540_,picorv32a
sky130_fd_sc_hd__o21a_2,_07541_,picorv32a
sky130_fd_sc_hd__o21a_2,_07542_,picorv32a
sky130_fd_sc_hd__and2_2,_07543_,picorv32a
sky130_fd_sc_hd__or4_2,_07544_,picorv32a
sky130_fd_sc_hd__or3b_2,_07545_,picorv32a
sky130_fd_sc_hd__or3_2,_07546_,picorv32a
sky130_fd_sc_hd__and2_2,_07547_,picorv32a
sky130_fd_sc_hd__nand2_2,_07548_,picorv32a
sky130_fd_sc_hd__nor2_2,_07549_,picorv32a
sky130_fd_sc_hd__and2b_2,_07550_,picorv32a
sky130_fd_sc_hd__and2b_2,_07551_,picorv32a
sky130_fd_sc_hd__or3_2,_07552_,picorv32a
sky130_fd_sc_hd__o21a_2,_07553_,picorv32a
sky130_fd_sc_hd__mux2_1,_07554_,picorv32a
sky130_fd_sc_hd__a22o_2,_07555_,picorv32a
sky130_fd_sc_hd__or2_2,_07556_,picorv32a
sky130_fd_sc_hd__mux2_1,_07557_,picorv32a
sky130_fd_sc_hd__mux2_1,_07558_,picorv32a
sky130_fd_sc_hd__and2_2,_07559_,picorv32a
sky130_fd_sc_hd__a221o_2,_07560_,picorv32a
sky130_fd_sc_hd__o22a_2,_07561_,picorv32a
sky130_fd_sc_hd__mux2_1,_07562_,picorv32a
sky130_fd_sc_hd__mux2_1,_07563_,picorv32a
sky130_fd_sc_hd__a221o_2,_07564_,picorv32a
sky130_fd_sc_hd__a21oi_2,_07565_,picorv32a
sky130_fd_sc_hd__a21oi_2,_07566_,picorv32a
sky130_fd_sc_hd__mux2_1,_07567_,picorv32a
sky130_fd_sc_hd__mux2_1,_07568_,picorv32a
sky130_fd_sc_hd__and2_2,_07569_,picorv32a
sky130_fd_sc_hd__a221o_2,_07570_,picorv32a
sky130_fd_sc_hd__xor2_2,_07571_,picorv32a
sky130_fd_sc_hd__o22a_2,_07572_,picorv32a
sky130_fd_sc_hd__mux2_1,_07573_,picorv32a
sky130_fd_sc_hd__mux2_1,_07574_,picorv32a
sky130_fd_sc_hd__and2_2,_07575_,picorv32a
sky130_fd_sc_hd__a221o_2,_07576_,picorv32a
sky130_fd_sc_hd__and3_2,_07577_,picorv32a
sky130_fd_sc_hd__a21oi_2,_07578_,picorv32a
sky130_fd_sc_hd__nor2_2,_07579_,picorv32a
sky130_fd_sc_hd__o22a_2,_07580_,picorv32a
sky130_fd_sc_hd__mux2_1,_07581_,picorv32a
sky130_fd_sc_hd__mux2_1,_07582_,picorv32a
sky130_fd_sc_hd__and2_2,_07583_,picorv32a
sky130_fd_sc_hd__a221o_2,_07584_,picorv32a
sky130_fd_sc_hd__and2_2,_07585_,picorv32a
sky130_fd_sc_hd__nor2_2,_07586_,picorv32a
sky130_fd_sc_hd__nor2_2,_07587_,picorv32a
sky130_fd_sc_hd__o22a_2,_07588_,picorv32a
sky130_fd_sc_hd__mux2_1,_07589_,picorv32a
sky130_fd_sc_hd__mux2_1,_07590_,picorv32a
sky130_fd_sc_hd__and2_2,_07591_,picorv32a
sky130_fd_sc_hd__a221o_2,_07592_,picorv32a
sky130_fd_sc_hd__xor2_2,_07593_,picorv32a
sky130_fd_sc_hd__o22a_2,_07594_,picorv32a
sky130_fd_sc_hd__mux2_1,_07595_,picorv32a
sky130_fd_sc_hd__mux2_1,_07596_,picorv32a
sky130_fd_sc_hd__a221o_2,_07597_,picorv32a
sky130_fd_sc_hd__a21oi_2,_07598_,picorv32a
sky130_fd_sc_hd__and3_2,_07599_,picorv32a
sky130_fd_sc_hd__a21oi_2,_07600_,picorv32a
sky130_fd_sc_hd__o21a_2,_07601_,picorv32a
sky130_fd_sc_hd__nor2_2,_07602_,picorv32a
sky130_fd_sc_hd__mux2_1,_07603_,picorv32a
sky130_fd_sc_hd__mux2_1,_07604_,picorv32a
sky130_fd_sc_hd__a221o_2,_07605_,picorv32a
sky130_fd_sc_hd__a21oi_2,_07606_,picorv32a
sky130_fd_sc_hd__and2_2,_07607_,picorv32a
sky130_fd_sc_hd__nor2_2,_07608_,picorv32a
sky130_fd_sc_hd__o21a_2,_07609_,picorv32a
sky130_fd_sc_hd__nor2_2,_07610_,picorv32a
sky130_fd_sc_hd__mux2_1,_07611_,picorv32a
sky130_fd_sc_hd__mux2_1,_07612_,picorv32a
sky130_fd_sc_hd__a221o_2,_07613_,picorv32a
sky130_fd_sc_hd__a21oi_2,_07614_,picorv32a
sky130_fd_sc_hd__xnor2_2,_07615_,picorv32a
sky130_fd_sc_hd__a21oi_2,_07616_,picorv32a
sky130_fd_sc_hd__mux2_1,_07617_,picorv32a
sky130_fd_sc_hd__mux2_1,_07618_,picorv32a
sky130_fd_sc_hd__a221o_2,_07619_,picorv32a
sky130_fd_sc_hd__a21oi_2,_07620_,picorv32a
sky130_fd_sc_hd__and3_2,_07621_,picorv32a
sky130_fd_sc_hd__a21oi_2,_07622_,picorv32a
sky130_fd_sc_hd__o21a_2,_07623_,picorv32a
sky130_fd_sc_hd__nor2_2,_07624_,picorv32a
sky130_fd_sc_hd__mux2_1,_07625_,picorv32a
sky130_fd_sc_hd__mux2_1,_07626_,picorv32a
sky130_fd_sc_hd__a221o_2,_07627_,picorv32a
sky130_fd_sc_hd__a21oi_2,_07628_,picorv32a
sky130_fd_sc_hd__and2_2,_07629_,picorv32a
sky130_fd_sc_hd__nor2_2,_07630_,picorv32a
sky130_fd_sc_hd__o21a_2,_07631_,picorv32a
sky130_fd_sc_hd__nor2_2,_07632_,picorv32a
sky130_fd_sc_hd__mux2_1,_07633_,picorv32a
sky130_fd_sc_hd__mux2_1,_07634_,picorv32a
sky130_fd_sc_hd__a221o_2,_07635_,picorv32a
sky130_fd_sc_hd__a21oi_2,_07636_,picorv32a
sky130_fd_sc_hd__xnor2_2,_07637_,picorv32a
sky130_fd_sc_hd__a21oi_2,_07638_,picorv32a
sky130_fd_sc_hd__mux2_1,_07639_,picorv32a
sky130_fd_sc_hd__a31o_2,_07640_,picorv32a
sky130_fd_sc_hd__and3_2,_07641_,picorv32a
sky130_fd_sc_hd__and3b_2,_07642_,picorv32a
sky130_fd_sc_hd__mux2_1,_07643_,picorv32a
sky130_fd_sc_hd__a22o_2,_07644_,picorv32a
sky130_fd_sc_hd__a211o_2,_07645_,picorv32a
sky130_fd_sc_hd__mux2_1,_07646_,picorv32a
sky130_fd_sc_hd__and2_2,_07647_,picorv32a
sky130_fd_sc_hd__o21ai_2,_07648_,picorv32a
sky130_fd_sc_hd__nor2_2,_07649_,picorv32a
sky130_fd_sc_hd__a22o_2,_07650_,picorv32a
sky130_fd_sc_hd__mux2_1,_07651_,picorv32a
sky130_fd_sc_hd__a211o_2,_07652_,picorv32a
sky130_fd_sc_hd__mux2_1,_07653_,picorv32a
sky130_fd_sc_hd__a21oi_2,_07654_,picorv32a
sky130_fd_sc_hd__o21a_2,_07655_,picorv32a
sky130_fd_sc_hd__a22o_2,_07656_,picorv32a
sky130_fd_sc_hd__mux2_1,_07657_,picorv32a
sky130_fd_sc_hd__a211o_2,_07658_,picorv32a
sky130_fd_sc_hd__mux2_1,_07659_,picorv32a
sky130_fd_sc_hd__a31o_2,_07660_,picorv32a
sky130_fd_sc_hd__and3_2,_07661_,picorv32a
sky130_fd_sc_hd__and3b_2,_07662_,picorv32a
sky130_fd_sc_hd__a22o_2,_07663_,picorv32a
sky130_fd_sc_hd__mux2_1,_07664_,picorv32a
sky130_fd_sc_hd__a211o_2,_07665_,picorv32a
sky130_fd_sc_hd__mux2_1,_07666_,picorv32a
sky130_fd_sc_hd__and2_2,_07667_,picorv32a
sky130_fd_sc_hd__o21ai_2,_07668_,picorv32a
sky130_fd_sc_hd__nor2_2,_07669_,picorv32a
sky130_fd_sc_hd__a22o_2,_07670_,picorv32a
sky130_fd_sc_hd__mux2_1,_07671_,picorv32a
sky130_fd_sc_hd__a211o_2,_07672_,picorv32a
sky130_fd_sc_hd__mux2_1,_07673_,picorv32a
sky130_fd_sc_hd__a21oi_2,_07674_,picorv32a
sky130_fd_sc_hd__o21a_2,_07675_,picorv32a
sky130_fd_sc_hd__a22o_2,_07676_,picorv32a
sky130_fd_sc_hd__mux2_1,_07677_,picorv32a
sky130_fd_sc_hd__a211o_2,_07678_,picorv32a
sky130_fd_sc_hd__mux2_1,_07679_,picorv32a
sky130_fd_sc_hd__a31o_2,_07680_,picorv32a
sky130_fd_sc_hd__and3_2,_07681_,picorv32a
sky130_fd_sc_hd__and3b_2,_07682_,picorv32a
sky130_fd_sc_hd__a22o_2,_07683_,picorv32a
sky130_fd_sc_hd__mux2_1,_07684_,picorv32a
sky130_fd_sc_hd__a211o_2,_07685_,picorv32a
sky130_fd_sc_hd__mux2_1,_07686_,picorv32a
sky130_fd_sc_hd__and2_2,_07687_,picorv32a
sky130_fd_sc_hd__o21ai_2,_07688_,picorv32a
sky130_fd_sc_hd__nor2_2,_07689_,picorv32a
sky130_fd_sc_hd__a22o_2,_07690_,picorv32a
sky130_fd_sc_hd__mux2_1,_07691_,picorv32a
sky130_fd_sc_hd__a211o_2,_07692_,picorv32a
sky130_fd_sc_hd__mux2_1,_07693_,picorv32a
sky130_fd_sc_hd__a21oi_2,_07694_,picorv32a
sky130_fd_sc_hd__o21a_2,_07695_,picorv32a
sky130_fd_sc_hd__a22o_2,_07696_,picorv32a
sky130_fd_sc_hd__mux2_1,_07697_,picorv32a
sky130_fd_sc_hd__a211o_2,_07698_,picorv32a
sky130_fd_sc_hd__mux2_1,_07699_,picorv32a
sky130_fd_sc_hd__a31o_2,_07700_,picorv32a
sky130_fd_sc_hd__and3_2,_07701_,picorv32a
sky130_fd_sc_hd__and3b_2,_07702_,picorv32a
sky130_fd_sc_hd__a22o_2,_07703_,picorv32a
sky130_fd_sc_hd__mux2_1,_07704_,picorv32a
sky130_fd_sc_hd__a211o_2,_07705_,picorv32a
sky130_fd_sc_hd__mux2_1,_07706_,picorv32a
sky130_fd_sc_hd__and2_2,_07707_,picorv32a
sky130_fd_sc_hd__o21ai_2,_07708_,picorv32a
sky130_fd_sc_hd__nor2_2,_07709_,picorv32a
sky130_fd_sc_hd__a22o_2,_07710_,picorv32a
sky130_fd_sc_hd__mux2_1,_07711_,picorv32a
sky130_fd_sc_hd__a211o_2,_07712_,picorv32a
sky130_fd_sc_hd__mux2_1,_07713_,picorv32a
sky130_fd_sc_hd__and3_2,_07714_,picorv32a
sky130_fd_sc_hd__o21ai_2,_07715_,picorv32a
sky130_fd_sc_hd__nor2_2,_07716_,picorv32a
sky130_fd_sc_hd__a22o_2,_07717_,picorv32a
sky130_fd_sc_hd__mux2_1,_07718_,picorv32a
sky130_fd_sc_hd__a211o_2,_07719_,picorv32a
sky130_fd_sc_hd__mux2_1,_07720_,picorv32a
sky130_fd_sc_hd__and2_2,_07721_,picorv32a
sky130_fd_sc_hd__o21ai_2,_07722_,picorv32a
sky130_fd_sc_hd__nor2_2,_07723_,picorv32a
sky130_fd_sc_hd__a22o_2,_07724_,picorv32a
sky130_fd_sc_hd__mux2_1,_07725_,picorv32a
sky130_fd_sc_hd__a211o_2,_07726_,picorv32a
sky130_fd_sc_hd__mux2_1,_07727_,picorv32a
sky130_fd_sc_hd__and3_2,_07728_,picorv32a
sky130_fd_sc_hd__o21ai_2,_07729_,picorv32a
sky130_fd_sc_hd__nor2_2,_07730_,picorv32a
sky130_fd_sc_hd__a22o_2,_07731_,picorv32a
sky130_fd_sc_hd__mux2_1,_07732_,picorv32a
sky130_fd_sc_hd__a211o_2,_07733_,picorv32a
sky130_fd_sc_hd__mux2_1,_07734_,picorv32a
sky130_fd_sc_hd__a21oi_2,_07735_,picorv32a
sky130_fd_sc_hd__o21a_2,_07736_,picorv32a
sky130_fd_sc_hd__a22o_2,_07737_,picorv32a
sky130_fd_sc_hd__mux2_1,_07738_,picorv32a
sky130_fd_sc_hd__a211o_2,_07739_,picorv32a
sky130_fd_sc_hd__mux2_1,_07740_,picorv32a
sky130_fd_sc_hd__and3_2,_07741_,picorv32a
sky130_fd_sc_hd__a21o_2,_07742_,picorv32a
sky130_fd_sc_hd__and3b_2,_07743_,picorv32a
sky130_fd_sc_hd__mux2_1,_07744_,picorv32a
sky130_fd_sc_hd__a22o_2,_07745_,picorv32a
sky130_fd_sc_hd__a211o_2,_07746_,picorv32a
sky130_fd_sc_hd__mux2_1,_07747_,picorv32a
sky130_fd_sc_hd__and2_2,_07748_,picorv32a
sky130_fd_sc_hd__o21ai_2,_07749_,picorv32a
sky130_fd_sc_hd__nor2_2,_07750_,picorv32a
sky130_fd_sc_hd__a22o_2,_07751_,picorv32a
sky130_fd_sc_hd__mux2_1,_07752_,picorv32a
sky130_fd_sc_hd__a211o_2,_07753_,picorv32a
sky130_fd_sc_hd__mux2_1,_07754_,picorv32a
sky130_fd_sc_hd__and3_2,_07755_,picorv32a
sky130_fd_sc_hd__o21ai_2,_07756_,picorv32a
sky130_fd_sc_hd__nor2_2,_07757_,picorv32a
sky130_fd_sc_hd__a22o_2,_07758_,picorv32a
sky130_fd_sc_hd__mux2_1,_07759_,picorv32a
sky130_fd_sc_hd__a211o_2,_07760_,picorv32a
sky130_fd_sc_hd__mux2_1,_07761_,picorv32a
sky130_fd_sc_hd__xor2_2,_07762_,picorv32a
sky130_fd_sc_hd__mux2_1,_07763_,picorv32a
sky130_fd_sc_hd__a22o_2,_07764_,picorv32a
sky130_fd_sc_hd__a221o_2,_07765_,picorv32a
sky130_fd_sc_hd__mux2_1,_07766_,picorv32a
sky130_fd_sc_hd__and3_2,_07767_,picorv32a
sky130_fd_sc_hd__nor3b_2,_07768_,picorv32a
sky130_fd_sc_hd__or2_2,_07769_,picorv32a
sky130_fd_sc_hd__or3b_2,_07770_,picorv32a
sky130_fd_sc_hd__mux2_1,_07771_,picorv32a
sky130_fd_sc_hd__mux2_1,_07772_,picorv32a
sky130_fd_sc_hd__mux2_1,_07773_,picorv32a
sky130_fd_sc_hd__mux2_1,_07774_,picorv32a
sky130_fd_sc_hd__mux2_1,_07775_,picorv32a
sky130_fd_sc_hd__mux2_1,_07776_,picorv32a
sky130_fd_sc_hd__mux2_1,_07777_,picorv32a
sky130_fd_sc_hd__mux2_1,_07778_,picorv32a
sky130_fd_sc_hd__mux2_1,_07779_,picorv32a
sky130_fd_sc_hd__mux2_1,_07780_,picorv32a
sky130_fd_sc_hd__mux2_1,_07781_,picorv32a
sky130_fd_sc_hd__mux2_1,_07782_,picorv32a
sky130_fd_sc_hd__mux2_1,_07783_,picorv32a
sky130_fd_sc_hd__mux2_1,_07784_,picorv32a
sky130_fd_sc_hd__mux2_1,_07785_,picorv32a
sky130_fd_sc_hd__mux2_1,_07786_,picorv32a
sky130_fd_sc_hd__mux2_1,_07787_,picorv32a
sky130_fd_sc_hd__mux2_1,_07788_,picorv32a
sky130_fd_sc_hd__mux2_1,_07789_,picorv32a
sky130_fd_sc_hd__mux2_1,_07790_,picorv32a
sky130_fd_sc_hd__mux2_1,_07791_,picorv32a
sky130_fd_sc_hd__mux2_1,_07792_,picorv32a
sky130_fd_sc_hd__mux2_1,_07793_,picorv32a
sky130_fd_sc_hd__mux2_1,_07794_,picorv32a
sky130_fd_sc_hd__mux2_1,_07795_,picorv32a
sky130_fd_sc_hd__mux2_1,_07796_,picorv32a
sky130_fd_sc_hd__mux2_1,_07797_,picorv32a
sky130_fd_sc_hd__mux2_1,_07798_,picorv32a
sky130_fd_sc_hd__mux2_1,_07799_,picorv32a
sky130_fd_sc_hd__mux2_1,_07800_,picorv32a
sky130_fd_sc_hd__mux2_1,_07801_,picorv32a
sky130_fd_sc_hd__mux2_1,_07802_,picorv32a
sky130_fd_sc_hd__and2b_2,_07803_,picorv32a
sky130_fd_sc_hd__nand2b_2,_07804_,picorv32a
sky130_fd_sc_hd__nand2_2,_07805_,picorv32a
sky130_fd_sc_hd__mux2_1,_07806_,picorv32a
sky130_fd_sc_hd__mux2_1,_07807_,picorv32a
sky130_fd_sc_hd__mux2_1,_07808_,picorv32a
sky130_fd_sc_hd__mux2_1,_07809_,picorv32a
sky130_fd_sc_hd__mux2_1,_07810_,picorv32a
sky130_fd_sc_hd__mux2_1,_07811_,picorv32a
sky130_fd_sc_hd__mux2_1,_07812_,picorv32a
sky130_fd_sc_hd__mux2_1,_07813_,picorv32a
sky130_fd_sc_hd__mux2_1,_07814_,picorv32a
sky130_fd_sc_hd__mux2_1,_07815_,picorv32a
sky130_fd_sc_hd__mux2_1,_07816_,picorv32a
sky130_fd_sc_hd__mux2_1,_07817_,picorv32a
sky130_fd_sc_hd__mux2_1,_07818_,picorv32a
sky130_fd_sc_hd__mux2_1,_07819_,picorv32a
sky130_fd_sc_hd__mux2_1,_07820_,picorv32a
sky130_fd_sc_hd__mux2_1,_07821_,picorv32a
sky130_fd_sc_hd__mux2_1,_07822_,picorv32a
sky130_fd_sc_hd__mux2_1,_07823_,picorv32a
sky130_fd_sc_hd__mux2_1,_07824_,picorv32a
sky130_fd_sc_hd__mux2_1,_07825_,picorv32a
sky130_fd_sc_hd__mux2_1,_07826_,picorv32a
sky130_fd_sc_hd__mux2_1,_07827_,picorv32a
sky130_fd_sc_hd__mux2_1,_07828_,picorv32a
sky130_fd_sc_hd__mux2_1,_07829_,picorv32a
sky130_fd_sc_hd__mux2_1,_07830_,picorv32a
sky130_fd_sc_hd__mux2_1,_07831_,picorv32a
sky130_fd_sc_hd__mux2_1,_07832_,picorv32a
sky130_fd_sc_hd__mux2_1,_07833_,picorv32a
sky130_fd_sc_hd__mux2_1,_07834_,picorv32a
sky130_fd_sc_hd__mux2_1,_07835_,picorv32a
sky130_fd_sc_hd__mux2_1,_07836_,picorv32a
sky130_fd_sc_hd__mux2_1,_07837_,picorv32a
sky130_fd_sc_hd__and2b_2,_07838_,picorv32a
sky130_fd_sc_hd__nand2b_2,_07839_,picorv32a
sky130_fd_sc_hd__nand2_2,_07840_,picorv32a
sky130_fd_sc_hd__mux2_1,_07841_,picorv32a
sky130_fd_sc_hd__mux2_1,_07842_,picorv32a
sky130_fd_sc_hd__mux2_1,_07843_,picorv32a
sky130_fd_sc_hd__mux2_1,_07844_,picorv32a
sky130_fd_sc_hd__mux2_1,_07845_,picorv32a
sky130_fd_sc_hd__mux2_1,_07846_,picorv32a
sky130_fd_sc_hd__mux2_1,_07847_,picorv32a
sky130_fd_sc_hd__mux2_1,_07848_,picorv32a
sky130_fd_sc_hd__mux2_1,_07849_,picorv32a
sky130_fd_sc_hd__mux2_1,_07850_,picorv32a
sky130_fd_sc_hd__mux2_1,_07851_,picorv32a
sky130_fd_sc_hd__mux2_1,_07852_,picorv32a
sky130_fd_sc_hd__mux2_1,_07853_,picorv32a
sky130_fd_sc_hd__mux2_1,_07854_,picorv32a
sky130_fd_sc_hd__mux2_1,_07855_,picorv32a
sky130_fd_sc_hd__mux2_1,_07856_,picorv32a
sky130_fd_sc_hd__mux2_1,_07857_,picorv32a
sky130_fd_sc_hd__mux2_1,_07858_,picorv32a
sky130_fd_sc_hd__mux2_1,_07859_,picorv32a
sky130_fd_sc_hd__mux2_1,_07860_,picorv32a
sky130_fd_sc_hd__mux2_1,_07861_,picorv32a
sky130_fd_sc_hd__mux2_1,_07862_,picorv32a
sky130_fd_sc_hd__mux2_1,_07863_,picorv32a
sky130_fd_sc_hd__mux2_1,_07864_,picorv32a
sky130_fd_sc_hd__mux2_1,_07865_,picorv32a
sky130_fd_sc_hd__mux2_1,_07866_,picorv32a
sky130_fd_sc_hd__mux2_1,_07867_,picorv32a
sky130_fd_sc_hd__mux2_1,_07868_,picorv32a
sky130_fd_sc_hd__mux2_1,_07869_,picorv32a
sky130_fd_sc_hd__mux2_1,_07870_,picorv32a
sky130_fd_sc_hd__mux2_1,_07871_,picorv32a
sky130_fd_sc_hd__mux2_1,_07872_,picorv32a
sky130_fd_sc_hd__nand2_2,_07873_,picorv32a
sky130_fd_sc_hd__mux2_1,_07874_,picorv32a
sky130_fd_sc_hd__mux2_1,_07875_,picorv32a
sky130_fd_sc_hd__mux2_1,_07876_,picorv32a
sky130_fd_sc_hd__mux2_1,_07877_,picorv32a
sky130_fd_sc_hd__mux2_1,_07878_,picorv32a
sky130_fd_sc_hd__mux2_1,_07879_,picorv32a
sky130_fd_sc_hd__mux2_1,_07880_,picorv32a
sky130_fd_sc_hd__mux2_1,_07881_,picorv32a
sky130_fd_sc_hd__mux2_1,_07882_,picorv32a
sky130_fd_sc_hd__mux2_1,_07883_,picorv32a
sky130_fd_sc_hd__mux2_1,_07884_,picorv32a
sky130_fd_sc_hd__mux2_1,_07885_,picorv32a
sky130_fd_sc_hd__mux2_1,_07886_,picorv32a
sky130_fd_sc_hd__mux2_1,_07887_,picorv32a
sky130_fd_sc_hd__mux2_1,_07888_,picorv32a
sky130_fd_sc_hd__mux2_1,_07889_,picorv32a
sky130_fd_sc_hd__mux2_1,_07890_,picorv32a
sky130_fd_sc_hd__mux2_1,_07891_,picorv32a
sky130_fd_sc_hd__mux2_1,_07892_,picorv32a
sky130_fd_sc_hd__mux2_1,_07893_,picorv32a
sky130_fd_sc_hd__mux2_1,_07894_,picorv32a
sky130_fd_sc_hd__mux2_1,_07895_,picorv32a
sky130_fd_sc_hd__mux2_1,_07896_,picorv32a
sky130_fd_sc_hd__mux2_1,_07897_,picorv32a
sky130_fd_sc_hd__mux2_1,_07898_,picorv32a
sky130_fd_sc_hd__mux2_1,_07899_,picorv32a
sky130_fd_sc_hd__mux2_1,_07900_,picorv32a
sky130_fd_sc_hd__mux2_1,_07901_,picorv32a
sky130_fd_sc_hd__mux2_1,_07902_,picorv32a
sky130_fd_sc_hd__mux2_1,_07903_,picorv32a
sky130_fd_sc_hd__mux2_1,_07904_,picorv32a
sky130_fd_sc_hd__mux2_1,_07905_,picorv32a
sky130_fd_sc_hd__or3b_2,_07906_,picorv32a
sky130_fd_sc_hd__nor2_2,_07907_,picorv32a
sky130_fd_sc_hd__mux2_1,_07908_,picorv32a
sky130_fd_sc_hd__mux2_1,_07909_,picorv32a
sky130_fd_sc_hd__mux2_1,_07910_,picorv32a
sky130_fd_sc_hd__mux2_1,_07911_,picorv32a
sky130_fd_sc_hd__mux2_1,_07912_,picorv32a
sky130_fd_sc_hd__mux2_1,_07913_,picorv32a
sky130_fd_sc_hd__mux2_1,_07914_,picorv32a
sky130_fd_sc_hd__mux2_1,_07915_,picorv32a
sky130_fd_sc_hd__mux2_1,_07916_,picorv32a
sky130_fd_sc_hd__mux2_1,_07917_,picorv32a
sky130_fd_sc_hd__mux2_1,_07918_,picorv32a
sky130_fd_sc_hd__mux2_1,_07919_,picorv32a
sky130_fd_sc_hd__mux2_1,_07920_,picorv32a
sky130_fd_sc_hd__mux2_1,_07921_,picorv32a
sky130_fd_sc_hd__mux2_1,_07922_,picorv32a
sky130_fd_sc_hd__mux2_1,_07923_,picorv32a
sky130_fd_sc_hd__mux2_1,_07924_,picorv32a
sky130_fd_sc_hd__mux2_1,_07925_,picorv32a
sky130_fd_sc_hd__mux2_1,_07926_,picorv32a
sky130_fd_sc_hd__mux2_1,_07927_,picorv32a
sky130_fd_sc_hd__mux2_1,_07928_,picorv32a
sky130_fd_sc_hd__mux2_1,_07929_,picorv32a
sky130_fd_sc_hd__mux2_1,_07930_,picorv32a
sky130_fd_sc_hd__mux2_1,_07931_,picorv32a
sky130_fd_sc_hd__mux2_1,_07932_,picorv32a
sky130_fd_sc_hd__mux2_1,_07933_,picorv32a
sky130_fd_sc_hd__mux2_1,_07934_,picorv32a
sky130_fd_sc_hd__mux2_1,_07935_,picorv32a
sky130_fd_sc_hd__mux2_1,_07936_,picorv32a
sky130_fd_sc_hd__mux2_1,_07937_,picorv32a
sky130_fd_sc_hd__mux2_1,_07938_,picorv32a
sky130_fd_sc_hd__mux2_1,_07939_,picorv32a
sky130_fd_sc_hd__nor2_2,_07940_,picorv32a
sky130_fd_sc_hd__mux2_1,_07941_,picorv32a
sky130_fd_sc_hd__mux2_1,_07942_,picorv32a
sky130_fd_sc_hd__mux2_1,_07943_,picorv32a
sky130_fd_sc_hd__mux2_1,_07944_,picorv32a
sky130_fd_sc_hd__mux2_1,_07945_,picorv32a
sky130_fd_sc_hd__mux2_1,_07946_,picorv32a
sky130_fd_sc_hd__mux2_1,_07947_,picorv32a
sky130_fd_sc_hd__mux2_1,_07948_,picorv32a
sky130_fd_sc_hd__mux2_1,_07949_,picorv32a
sky130_fd_sc_hd__mux2_1,_07950_,picorv32a
sky130_fd_sc_hd__mux2_1,_07951_,picorv32a
sky130_fd_sc_hd__mux2_1,_07952_,picorv32a
sky130_fd_sc_hd__mux2_1,_07953_,picorv32a
sky130_fd_sc_hd__mux2_1,_07954_,picorv32a
sky130_fd_sc_hd__mux2_1,_07955_,picorv32a
sky130_fd_sc_hd__mux2_1,_07956_,picorv32a
sky130_fd_sc_hd__mux2_1,_07957_,picorv32a
sky130_fd_sc_hd__mux2_1,_07958_,picorv32a
sky130_fd_sc_hd__mux2_1,_07959_,picorv32a
sky130_fd_sc_hd__mux2_1,_07960_,picorv32a
sky130_fd_sc_hd__mux2_1,_07961_,picorv32a
sky130_fd_sc_hd__mux2_1,_07962_,picorv32a
sky130_fd_sc_hd__mux2_1,_07963_,picorv32a
sky130_fd_sc_hd__mux2_1,_07964_,picorv32a
sky130_fd_sc_hd__mux2_1,_07965_,picorv32a
sky130_fd_sc_hd__mux2_1,_07966_,picorv32a
sky130_fd_sc_hd__mux2_1,_07967_,picorv32a
sky130_fd_sc_hd__mux2_1,_07968_,picorv32a
sky130_fd_sc_hd__mux2_1,_07969_,picorv32a
sky130_fd_sc_hd__mux2_1,_07970_,picorv32a
sky130_fd_sc_hd__mux2_1,_07971_,picorv32a
sky130_fd_sc_hd__mux2_1,_07972_,picorv32a
sky130_fd_sc_hd__nor2_2,_07973_,picorv32a
sky130_fd_sc_hd__mux2_1,_07974_,picorv32a
sky130_fd_sc_hd__mux2_1,_07975_,picorv32a
sky130_fd_sc_hd__mux2_1,_07976_,picorv32a
sky130_fd_sc_hd__mux2_1,_07977_,picorv32a
sky130_fd_sc_hd__mux2_1,_07978_,picorv32a
sky130_fd_sc_hd__mux2_1,_07979_,picorv32a
sky130_fd_sc_hd__mux2_1,_07980_,picorv32a
sky130_fd_sc_hd__mux2_1,_07981_,picorv32a
sky130_fd_sc_hd__mux2_1,_07982_,picorv32a
sky130_fd_sc_hd__mux2_1,_07983_,picorv32a
sky130_fd_sc_hd__mux2_1,_07984_,picorv32a
sky130_fd_sc_hd__mux2_1,_07985_,picorv32a
sky130_fd_sc_hd__mux2_1,_07986_,picorv32a
sky130_fd_sc_hd__mux2_1,_07987_,picorv32a
sky130_fd_sc_hd__mux2_1,_07988_,picorv32a
sky130_fd_sc_hd__mux2_1,_07989_,picorv32a
sky130_fd_sc_hd__mux2_1,_07990_,picorv32a
sky130_fd_sc_hd__mux2_1,_07991_,picorv32a
sky130_fd_sc_hd__mux2_1,_07992_,picorv32a
sky130_fd_sc_hd__mux2_1,_07993_,picorv32a
sky130_fd_sc_hd__mux2_1,_07994_,picorv32a
sky130_fd_sc_hd__mux2_1,_07995_,picorv32a
sky130_fd_sc_hd__mux2_1,_07996_,picorv32a
sky130_fd_sc_hd__mux2_1,_07997_,picorv32a
sky130_fd_sc_hd__mux2_1,_07998_,picorv32a
sky130_fd_sc_hd__mux2_1,_07999_,picorv32a
sky130_fd_sc_hd__mux2_1,_08000_,picorv32a
sky130_fd_sc_hd__mux2_1,_08001_,picorv32a
sky130_fd_sc_hd__mux2_1,_08002_,picorv32a
sky130_fd_sc_hd__mux2_1,_08003_,picorv32a
sky130_fd_sc_hd__mux2_1,_08004_,picorv32a
sky130_fd_sc_hd__mux2_1,_08005_,picorv32a
sky130_fd_sc_hd__or2_2,_08006_,picorv32a
sky130_fd_sc_hd__nor2_2,_08007_,picorv32a
sky130_fd_sc_hd__a21o_2,_08008_,picorv32a
sky130_fd_sc_hd__a21oi_2,_08009_,picorv32a
sky130_fd_sc_hd__or4_2,_08010_,picorv32a
sky130_fd_sc_hd__or3_2,_08011_,picorv32a
sky130_fd_sc_hd__a21oi_2,_08012_,picorv32a
sky130_fd_sc_hd__and3b_2,_08013_,picorv32a
sky130_fd_sc_hd__a311o_2,_08014_,picorv32a
sky130_fd_sc_hd__a21o_2,_08015_,picorv32a
sky130_fd_sc_hd__and3b_2,_08016_,picorv32a
sky130_fd_sc_hd__nand2b_2,_08017_,picorv32a
sky130_fd_sc_hd__mux2_1,_08018_,picorv32a
sky130_fd_sc_hd__mux2_1,_08019_,picorv32a
sky130_fd_sc_hd__mux2_1,_08020_,picorv32a
sky130_fd_sc_hd__mux2_1,_08021_,picorv32a
sky130_fd_sc_hd__mux2_1,_08022_,picorv32a
sky130_fd_sc_hd__mux2_1,_08023_,picorv32a
sky130_fd_sc_hd__mux2_1,_08024_,picorv32a
sky130_fd_sc_hd__mux2_1,_08025_,picorv32a
sky130_fd_sc_hd__mux2_1,_08026_,picorv32a
sky130_fd_sc_hd__mux2_1,_08027_,picorv32a
sky130_fd_sc_hd__mux2_1,_08028_,picorv32a
sky130_fd_sc_hd__mux2_1,_08029_,picorv32a
sky130_fd_sc_hd__mux2_1,_08030_,picorv32a
sky130_fd_sc_hd__mux2_1,_08031_,picorv32a
sky130_fd_sc_hd__mux2_1,_08032_,picorv32a
sky130_fd_sc_hd__mux2_1,_08033_,picorv32a
sky130_fd_sc_hd__mux2_1,_08034_,picorv32a
sky130_fd_sc_hd__mux2_1,_08035_,picorv32a
sky130_fd_sc_hd__mux2_1,_08036_,picorv32a
sky130_fd_sc_hd__mux2_1,_08037_,picorv32a
sky130_fd_sc_hd__mux2_1,_08038_,picorv32a
sky130_fd_sc_hd__mux2_1,_08039_,picorv32a
sky130_fd_sc_hd__mux2_1,_08040_,picorv32a
sky130_fd_sc_hd__mux2_1,_08041_,picorv32a
sky130_fd_sc_hd__mux2_1,_08042_,picorv32a
sky130_fd_sc_hd__mux2_1,_08043_,picorv32a
sky130_fd_sc_hd__mux2_1,_08044_,picorv32a
sky130_fd_sc_hd__mux2_1,_08045_,picorv32a
sky130_fd_sc_hd__mux2_1,_08046_,picorv32a
sky130_fd_sc_hd__mux2_1,_08047_,picorv32a
sky130_fd_sc_hd__mux2_1,_08048_,picorv32a
sky130_fd_sc_hd__mux2_1,_08049_,picorv32a
sky130_fd_sc_hd__nand2_2,_08050_,picorv32a
sky130_fd_sc_hd__mux2_1,_08051_,picorv32a
sky130_fd_sc_hd__mux2_1,_08052_,picorv32a
sky130_fd_sc_hd__mux2_1,_08053_,picorv32a
sky130_fd_sc_hd__mux2_1,_08054_,picorv32a
sky130_fd_sc_hd__mux2_1,_08055_,picorv32a
sky130_fd_sc_hd__mux2_1,_08056_,picorv32a
sky130_fd_sc_hd__mux2_1,_08057_,picorv32a
sky130_fd_sc_hd__mux2_1,_08058_,picorv32a
sky130_fd_sc_hd__mux2_1,_08059_,picorv32a
sky130_fd_sc_hd__mux2_1,_08060_,picorv32a
sky130_fd_sc_hd__mux2_1,_08061_,picorv32a
sky130_fd_sc_hd__mux2_1,_08062_,picorv32a
sky130_fd_sc_hd__mux2_1,_08063_,picorv32a
sky130_fd_sc_hd__mux2_1,_08064_,picorv32a
sky130_fd_sc_hd__mux2_1,_08065_,picorv32a
sky130_fd_sc_hd__mux2_1,_08066_,picorv32a
sky130_fd_sc_hd__mux2_1,_08067_,picorv32a
sky130_fd_sc_hd__mux2_1,_08068_,picorv32a
sky130_fd_sc_hd__mux2_1,_08069_,picorv32a
sky130_fd_sc_hd__mux2_1,_08070_,picorv32a
sky130_fd_sc_hd__mux2_1,_08071_,picorv32a
sky130_fd_sc_hd__mux2_1,_08072_,picorv32a
sky130_fd_sc_hd__mux2_1,_08073_,picorv32a
sky130_fd_sc_hd__mux2_1,_08074_,picorv32a
sky130_fd_sc_hd__mux2_1,_08075_,picorv32a
sky130_fd_sc_hd__mux2_1,_08076_,picorv32a
sky130_fd_sc_hd__mux2_1,_08077_,picorv32a
sky130_fd_sc_hd__mux2_1,_08078_,picorv32a
sky130_fd_sc_hd__mux2_1,_08079_,picorv32a
sky130_fd_sc_hd__mux2_1,_08080_,picorv32a
sky130_fd_sc_hd__mux2_1,_08081_,picorv32a
sky130_fd_sc_hd__mux2_1,_08082_,picorv32a
sky130_fd_sc_hd__nand2_2,_08083_,picorv32a
sky130_fd_sc_hd__mux2_1,_08084_,picorv32a
sky130_fd_sc_hd__mux2_1,_08085_,picorv32a
sky130_fd_sc_hd__mux2_1,_08086_,picorv32a
sky130_fd_sc_hd__mux2_1,_08087_,picorv32a
sky130_fd_sc_hd__mux2_1,_08088_,picorv32a
sky130_fd_sc_hd__mux2_1,_08089_,picorv32a
sky130_fd_sc_hd__mux2_1,_08090_,picorv32a
sky130_fd_sc_hd__mux2_1,_08091_,picorv32a
sky130_fd_sc_hd__mux2_1,_08092_,picorv32a
sky130_fd_sc_hd__mux2_1,_08093_,picorv32a
sky130_fd_sc_hd__mux2_1,_08094_,picorv32a
sky130_fd_sc_hd__mux2_1,_08095_,picorv32a
sky130_fd_sc_hd__mux2_1,_08096_,picorv32a
sky130_fd_sc_hd__mux2_1,_08097_,picorv32a
sky130_fd_sc_hd__mux2_1,_08098_,picorv32a
sky130_fd_sc_hd__mux2_1,_08099_,picorv32a
sky130_fd_sc_hd__mux2_1,_08100_,picorv32a
sky130_fd_sc_hd__mux2_1,_08101_,picorv32a
sky130_fd_sc_hd__mux2_1,_08102_,picorv32a
sky130_fd_sc_hd__mux2_1,_08103_,picorv32a
sky130_fd_sc_hd__mux2_1,_08104_,picorv32a
sky130_fd_sc_hd__mux2_1,_08105_,picorv32a
sky130_fd_sc_hd__mux2_1,_08106_,picorv32a
sky130_fd_sc_hd__mux2_1,_08107_,picorv32a
sky130_fd_sc_hd__mux2_1,_08108_,picorv32a
sky130_fd_sc_hd__mux2_1,_08109_,picorv32a
sky130_fd_sc_hd__mux2_1,_08110_,picorv32a
sky130_fd_sc_hd__mux2_1,_08111_,picorv32a
sky130_fd_sc_hd__mux2_1,_08112_,picorv32a
sky130_fd_sc_hd__mux2_1,_08113_,picorv32a
sky130_fd_sc_hd__mux2_1,_08114_,picorv32a
sky130_fd_sc_hd__mux2_1,_08115_,picorv32a
sky130_fd_sc_hd__nand2_2,_08116_,picorv32a
sky130_fd_sc_hd__mux2_1,_08117_,picorv32a
sky130_fd_sc_hd__mux2_1,_08118_,picorv32a
sky130_fd_sc_hd__mux2_1,_08119_,picorv32a
sky130_fd_sc_hd__mux2_1,_08120_,picorv32a
sky130_fd_sc_hd__mux2_1,_08121_,picorv32a
sky130_fd_sc_hd__mux2_1,_08122_,picorv32a
sky130_fd_sc_hd__mux2_1,_08123_,picorv32a
sky130_fd_sc_hd__mux2_1,_08124_,picorv32a
sky130_fd_sc_hd__mux2_1,_08125_,picorv32a
sky130_fd_sc_hd__mux2_1,_08126_,picorv32a
sky130_fd_sc_hd__mux2_1,_08127_,picorv32a
sky130_fd_sc_hd__mux2_1,_08128_,picorv32a
sky130_fd_sc_hd__mux2_1,_08129_,picorv32a
sky130_fd_sc_hd__mux2_1,_08130_,picorv32a
sky130_fd_sc_hd__mux2_1,_08131_,picorv32a
sky130_fd_sc_hd__mux2_1,_08132_,picorv32a
sky130_fd_sc_hd__mux2_1,_08133_,picorv32a
sky130_fd_sc_hd__mux2_1,_08134_,picorv32a
sky130_fd_sc_hd__mux2_1,_08135_,picorv32a
sky130_fd_sc_hd__mux2_1,_08136_,picorv32a
sky130_fd_sc_hd__mux2_1,_08137_,picorv32a
sky130_fd_sc_hd__mux2_1,_08138_,picorv32a
sky130_fd_sc_hd__mux2_1,_08139_,picorv32a
sky130_fd_sc_hd__mux2_1,_08140_,picorv32a
sky130_fd_sc_hd__mux2_1,_08141_,picorv32a
sky130_fd_sc_hd__mux2_1,_08142_,picorv32a
sky130_fd_sc_hd__mux2_1,_08143_,picorv32a
sky130_fd_sc_hd__mux2_1,_08144_,picorv32a
sky130_fd_sc_hd__mux2_1,_08145_,picorv32a
sky130_fd_sc_hd__mux2_1,_08146_,picorv32a
sky130_fd_sc_hd__mux2_1,_08147_,picorv32a
sky130_fd_sc_hd__mux2_1,_08148_,picorv32a
sky130_fd_sc_hd__or3b_2,_08149_,picorv32a
sky130_fd_sc_hd__nor2_2,_08150_,picorv32a
sky130_fd_sc_hd__mux2_1,_08151_,picorv32a
sky130_fd_sc_hd__mux2_1,_08152_,picorv32a
sky130_fd_sc_hd__mux2_1,_08153_,picorv32a
sky130_fd_sc_hd__mux2_1,_08154_,picorv32a
sky130_fd_sc_hd__mux2_1,_08155_,picorv32a
sky130_fd_sc_hd__mux2_1,_08156_,picorv32a
sky130_fd_sc_hd__mux2_1,_08157_,picorv32a
sky130_fd_sc_hd__mux2_1,_08158_,picorv32a
sky130_fd_sc_hd__mux2_1,_08159_,picorv32a
sky130_fd_sc_hd__mux2_1,_08160_,picorv32a
sky130_fd_sc_hd__mux2_1,_08161_,picorv32a
sky130_fd_sc_hd__mux2_1,_08162_,picorv32a
sky130_fd_sc_hd__mux2_1,_08163_,picorv32a
sky130_fd_sc_hd__mux2_1,_08164_,picorv32a
sky130_fd_sc_hd__mux2_1,_08165_,picorv32a
sky130_fd_sc_hd__mux2_1,_08166_,picorv32a
sky130_fd_sc_hd__mux2_1,_08167_,picorv32a
sky130_fd_sc_hd__mux2_1,_08168_,picorv32a
sky130_fd_sc_hd__mux2_1,_08169_,picorv32a
sky130_fd_sc_hd__mux2_1,_08170_,picorv32a
sky130_fd_sc_hd__mux2_1,_08171_,picorv32a
sky130_fd_sc_hd__mux2_1,_08172_,picorv32a
sky130_fd_sc_hd__mux2_1,_08173_,picorv32a
sky130_fd_sc_hd__mux2_1,_08174_,picorv32a
sky130_fd_sc_hd__mux2_1,_08175_,picorv32a
sky130_fd_sc_hd__mux2_1,_08176_,picorv32a
sky130_fd_sc_hd__mux2_1,_08177_,picorv32a
sky130_fd_sc_hd__mux2_1,_08178_,picorv32a
sky130_fd_sc_hd__mux2_1,_08179_,picorv32a
sky130_fd_sc_hd__mux2_1,_08180_,picorv32a
sky130_fd_sc_hd__mux2_1,_08181_,picorv32a
sky130_fd_sc_hd__mux2_1,_08182_,picorv32a
sky130_fd_sc_hd__nor2_2,_08183_,picorv32a
sky130_fd_sc_hd__mux2_1,_08184_,picorv32a
sky130_fd_sc_hd__mux2_1,_08185_,picorv32a
sky130_fd_sc_hd__mux2_1,_08186_,picorv32a
sky130_fd_sc_hd__mux2_1,_08187_,picorv32a
sky130_fd_sc_hd__mux2_1,_08188_,picorv32a
sky130_fd_sc_hd__mux2_1,_08189_,picorv32a
sky130_fd_sc_hd__mux2_1,_08190_,picorv32a
sky130_fd_sc_hd__mux2_1,_08191_,picorv32a
sky130_fd_sc_hd__mux2_1,_08192_,picorv32a
sky130_fd_sc_hd__mux2_1,_08193_,picorv32a
sky130_fd_sc_hd__mux2_1,_08194_,picorv32a
sky130_fd_sc_hd__mux2_1,_08195_,picorv32a
sky130_fd_sc_hd__mux2_1,_08196_,picorv32a
sky130_fd_sc_hd__mux2_1,_08197_,picorv32a
sky130_fd_sc_hd__mux2_1,_08198_,picorv32a
sky130_fd_sc_hd__mux2_1,_08199_,picorv32a
sky130_fd_sc_hd__mux2_1,_08200_,picorv32a
sky130_fd_sc_hd__mux2_1,_08201_,picorv32a
sky130_fd_sc_hd__mux2_1,_08202_,picorv32a
sky130_fd_sc_hd__mux2_1,_08203_,picorv32a
sky130_fd_sc_hd__mux2_1,_08204_,picorv32a
sky130_fd_sc_hd__mux2_1,_08205_,picorv32a
sky130_fd_sc_hd__mux2_1,_08206_,picorv32a
sky130_fd_sc_hd__mux2_1,_08207_,picorv32a
sky130_fd_sc_hd__mux2_1,_08208_,picorv32a
sky130_fd_sc_hd__mux2_1,_08209_,picorv32a
sky130_fd_sc_hd__mux2_1,_08210_,picorv32a
sky130_fd_sc_hd__mux2_1,_08211_,picorv32a
sky130_fd_sc_hd__mux2_1,_08212_,picorv32a
sky130_fd_sc_hd__mux2_1,_08213_,picorv32a
sky130_fd_sc_hd__mux2_1,_08214_,picorv32a
sky130_fd_sc_hd__mux2_1,_08215_,picorv32a
sky130_fd_sc_hd__nor2_2,_08216_,picorv32a
sky130_fd_sc_hd__mux2_1,_08217_,picorv32a
sky130_fd_sc_hd__mux2_1,_08218_,picorv32a
sky130_fd_sc_hd__mux2_1,_08219_,picorv32a
sky130_fd_sc_hd__mux2_1,_08220_,picorv32a
sky130_fd_sc_hd__mux2_1,_08221_,picorv32a
sky130_fd_sc_hd__mux2_1,_08222_,picorv32a
sky130_fd_sc_hd__mux2_1,_08223_,picorv32a
sky130_fd_sc_hd__mux2_1,_08224_,picorv32a
sky130_fd_sc_hd__mux2_1,_08225_,picorv32a
sky130_fd_sc_hd__mux2_1,_08226_,picorv32a
sky130_fd_sc_hd__mux2_1,_08227_,picorv32a
sky130_fd_sc_hd__mux2_1,_08228_,picorv32a
sky130_fd_sc_hd__mux2_1,_08229_,picorv32a
sky130_fd_sc_hd__mux2_1,_08230_,picorv32a
sky130_fd_sc_hd__mux2_1,_08231_,picorv32a
sky130_fd_sc_hd__mux2_1,_08232_,picorv32a
sky130_fd_sc_hd__mux2_1,_08233_,picorv32a
sky130_fd_sc_hd__mux2_1,_08234_,picorv32a
sky130_fd_sc_hd__mux2_1,_08235_,picorv32a
sky130_fd_sc_hd__mux2_1,_08236_,picorv32a
sky130_fd_sc_hd__mux2_1,_08237_,picorv32a
sky130_fd_sc_hd__mux2_1,_08238_,picorv32a
sky130_fd_sc_hd__mux2_1,_08239_,picorv32a
sky130_fd_sc_hd__mux2_1,_08240_,picorv32a
sky130_fd_sc_hd__mux2_1,_08241_,picorv32a
sky130_fd_sc_hd__mux2_1,_08242_,picorv32a
sky130_fd_sc_hd__mux2_1,_08243_,picorv32a
sky130_fd_sc_hd__mux2_1,_08244_,picorv32a
sky130_fd_sc_hd__mux2_1,_08245_,picorv32a
sky130_fd_sc_hd__mux2_1,_08246_,picorv32a
sky130_fd_sc_hd__mux2_1,_08247_,picorv32a
sky130_fd_sc_hd__mux2_1,_08248_,picorv32a
sky130_fd_sc_hd__mux2_1,_08249_,picorv32a
sky130_fd_sc_hd__mux2_1,_08250_,picorv32a
sky130_fd_sc_hd__mux2_1,_08251_,picorv32a
sky130_fd_sc_hd__mux2_1,_08252_,picorv32a
sky130_fd_sc_hd__mux2_1,_08253_,picorv32a
sky130_fd_sc_hd__mux2_1,_08254_,picorv32a
sky130_fd_sc_hd__mux2_1,_08255_,picorv32a
sky130_fd_sc_hd__mux2_1,_08256_,picorv32a
sky130_fd_sc_hd__mux2_1,_08257_,picorv32a
sky130_fd_sc_hd__mux2_1,_08258_,picorv32a
sky130_fd_sc_hd__mux2_1,_08259_,picorv32a
sky130_fd_sc_hd__mux2_1,_08260_,picorv32a
sky130_fd_sc_hd__mux2_1,_08261_,picorv32a
sky130_fd_sc_hd__mux2_1,_08262_,picorv32a
sky130_fd_sc_hd__mux2_1,_08263_,picorv32a
sky130_fd_sc_hd__mux2_1,_08264_,picorv32a
sky130_fd_sc_hd__mux2_1,_08265_,picorv32a
sky130_fd_sc_hd__mux2_1,_08266_,picorv32a
sky130_fd_sc_hd__mux2_1,_08267_,picorv32a
sky130_fd_sc_hd__mux2_1,_08268_,picorv32a
sky130_fd_sc_hd__mux2_1,_08269_,picorv32a
sky130_fd_sc_hd__and3_2,_08270_,picorv32a
sky130_fd_sc_hd__a21o_2,_08271_,picorv32a
sky130_fd_sc_hd__mux2_1,_08272_,picorv32a
sky130_fd_sc_hd__and3_2,_08273_,picorv32a
sky130_fd_sc_hd__a21o_2,_08274_,picorv32a
sky130_fd_sc_hd__mux2_1,_08275_,picorv32a
sky130_fd_sc_hd__and3_2,_08276_,picorv32a
sky130_fd_sc_hd__a21o_2,_08277_,picorv32a
sky130_fd_sc_hd__mux2_1,_08278_,picorv32a
sky130_fd_sc_hd__and3_2,_08279_,picorv32a
sky130_fd_sc_hd__a21o_2,_08280_,picorv32a
sky130_fd_sc_hd__mux2_1,_08281_,picorv32a
sky130_fd_sc_hd__or2_2,_08282_,picorv32a
sky130_fd_sc_hd__o21a_2,_08283_,picorv32a
sky130_fd_sc_hd__mux2_1,_08284_,picorv32a
sky130_fd_sc_hd__mux2_1,_08285_,picorv32a
sky130_fd_sc_hd__a21oi_2,_08286_,picorv32a
sky130_fd_sc_hd__nor2_2,_08287_,picorv32a
sky130_fd_sc_hd__nand2_2,_08288_,picorv32a
sky130_fd_sc_hd__nand2_2,_08289_,picorv32a
sky130_fd_sc_hd__nor2_2,_08290_,picorv32a
sky130_fd_sc_hd__a21o_2,_08291_,picorv32a
sky130_fd_sc_hd__nor2_2,_08292_,picorv32a
sky130_fd_sc_hd__a22o_2,_08293_,picorv32a
sky130_fd_sc_hd__and2_2,_08294_,picorv32a
sky130_fd_sc_hd__a22o_2,_08295_,picorv32a
sky130_fd_sc_hd__and2_2,_08296_,picorv32a
sky130_fd_sc_hd__a22o_2,_08297_,picorv32a
sky130_fd_sc_hd__and2_2,_08298_,picorv32a
sky130_fd_sc_hd__a22o_2,_08299_,picorv32a
sky130_fd_sc_hd__and2_2,_08300_,picorv32a
sky130_fd_sc_hd__a22o_2,_08301_,picorv32a
sky130_fd_sc_hd__and2_2,_08302_,picorv32a
sky130_fd_sc_hd__a22o_2,_08303_,picorv32a
sky130_fd_sc_hd__and2_2,_08304_,picorv32a
sky130_fd_sc_hd__a22o_2,_08305_,picorv32a
sky130_fd_sc_hd__and2_2,_08306_,picorv32a
sky130_fd_sc_hd__a22o_2,_08307_,picorv32a
sky130_fd_sc_hd__and2_2,_08308_,picorv32a
sky130_fd_sc_hd__a22o_2,_08309_,picorv32a
sky130_fd_sc_hd__and2_2,_08310_,picorv32a
sky130_fd_sc_hd__a22o_2,_08311_,picorv32a
sky130_fd_sc_hd__and2_2,_08312_,picorv32a
sky130_fd_sc_hd__a22o_2,_08313_,picorv32a
sky130_fd_sc_hd__and2_2,_08314_,picorv32a
sky130_fd_sc_hd__a22o_2,_08315_,picorv32a
sky130_fd_sc_hd__and2_2,_08316_,picorv32a
sky130_fd_sc_hd__a22o_2,_08317_,picorv32a
sky130_fd_sc_hd__and2_2,_08318_,picorv32a
sky130_fd_sc_hd__a22o_2,_08319_,picorv32a
sky130_fd_sc_hd__and2_2,_08320_,picorv32a
sky130_fd_sc_hd__a22o_2,_08321_,picorv32a
sky130_fd_sc_hd__and2_2,_08322_,picorv32a
sky130_fd_sc_hd__a22o_2,_08323_,picorv32a
sky130_fd_sc_hd__and2_2,_08324_,picorv32a
sky130_fd_sc_hd__a22o_2,_08325_,picorv32a
sky130_fd_sc_hd__and2_2,_08326_,picorv32a
sky130_fd_sc_hd__a22o_2,_08327_,picorv32a
sky130_fd_sc_hd__and2_2,_08328_,picorv32a
sky130_fd_sc_hd__a22o_2,_08329_,picorv32a
sky130_fd_sc_hd__and2_2,_08330_,picorv32a
sky130_fd_sc_hd__a22o_2,_08331_,picorv32a
sky130_fd_sc_hd__and2_2,_08332_,picorv32a
sky130_fd_sc_hd__a22o_2,_08333_,picorv32a
sky130_fd_sc_hd__and2_2,_08334_,picorv32a
sky130_fd_sc_hd__a22o_2,_08335_,picorv32a
sky130_fd_sc_hd__and2_2,_08336_,picorv32a
sky130_fd_sc_hd__a22o_2,_08337_,picorv32a
sky130_fd_sc_hd__and2_2,_08338_,picorv32a
sky130_fd_sc_hd__a22o_2,_08339_,picorv32a
sky130_fd_sc_hd__and2_2,_08340_,picorv32a
sky130_fd_sc_hd__a22o_2,_08341_,picorv32a
sky130_fd_sc_hd__and2_2,_08342_,picorv32a
sky130_fd_sc_hd__a22o_2,_08343_,picorv32a
sky130_fd_sc_hd__and2_2,_08344_,picorv32a
sky130_fd_sc_hd__a22o_2,_08345_,picorv32a
sky130_fd_sc_hd__and2_2,_08346_,picorv32a
sky130_fd_sc_hd__a22o_2,_08347_,picorv32a
sky130_fd_sc_hd__and2_2,_08348_,picorv32a
sky130_fd_sc_hd__a22o_2,_08349_,picorv32a
sky130_fd_sc_hd__and2_2,_08350_,picorv32a
sky130_fd_sc_hd__a22o_2,_08351_,picorv32a
sky130_fd_sc_hd__and2_2,_08352_,picorv32a
sky130_fd_sc_hd__a22o_2,_08353_,picorv32a
sky130_fd_sc_hd__and2_2,_08354_,picorv32a
sky130_fd_sc_hd__a22o_2,_08355_,picorv32a
sky130_fd_sc_hd__and2_2,_08356_,picorv32a
sky130_fd_sc_hd__and2_2,_08357_,picorv32a
sky130_fd_sc_hd__o21ai_2,_08358_,picorv32a
sky130_fd_sc_hd__a21oi_2,_08359_,picorv32a
sky130_fd_sc_hd__a21o_2,_08360_,picorv32a
sky130_fd_sc_hd__and2_2,_08361_,picorv32a
sky130_fd_sc_hd__and2_2,_08362_,picorv32a
sky130_fd_sc_hd__and3b_2,_08363_,picorv32a
sky130_fd_sc_hd__and3_2,_08364_,picorv32a
sky130_fd_sc_hd__o21ai_2,_08365_,picorv32a
sky130_fd_sc_hd__nor2_2,_08366_,picorv32a
sky130_fd_sc_hd__and4_2,_08367_,picorv32a
sky130_fd_sc_hd__nor2_2,_08368_,picorv32a
sky130_fd_sc_hd__o21a_2,_08369_,picorv32a
sky130_fd_sc_hd__and2_2,_08370_,picorv32a
sky130_fd_sc_hd__o21ai_2,_08371_,picorv32a
sky130_fd_sc_hd__nor2_2,_08372_,picorv32a
sky130_fd_sc_hd__and3_2,_08373_,picorv32a
sky130_fd_sc_hd__o21ai_2,_08374_,picorv32a
sky130_fd_sc_hd__nor2_2,_08375_,picorv32a
sky130_fd_sc_hd__and4_2,_08376_,picorv32a
sky130_fd_sc_hd__o21ai_2,_08377_,picorv32a
sky130_fd_sc_hd__nor2_2,_08378_,picorv32a
sky130_fd_sc_hd__and2_2,_08379_,picorv32a
sky130_fd_sc_hd__o21ai_2,_08380_,picorv32a
sky130_fd_sc_hd__nor2_2,_08381_,picorv32a
sky130_fd_sc_hd__and3_2,_08382_,picorv32a
sky130_fd_sc_hd__o21ai_2,_08383_,picorv32a
sky130_fd_sc_hd__nor2_2,_08384_,picorv32a
sky130_fd_sc_hd__and4_2,_08385_,picorv32a
sky130_fd_sc_hd__o21ai_2,_08386_,picorv32a
sky130_fd_sc_hd__nor2_2,_08387_,picorv32a
sky130_fd_sc_hd__and2_2,_08388_,picorv32a
sky130_fd_sc_hd__o21ai_2,_08389_,picorv32a
sky130_fd_sc_hd__nor2_2,_08390_,picorv32a
sky130_fd_sc_hd__and3_2,_08391_,picorv32a
sky130_fd_sc_hd__o21ai_2,_08392_,picorv32a
sky130_fd_sc_hd__nor2_2,_08393_,picorv32a
sky130_fd_sc_hd__and4_2,_08394_,picorv32a
sky130_fd_sc_hd__o21ai_2,_08395_,picorv32a
sky130_fd_sc_hd__nor2_2,_08396_,picorv32a
sky130_fd_sc_hd__a21oi_2,_08397_,picorv32a
sky130_fd_sc_hd__o21a_2,_08398_,picorv32a
sky130_fd_sc_hd__a21o_2,_08399_,picorv32a
sky130_fd_sc_hd__and3_2,_08400_,picorv32a
sky130_fd_sc_hd__and3b_2,_08401_,picorv32a
sky130_fd_sc_hd__and4_2,_08402_,picorv32a
sky130_fd_sc_hd__o21ai_2,_08403_,picorv32a
sky130_fd_sc_hd__nor2_2,_08404_,picorv32a
sky130_fd_sc_hd__a21oi_2,_08405_,picorv32a
sky130_fd_sc_hd__o21a_2,_08406_,picorv32a
sky130_fd_sc_hd__a21o_2,_08407_,picorv32a
sky130_fd_sc_hd__and3_2,_08408_,picorv32a
sky130_fd_sc_hd__and3b_2,_08409_,picorv32a
sky130_fd_sc_hd__and3_2,_08410_,picorv32a
sky130_fd_sc_hd__nand2_2,_08411_,picorv32a
sky130_fd_sc_hd__o211a_2,_08412_,picorv32a
sky130_fd_sc_hd__nor2_2,_08413_,picorv32a
sky130_fd_sc_hd__or2_2,_08414_,picorv32a
sky130_fd_sc_hd__a21oi_2,_08415_,picorv32a
sky130_fd_sc_hd__and4_2,_08416_,picorv32a
sky130_fd_sc_hd__o21ai_2,_08417_,picorv32a
sky130_fd_sc_hd__nor2_2,_08418_,picorv32a
sky130_fd_sc_hd__and2_2,_08419_,picorv32a
sky130_fd_sc_hd__o21ai_2,_08420_,picorv32a
sky130_fd_sc_hd__nor2_2,_08421_,picorv32a
sky130_fd_sc_hd__and3_2,_08422_,picorv32a
sky130_fd_sc_hd__o21ai_2,_08423_,picorv32a
sky130_fd_sc_hd__nor2_2,_08424_,picorv32a
sky130_fd_sc_hd__and4_2,_08425_,picorv32a
sky130_fd_sc_hd__o21ai_2,_08426_,picorv32a
sky130_fd_sc_hd__nor2_2,_08427_,picorv32a
sky130_fd_sc_hd__and2_2,_08428_,picorv32a
sky130_fd_sc_hd__o21ai_2,_08429_,picorv32a
sky130_fd_sc_hd__nor2_2,_08430_,picorv32a
sky130_fd_sc_hd__and3_2,_08431_,picorv32a
sky130_fd_sc_hd__o21ai_2,_08432_,picorv32a
sky130_fd_sc_hd__nor2_2,_08433_,picorv32a
sky130_fd_sc_hd__and4_2,_08434_,picorv32a
sky130_fd_sc_hd__o21ai_2,_08435_,picorv32a
sky130_fd_sc_hd__nor2_2,_08436_,picorv32a
sky130_fd_sc_hd__a21oi_2,_08437_,picorv32a
sky130_fd_sc_hd__o21a_2,_08438_,picorv32a
sky130_fd_sc_hd__a21o_2,_08439_,picorv32a
sky130_fd_sc_hd__and3_2,_08440_,picorv32a
sky130_fd_sc_hd__and3b_2,_08441_,picorv32a
sky130_fd_sc_hd__and4_2,_08442_,picorv32a
sky130_fd_sc_hd__o21ai_2,_08443_,picorv32a
sky130_fd_sc_hd__nor2_2,_08444_,picorv32a
sky130_fd_sc_hd__a21oi_2,_08445_,picorv32a
sky130_fd_sc_hd__o21a_2,_08446_,picorv32a
sky130_fd_sc_hd__a21o_2,_08447_,picorv32a
sky130_fd_sc_hd__and3_2,_08448_,picorv32a
sky130_fd_sc_hd__and3b_2,_08449_,picorv32a
sky130_fd_sc_hd__and4_2,_08450_,picorv32a
sky130_fd_sc_hd__o21ai_2,_08451_,picorv32a
sky130_fd_sc_hd__nor2_2,_08452_,picorv32a
sky130_fd_sc_hd__a21oi_2,_08453_,picorv32a
sky130_fd_sc_hd__o21a_2,_08454_,picorv32a
sky130_fd_sc_hd__a21o_2,_08455_,picorv32a
sky130_fd_sc_hd__and3_2,_08456_,picorv32a
sky130_fd_sc_hd__and3b_2,_08457_,picorv32a
sky130_fd_sc_hd__and4_2,_08458_,picorv32a
sky130_fd_sc_hd__o21ai_2,_08459_,picorv32a
sky130_fd_sc_hd__nor2_2,_08460_,picorv32a
sky130_fd_sc_hd__a21oi_2,_08461_,picorv32a
sky130_fd_sc_hd__o21a_2,_08462_,picorv32a
sky130_fd_sc_hd__a21o_2,_08463_,picorv32a
sky130_fd_sc_hd__and3_2,_08464_,picorv32a
sky130_fd_sc_hd__and3b_2,_08465_,picorv32a
sky130_fd_sc_hd__or2_2,_08466_,picorv32a
sky130_fd_sc_hd__nand2_2,_08467_,picorv32a
sky130_fd_sc_hd__and3_2,_08468_,picorv32a
sky130_fd_sc_hd__and2_2,_08469_,picorv32a
sky130_fd_sc_hd__and4_2,_08470_,picorv32a
sky130_fd_sc_hd__a211oi_2,_08471_,picorv32a
sky130_fd_sc_hd__and2_2,_08472_,picorv32a
sky130_fd_sc_hd__o21ai_2,_08473_,picorv32a
sky130_fd_sc_hd__nor2_2,_08474_,picorv32a
sky130_fd_sc_hd__and3_2,_08475_,picorv32a
sky130_fd_sc_hd__o21ai_2,_08476_,picorv32a
sky130_fd_sc_hd__nor2_2,_08477_,picorv32a
sky130_fd_sc_hd__or2_2,_08478_,picorv32a
sky130_fd_sc_hd__nand2_2,_08479_,picorv32a
sky130_fd_sc_hd__and3_2,_08480_,picorv32a
sky130_fd_sc_hd__and2_2,_08481_,picorv32a
sky130_fd_sc_hd__and4_2,_08482_,picorv32a
sky130_fd_sc_hd__a211oi_2,_08483_,picorv32a
sky130_fd_sc_hd__and2_2,_08484_,picorv32a
sky130_fd_sc_hd__o21ai_2,_08485_,picorv32a
sky130_fd_sc_hd__nor2_2,_08486_,picorv32a
sky130_fd_sc_hd__and3_2,_08487_,picorv32a
sky130_fd_sc_hd__o21ai_2,_08488_,picorv32a
sky130_fd_sc_hd__nor2_2,_08489_,picorv32a
sky130_fd_sc_hd__and4_2,_08490_,picorv32a
sky130_fd_sc_hd__o21ai_2,_08491_,picorv32a
sky130_fd_sc_hd__nor2_2,_08492_,picorv32a
sky130_fd_sc_hd__and2_2,_08493_,picorv32a
sky130_fd_sc_hd__o21ai_2,_08494_,picorv32a
sky130_fd_sc_hd__nor2_2,_08495_,picorv32a
sky130_fd_sc_hd__or2_2,_08496_,picorv32a
sky130_fd_sc_hd__nand2_2,_08497_,picorv32a
sky130_fd_sc_hd__and3_2,_08498_,picorv32a
sky130_fd_sc_hd__and2_2,_08499_,picorv32a
sky130_fd_sc_hd__a221oi_2,_08500_,picorv32a
sky130_fd_sc_hd__a31o_2,_08501_,picorv32a
sky130_fd_sc_hd__and4_2,_08502_,picorv32a
sky130_fd_sc_hd__and3b_2,_08503_,picorv32a
sky130_fd_sc_hd__and2_2,_08504_,picorv32a
sky130_fd_sc_hd__nor2_2,_08505_,picorv32a
sky130_fd_sc_hd__o21a_2,_08506_,picorv32a
sky130_fd_sc_hd__a31o_2,_08507_,picorv32a
sky130_fd_sc_hd__o21ba_2,_08508_,picorv32a
sky130_fd_sc_hd__a31o_2,_08509_,picorv32a
sky130_fd_sc_hd__and2_2,_08510_,picorv32a
sky130_fd_sc_hd__and3_2,_08511_,picorv32a
sky130_fd_sc_hd__and3b_2,_08512_,picorv32a
sky130_fd_sc_hd__and4_2,_08513_,picorv32a
sky130_fd_sc_hd__o21ai_2,_08514_,picorv32a
sky130_fd_sc_hd__nor2_2,_08515_,picorv32a
sky130_fd_sc_hd__and2_2,_08516_,picorv32a
sky130_fd_sc_hd__o21ai_2,_08517_,picorv32a
sky130_fd_sc_hd__nor2_2,_08518_,picorv32a
sky130_fd_sc_hd__and3_2,_08519_,picorv32a
sky130_fd_sc_hd__nor2_2,_08520_,picorv32a
sky130_fd_sc_hd__o21a_2,_08521_,picorv32a
sky130_fd_sc_hd__and4_2,_08522_,picorv32a
sky130_fd_sc_hd__o21ai_2,_08523_,picorv32a
sky130_fd_sc_hd__nor2_2,_08524_,picorv32a
sky130_fd_sc_hd__a21oi_2,_08525_,picorv32a
sky130_fd_sc_hd__o21a_2,_08526_,picorv32a
sky130_fd_sc_hd__a21o_2,_08527_,picorv32a
sky130_fd_sc_hd__and3_2,_08528_,picorv32a
sky130_fd_sc_hd__and3b_2,_08529_,picorv32a
sky130_fd_sc_hd__and4_2,_08530_,picorv32a
sky130_fd_sc_hd__o21ai_2,_08531_,picorv32a
sky130_fd_sc_hd__nor2_2,_08532_,picorv32a
sky130_fd_sc_hd__a21oi_2,_08533_,picorv32a
sky130_fd_sc_hd__o21a_2,_08534_,picorv32a
sky130_fd_sc_hd__a21o_2,_08535_,picorv32a
sky130_fd_sc_hd__nand3_2,_08536_,picorv32a
sky130_fd_sc_hd__and3_2,_08537_,picorv32a
sky130_fd_sc_hd__a41o_2,_08538_,picorv32a
sky130_fd_sc_hd__a21oi_2,_08539_,picorv32a
sky130_fd_sc_hd__nand2b_2,_08540_,picorv32a
sky130_fd_sc_hd__mux2_1,_08541_,picorv32a
sky130_fd_sc_hd__o2bb2ai_2,_08542_,picorv32a
sky130_fd_sc_hd__a22o_2,_08543_,picorv32a
sky130_fd_sc_hd__o211a_2,_08544_,picorv32a
sky130_fd_sc_hd__a22o_2,_08545_,picorv32a
sky130_fd_sc_hd__o211a_2,_08546_,picorv32a
sky130_fd_sc_hd__a22o_2,_08547_,picorv32a
sky130_fd_sc_hd__mux2_1,_08548_,picorv32a
sky130_fd_sc_hd__or2_2,_08549_,picorv32a
sky130_fd_sc_hd__a22o_2,_08550_,picorv32a
sky130_fd_sc_hd__or2_2,_08551_,picorv32a
sky130_fd_sc_hd__o211a_2,_08552_,picorv32a
sky130_fd_sc_hd__a22o_2,_08553_,picorv32a
sky130_fd_sc_hd__o211a_2,_08554_,picorv32a
sky130_fd_sc_hd__a22o_2,_08555_,picorv32a
sky130_fd_sc_hd__o211a_2,_08556_,picorv32a
sky130_fd_sc_hd__a22o_2,_08557_,picorv32a
sky130_fd_sc_hd__o211a_2,_08558_,picorv32a
sky130_fd_sc_hd__a22o_2,_08559_,picorv32a
sky130_fd_sc_hd__o211a_2,_08560_,picorv32a
sky130_fd_sc_hd__a22o_2,_08561_,picorv32a
sky130_fd_sc_hd__o21a_2,_08562_,picorv32a
sky130_fd_sc_hd__o22a_2,_08563_,picorv32a
sky130_fd_sc_hd__and2_2,_08564_,picorv32a
sky130_fd_sc_hd__a22o_2,_08565_,picorv32a
sky130_fd_sc_hd__o211a_2,_08566_,picorv32a
sky130_fd_sc_hd__a22o_2,_08567_,picorv32a
sky130_fd_sc_hd__o22a_2,_08568_,picorv32a
sky130_fd_sc_hd__and2_2,_08569_,picorv32a
sky130_fd_sc_hd__a22o_2,_08570_,picorv32a
sky130_fd_sc_hd__o211a_2,_08571_,picorv32a
sky130_fd_sc_hd__inv_2,_08572_,picorv32a
sky130_fd_sc_hd__a22o_2,_08573_,picorv32a
sky130_fd_sc_hd__o22a_2,_08574_,picorv32a
sky130_fd_sc_hd__and2_2,_08575_,picorv32a
sky130_fd_sc_hd__a22o_2,_08576_,picorv32a
sky130_fd_sc_hd__o211a_2,_08577_,picorv32a
sky130_fd_sc_hd__a22o_2,_08578_,picorv32a
sky130_fd_sc_hd__o22a_2,_08579_,picorv32a
sky130_fd_sc_hd__and2_2,_08580_,picorv32a
sky130_fd_sc_hd__inv_2,_08581_,picorv32a
sky130_fd_sc_hd__a22o_2,_08582_,picorv32a
sky130_fd_sc_hd__o211a_2,_08583_,picorv32a
sky130_fd_sc_hd__a22o_2,_08584_,picorv32a
sky130_fd_sc_hd__o22a_2,_08585_,picorv32a
sky130_fd_sc_hd__and2_2,_08586_,picorv32a
sky130_fd_sc_hd__a22o_2,_08587_,picorv32a
sky130_fd_sc_hd__o211a_2,_08588_,picorv32a
sky130_fd_sc_hd__inv_2,_08589_,picorv32a
sky130_fd_sc_hd__a22o_2,_08590_,picorv32a
sky130_fd_sc_hd__o22a_2,_08591_,picorv32a
sky130_fd_sc_hd__and2_2,_08592_,picorv32a
sky130_fd_sc_hd__a22o_2,_08593_,picorv32a
sky130_fd_sc_hd__o211a_2,_08594_,picorv32a
sky130_fd_sc_hd__a22o_2,_08595_,picorv32a
sky130_fd_sc_hd__o211a_2,_08596_,picorv32a
sky130_fd_sc_hd__inv_2,_08597_,picorv32a
sky130_fd_sc_hd__a22o_2,_08598_,picorv32a
sky130_fd_sc_hd__o211a_2,_08599_,picorv32a
sky130_fd_sc_hd__a22o_2,_08600_,picorv32a
sky130_fd_sc_hd__o22a_2,_08601_,picorv32a
sky130_fd_sc_hd__and2_2,_08602_,picorv32a
sky130_fd_sc_hd__a22o_2,_08603_,picorv32a
sky130_fd_sc_hd__o211a_2,_08604_,picorv32a
sky130_fd_sc_hd__a22o_2,_08605_,picorv32a
sky130_fd_sc_hd__o22a_2,_08606_,picorv32a
sky130_fd_sc_hd__and2_2,_08607_,picorv32a
sky130_fd_sc_hd__a22o_2,_08608_,picorv32a
sky130_fd_sc_hd__o22a_2,_08609_,picorv32a
sky130_fd_sc_hd__and2_2,_08610_,picorv32a
sky130_fd_sc_hd__a22o_2,_08611_,picorv32a
sky130_fd_sc_hd__o211a_2,_08612_,picorv32a
sky130_fd_sc_hd__inv_2,_08613_,picorv32a
sky130_fd_sc_hd__a22o_2,_08614_,picorv32a
sky130_fd_sc_hd__o211a_2,_08615_,picorv32a
sky130_fd_sc_hd__a22o_2,_08616_,picorv32a
sky130_fd_sc_hd__o211a_2,_08617_,picorv32a
sky130_fd_sc_hd__inv_2,_08618_,picorv32a
sky130_fd_sc_hd__a22o_2,_08619_,picorv32a
sky130_fd_sc_hd__o22a_2,_08620_,picorv32a
sky130_fd_sc_hd__and2_2,_08621_,picorv32a
sky130_fd_sc_hd__inv_2,_08622_,picorv32a
sky130_fd_sc_hd__a22o_2,_08623_,picorv32a
sky130_fd_sc_hd__and4b_2,_08624_,picorv32a
sky130_fd_sc_hd__a21oi_2,_08625_,picorv32a
sky130_fd_sc_hd__nand2_2,_08626_,picorv32a
sky130_fd_sc_hd__and3_2,_08627_,picorv32a
sky130_fd_sc_hd__o32ai_2,_08628_,picorv32a
sky130_fd_sc_hd__and2_2,_08629_,picorv32a
sky130_fd_sc_hd__nor2_2,_08630_,picorv32a
sky130_fd_sc_hd__or2_2,_08631_,picorv32a
sky130_fd_sc_hd__nor2_2,_08632_,picorv32a
sky130_fd_sc_hd__a21o_2,_08633_,picorv32a
sky130_fd_sc_hd__o21a_2,_08634_,picorv32a
sky130_fd_sc_hd__o211ai_2,_08635_,picorv32a
sky130_fd_sc_hd__or4_2,_08636_,picorv32a
sky130_fd_sc_hd__or4_2,_08637_,picorv32a
sky130_fd_sc_hd__or4_2,_08638_,picorv32a
sky130_fd_sc_hd__or4_2,_08639_,picorv32a
sky130_fd_sc_hd__or3_2,_08640_,picorv32a
sky130_fd_sc_hd__or4_2,_08641_,picorv32a
sky130_fd_sc_hd__or4_2,_08642_,picorv32a
sky130_fd_sc_hd__or4_2,_08643_,picorv32a
sky130_fd_sc_hd__or4_2,_08644_,picorv32a
sky130_fd_sc_hd__or3_2,_08645_,picorv32a
sky130_fd_sc_hd__or4_2,_08646_,picorv32a
sky130_fd_sc_hd__nor2_2,_08647_,picorv32a
sky130_fd_sc_hd__or3_2,_08648_,picorv32a
sky130_fd_sc_hd__nand2_2,_08649_,picorv32a
sky130_fd_sc_hd__a21oi_2,_08650_,picorv32a
sky130_fd_sc_hd__o2bb2a_2,_08651_,picorv32a
sky130_fd_sc_hd__a32o_2,_08652_,picorv32a
sky130_fd_sc_hd__nand2_2,_08653_,picorv32a
sky130_fd_sc_hd__or2_2,_08654_,picorv32a
sky130_fd_sc_hd__nand2_2,_08655_,picorv32a
sky130_fd_sc_hd__o21ba_2,_08656_,picorv32a
sky130_fd_sc_hd__nand2_2,_08657_,picorv32a
sky130_fd_sc_hd__or2_2,_08658_,picorv32a
sky130_fd_sc_hd__and2_2,_08659_,picorv32a
sky130_fd_sc_hd__o21ai_2,_08660_,picorv32a
sky130_fd_sc_hd__a31o_2,_08661_,picorv32a
sky130_fd_sc_hd__or2_2,_08662_,picorv32a
sky130_fd_sc_hd__a21o_2,_08663_,picorv32a
sky130_fd_sc_hd__a21oi_2,_08664_,picorv32a
sky130_fd_sc_hd__nor2_2,_08665_,picorv32a
sky130_fd_sc_hd__a311o_2,_08666_,picorv32a
sky130_fd_sc_hd__or2_2,_08667_,picorv32a
sky130_fd_sc_hd__a32o_2,_08668_,picorv32a
sky130_fd_sc_hd__and2_2,_08669_,picorv32a
sky130_fd_sc_hd__nand2_2,_08670_,picorv32a
sky130_fd_sc_hd__nor2_2,_08671_,picorv32a
sky130_fd_sc_hd__inv_2,_08672_,picorv32a
sky130_fd_sc_hd__nand2_2,_08673_,picorv32a
sky130_fd_sc_hd__xnor2_2,_08674_,picorv32a
sky130_fd_sc_hd__nor2_2,_08675_,picorv32a
sky130_fd_sc_hd__and2_2,_08676_,picorv32a
sky130_fd_sc_hd__or3_2,_08677_,picorv32a
sky130_fd_sc_hd__o211a_2,_08678_,picorv32a
sky130_fd_sc_hd__nor2_2,_08679_,picorv32a
sky130_fd_sc_hd__or2_2,_08680_,picorv32a
sky130_fd_sc_hd__inv_2,_08681_,picorv32a
sky130_fd_sc_hd__or3b_2,_08682_,picorv32a
sky130_fd_sc_hd__o2bb2a_2,_08683_,picorv32a
sky130_fd_sc_hd__a22o_2,_08684_,picorv32a
sky130_fd_sc_hd__a2bb2o_2,_08685_,picorv32a
sky130_fd_sc_hd__nand2_2,_08686_,picorv32a
sky130_fd_sc_hd__or2_2,_08687_,picorv32a
sky130_fd_sc_hd__nand2_2,_08688_,picorv32a
sky130_fd_sc_hd__o211a_2,_08689_,picorv32a
sky130_fd_sc_hd__or2_2,_08690_,picorv32a
sky130_fd_sc_hd__xnor2_2,_08691_,picorv32a
sky130_fd_sc_hd__or2_2,_08692_,picorv32a
sky130_fd_sc_hd__nor2_2,_08693_,picorv32a
sky130_fd_sc_hd__o21a_2,_08694_,picorv32a
sky130_fd_sc_hd__and3_2,_08695_,picorv32a
sky130_fd_sc_hd__nor2_2,_08696_,picorv32a
sky130_fd_sc_hd__o2bb2a_2,_08697_,picorv32a
sky130_fd_sc_hd__a21oi_2,_08698_,picorv32a
sky130_fd_sc_hd__a22o_2,_08699_,picorv32a
sky130_fd_sc_hd__nand2_2,_08700_,picorv32a
sky130_fd_sc_hd__or2_2,_08701_,picorv32a
sky130_fd_sc_hd__nand2_2,_08702_,picorv32a
sky130_fd_sc_hd__o31a_2,_08703_,picorv32a
sky130_fd_sc_hd__nand2_2,_08704_,picorv32a
sky130_fd_sc_hd__nor2_2,_08705_,picorv32a
sky130_fd_sc_hd__inv_2,_08706_,picorv32a
sky130_fd_sc_hd__nand2_2,_08707_,picorv32a
sky130_fd_sc_hd__or2_2,_08708_,picorv32a
sky130_fd_sc_hd__nand2_2,_08709_,picorv32a
sky130_fd_sc_hd__a31o_2,_08710_,picorv32a
sky130_fd_sc_hd__a31o_2,_08711_,picorv32a
sky130_fd_sc_hd__o211a_2,_08712_,picorv32a
sky130_fd_sc_hd__nor2_2,_08713_,picorv32a
sky130_fd_sc_hd__a211o_2,_08714_,picorv32a
sky130_fd_sc_hd__a22o_2,_08715_,picorv32a
sky130_fd_sc_hd__xnor2_2,_08716_,picorv32a
sky130_fd_sc_hd__a21o_2,_08717_,picorv32a
sky130_fd_sc_hd__nand2_2,_08718_,picorv32a
sky130_fd_sc_hd__or2_2,_08719_,picorv32a
sky130_fd_sc_hd__xor2_2,_08720_,picorv32a
sky130_fd_sc_hd__o21ai_2,_08721_,picorv32a
sky130_fd_sc_hd__a31o_2,_08722_,picorv32a
sky130_fd_sc_hd__o211a_2,_08723_,picorv32a
sky130_fd_sc_hd__nor2_2,_08724_,picorv32a
sky130_fd_sc_hd__a211o_2,_08725_,picorv32a
sky130_fd_sc_hd__a22o_2,_08726_,picorv32a
sky130_fd_sc_hd__a21boi_2,_08727_,picorv32a
sky130_fd_sc_hd__and2_2,_08728_,picorv32a
sky130_fd_sc_hd__nor2_2,_08729_,picorv32a
sky130_fd_sc_hd__or2_2,_08730_,picorv32a
sky130_fd_sc_hd__nor2_2,_08731_,picorv32a
sky130_fd_sc_hd__a21o_2,_08732_,picorv32a
sky130_fd_sc_hd__and4_2,_08733_,picorv32a
sky130_fd_sc_hd__a31o_2,_08734_,picorv32a
sky130_fd_sc_hd__nand2b_2,_08735_,picorv32a
sky130_fd_sc_hd__o221a_2,_08736_,picorv32a
sky130_fd_sc_hd__nor2_2,_08737_,picorv32a
sky130_fd_sc_hd__o2bb2a_2,_08738_,picorv32a
sky130_fd_sc_hd__o31a_2,_08739_,picorv32a
sky130_fd_sc_hd__a2bb2o_2,_08740_,picorv32a
sky130_fd_sc_hd__xnor2_2,_08741_,picorv32a
sky130_fd_sc_hd__o211a_2,_08742_,picorv32a
sky130_fd_sc_hd__nor2_2,_08743_,picorv32a
sky130_fd_sc_hd__a2111o_2,_08744_,picorv32a
sky130_fd_sc_hd__a21oi_2,_08745_,picorv32a
sky130_fd_sc_hd__a31o_2,_08746_,picorv32a
sky130_fd_sc_hd__xnor2_2,_08747_,picorv32a
sky130_fd_sc_hd__o221a_2,_08748_,picorv32a
sky130_fd_sc_hd__o21ai_2,_08749_,picorv32a
sky130_fd_sc_hd__o2bb2a_2,_08750_,picorv32a
sky130_fd_sc_hd__o21ai_2,_08751_,picorv32a
sky130_fd_sc_hd__a22o_2,_08752_,picorv32a
sky130_fd_sc_hd__a21oi_2,_08753_,picorv32a
sky130_fd_sc_hd__nand2_2,_08754_,picorv32a
sky130_fd_sc_hd__or2_2,_08755_,picorv32a
sky130_fd_sc_hd__nand2_2,_08756_,picorv32a
sky130_fd_sc_hd__xnor2_2,_08757_,picorv32a
sky130_fd_sc_hd__nor2_2,_08758_,picorv32a
sky130_fd_sc_hd__and3_2,_08759_,picorv32a
sky130_fd_sc_hd__a21oi_2,_08760_,picorv32a
sky130_fd_sc_hd__or2_2,_08761_,picorv32a
sky130_fd_sc_hd__inv_2,_08762_,picorv32a
sky130_fd_sc_hd__o21ai_2,_08763_,picorv32a
sky130_fd_sc_hd__o221a_2,_08764_,picorv32a
sky130_fd_sc_hd__mux2_1,_08765_,picorv32a
sky130_fd_sc_hd__a221o_2,_08766_,picorv32a
sky130_fd_sc_hd__a22o_2,_08767_,picorv32a
sky130_fd_sc_hd__nand2_2,_08768_,picorv32a
sky130_fd_sc_hd__or2_2,_08769_,picorv32a
sky130_fd_sc_hd__nand2_2,_08770_,picorv32a
sky130_fd_sc_hd__a22o_2,_08771_,picorv32a
sky130_fd_sc_hd__o21a_2,_08772_,picorv32a
sky130_fd_sc_hd__xnor2_2,_08773_,picorv32a
sky130_fd_sc_hd__and2_2,_08774_,picorv32a
sky130_fd_sc_hd__nor2_2,_08775_,picorv32a
sky130_fd_sc_hd__nor2_2,_08776_,picorv32a
sky130_fd_sc_hd__mux2_1,_08777_,picorv32a
sky130_fd_sc_hd__mux2_1,_08778_,picorv32a
sky130_fd_sc_hd__mux2_1,_08779_,picorv32a
sky130_fd_sc_hd__a22o_2,_08780_,picorv32a
sky130_fd_sc_hd__a21o_2,_08781_,picorv32a
sky130_fd_sc_hd__a22o_2,_08782_,picorv32a
sky130_fd_sc_hd__nor2_2,_08783_,picorv32a
sky130_fd_sc_hd__nand2_2,_08784_,picorv32a
sky130_fd_sc_hd__nand2b_2,_08785_,picorv32a
sky130_fd_sc_hd__a21bo_2,_08786_,picorv32a
sky130_fd_sc_hd__xor2_2,_08787_,picorv32a
sky130_fd_sc_hd__nor2_2,_08788_,picorv32a
sky130_fd_sc_hd__nand2_2,_08789_,picorv32a
sky130_fd_sc_hd__o21ai_2,_08790_,picorv32a
sky130_fd_sc_hd__inv_2,_08791_,picorv32a
sky130_fd_sc_hd__o21ai_2,_08792_,picorv32a
sky130_fd_sc_hd__o221a_2,_08793_,picorv32a
sky130_fd_sc_hd__mux2_1,_08794_,picorv32a
sky130_fd_sc_hd__a221o_2,_08795_,picorv32a
sky130_fd_sc_hd__a22o_2,_08796_,picorv32a
sky130_fd_sc_hd__nand2_2,_08797_,picorv32a
sky130_fd_sc_hd__or2_2,_08798_,picorv32a
sky130_fd_sc_hd__nand2_2,_08799_,picorv32a
sky130_fd_sc_hd__nor2_2,_08800_,picorv32a
sky130_fd_sc_hd__and3_2,_08801_,picorv32a
sky130_fd_sc_hd__o21ai_2,_08802_,picorv32a
sky130_fd_sc_hd__a31o_2,_08803_,picorv32a
sky130_fd_sc_hd__a21oi_2,_08804_,picorv32a
sky130_fd_sc_hd__nand2_2,_08805_,picorv32a
sky130_fd_sc_hd__or2_2,_08806_,picorv32a
sky130_fd_sc_hd__nor2_2,_08807_,picorv32a
sky130_fd_sc_hd__and2_2,_08808_,picorv32a
sky130_fd_sc_hd__or2_2,_08809_,picorv32a
sky130_fd_sc_hd__o21ai_2,_08810_,picorv32a
sky130_fd_sc_hd__a31o_2,_08811_,picorv32a
sky130_fd_sc_hd__o211a_2,_08812_,picorv32a
sky130_fd_sc_hd__nand2_2,_08813_,picorv32a
sky130_fd_sc_hd__o211a_2,_08814_,picorv32a
sky130_fd_sc_hd__a211o_2,_08815_,picorv32a
sky130_fd_sc_hd__a22o_2,_08816_,picorv32a
sky130_fd_sc_hd__and3_2,_08817_,picorv32a
sky130_fd_sc_hd__nor2_2,_08818_,picorv32a
sky130_fd_sc_hd__or2_2,_08819_,picorv32a
sky130_fd_sc_hd__nand3_2,_08820_,picorv32a
sky130_fd_sc_hd__a21o_2,_08821_,picorv32a
sky130_fd_sc_hd__and3_2,_08822_,picorv32a
sky130_fd_sc_hd__and2_2,_08823_,picorv32a
sky130_fd_sc_hd__o21bai_2,_08824_,picorv32a
sky130_fd_sc_hd__inv_2,_08825_,picorv32a
sky130_fd_sc_hd__o21ai_2,_08826_,picorv32a
sky130_fd_sc_hd__o221a_2,_08827_,picorv32a
sky130_fd_sc_hd__mux2_1,_08828_,picorv32a
sky130_fd_sc_hd__a221o_2,_08829_,picorv32a
sky130_fd_sc_hd__a22o_2,_08830_,picorv32a
sky130_fd_sc_hd__nand2_2,_08831_,picorv32a
sky130_fd_sc_hd__or2_2,_08832_,picorv32a
sky130_fd_sc_hd__nand2_2,_08833_,picorv32a
sky130_fd_sc_hd__a21oi_2,_08834_,picorv32a
sky130_fd_sc_hd__a21o_2,_08835_,picorv32a
sky130_fd_sc_hd__or2_2,_08836_,picorv32a
sky130_fd_sc_hd__nand2_2,_08837_,picorv32a
sky130_fd_sc_hd__nand2_2,_08838_,picorv32a
sky130_fd_sc_hd__or2_2,_08839_,picorv32a
sky130_fd_sc_hd__nand2_2,_08840_,picorv32a
sky130_fd_sc_hd__o21ai_2,_08841_,picorv32a
sky130_fd_sc_hd__a31o_2,_08842_,picorv32a
sky130_fd_sc_hd__o211a_2,_08843_,picorv32a
sky130_fd_sc_hd__nand2_2,_08844_,picorv32a
sky130_fd_sc_hd__o211a_2,_08845_,picorv32a
sky130_fd_sc_hd__a211o_2,_08846_,picorv32a
sky130_fd_sc_hd__a22o_2,_08847_,picorv32a
sky130_fd_sc_hd__xnor2_2,_08848_,picorv32a
sky130_fd_sc_hd__and3_2,_08849_,picorv32a
sky130_fd_sc_hd__a21oi_2,_08850_,picorv32a
sky130_fd_sc_hd__and3_2,_08851_,picorv32a
sky130_fd_sc_hd__a21o_2,_08852_,picorv32a
sky130_fd_sc_hd__inv_2,_08853_,picorv32a
sky130_fd_sc_hd__o21a_2,_08854_,picorv32a
sky130_fd_sc_hd__o31ai_2,_08855_,picorv32a
sky130_fd_sc_hd__o211a_2,_08856_,picorv32a
sky130_fd_sc_hd__mux2_1,_08857_,picorv32a
sky130_fd_sc_hd__a221o_2,_08858_,picorv32a
sky130_fd_sc_hd__a22o_2,_08859_,picorv32a
sky130_fd_sc_hd__or2_2,_08860_,picorv32a
sky130_fd_sc_hd__or3_2,_08861_,picorv32a
sky130_fd_sc_hd__a22o_2,_08862_,picorv32a
sky130_fd_sc_hd__o21ai_2,_08863_,picorv32a
sky130_fd_sc_hd__o311a_2,_08864_,picorv32a
sky130_fd_sc_hd__or2_2,_08865_,picorv32a
sky130_fd_sc_hd__nand2_2,_08866_,picorv32a
sky130_fd_sc_hd__nand2_2,_08867_,picorv32a
sky130_fd_sc_hd__or2_2,_08868_,picorv32a
sky130_fd_sc_hd__nand2_2,_08869_,picorv32a
sky130_fd_sc_hd__a31o_2,_08870_,picorv32a
sky130_fd_sc_hd__o21a_2,_08871_,picorv32a
sky130_fd_sc_hd__and2_2,_08872_,picorv32a
sky130_fd_sc_hd__a21oi_2,_08873_,picorv32a
sky130_fd_sc_hd__nor2_2,_08874_,picorv32a
sky130_fd_sc_hd__o21a_2,_08875_,picorv32a
sky130_fd_sc_hd__a221o_2,_08876_,picorv32a
sky130_fd_sc_hd__a22o_2,_08877_,picorv32a
sky130_fd_sc_hd__and3_2,_08878_,picorv32a
sky130_fd_sc_hd__nor2_2,_08879_,picorv32a
sky130_fd_sc_hd__or2_2,_08880_,picorv32a
sky130_fd_sc_hd__a21oi_2,_08881_,picorv32a
sky130_fd_sc_hd__a31o_2,_08882_,picorv32a
sky130_fd_sc_hd__o21ai_2,_08883_,picorv32a
sky130_fd_sc_hd__o21a_2,_08884_,picorv32a
sky130_fd_sc_hd__nand2_2,_08885_,picorv32a
sky130_fd_sc_hd__a21o_2,_08886_,picorv32a
sky130_fd_sc_hd__o211a_2,_08887_,picorv32a
sky130_fd_sc_hd__a221o_2,_08888_,picorv32a
sky130_fd_sc_hd__a22o_2,_08889_,picorv32a
sky130_fd_sc_hd__xnor2_2,_08890_,picorv32a
sky130_fd_sc_hd__a21oi_2,_08891_,picorv32a
sky130_fd_sc_hd__a21o_2,_08892_,picorv32a
sky130_fd_sc_hd__nor2_2,_08893_,picorv32a
sky130_fd_sc_hd__a21o_2,_08894_,picorv32a
sky130_fd_sc_hd__xnor2_2,_08895_,picorv32a
sky130_fd_sc_hd__a2bb2o_2,_08896_,picorv32a
sky130_fd_sc_hd__mux2_1,_08897_,picorv32a
sky130_fd_sc_hd__o21ai_2,_08898_,picorv32a
sky130_fd_sc_hd__a21o_2,_08899_,picorv32a
sky130_fd_sc_hd__o221a_2,_08900_,picorv32a
sky130_fd_sc_hd__a22o_2,_08901_,picorv32a
sky130_fd_sc_hd__and3_2,_08902_,picorv32a
sky130_fd_sc_hd__inv_2,_08903_,picorv32a
sky130_fd_sc_hd__nor2_2,_08904_,picorv32a
sky130_fd_sc_hd__or2_2,_08905_,picorv32a
sky130_fd_sc_hd__a21oi_2,_08906_,picorv32a
sky130_fd_sc_hd__xnor2_2,_08907_,picorv32a
sky130_fd_sc_hd__and4_2,_08908_,picorv32a
sky130_fd_sc_hd__o21ba_2,_08909_,picorv32a
sky130_fd_sc_hd__or2_2,_08910_,picorv32a
sky130_fd_sc_hd__o21a_2,_08911_,picorv32a
sky130_fd_sc_hd__o21ai_2,_08912_,picorv32a
sky130_fd_sc_hd__o211a_2,_08913_,picorv32a
sky130_fd_sc_hd__nor2_2,_08914_,picorv32a
sky130_fd_sc_hd__a211o_2,_08915_,picorv32a
sky130_fd_sc_hd__a22o_2,_08916_,picorv32a
sky130_fd_sc_hd__o21ai_2,_08917_,picorv32a
sky130_fd_sc_hd__nand2_2,_08918_,picorv32a
sky130_fd_sc_hd__or2_2,_08919_,picorv32a
sky130_fd_sc_hd__nand2_2,_08920_,picorv32a
sky130_fd_sc_hd__or2_2,_08921_,picorv32a
sky130_fd_sc_hd__or3_2,_08922_,picorv32a
sky130_fd_sc_hd__or3b_2,_08923_,picorv32a
sky130_fd_sc_hd__o311a_2,_08924_,picorv32a
sky130_fd_sc_hd__o21a_2,_08925_,picorv32a
sky130_fd_sc_hd__or2_2,_08926_,picorv32a
sky130_fd_sc_hd__a21oi_2,_08927_,picorv32a
sky130_fd_sc_hd__a21boi_2,_08928_,picorv32a
sky130_fd_sc_hd__or2_2,_08929_,picorv32a
sky130_fd_sc_hd__nand2_2,_08930_,picorv32a
sky130_fd_sc_hd__o21ai_2,_08931_,picorv32a
sky130_fd_sc_hd__a2bb2o_2,_08932_,picorv32a
sky130_fd_sc_hd__a31o_2,_08933_,picorv32a
sky130_fd_sc_hd__a22o_2,_08934_,picorv32a
sky130_fd_sc_hd__nor2_2,_08935_,picorv32a
sky130_fd_sc_hd__xnor2_2,_08936_,picorv32a
sky130_fd_sc_hd__a21oi_2,_08937_,picorv32a
sky130_fd_sc_hd__a31o_2,_08938_,picorv32a
sky130_fd_sc_hd__o21a_2,_08939_,picorv32a
sky130_fd_sc_hd__nor2_2,_08940_,picorv32a
sky130_fd_sc_hd__nor2_2,_08941_,picorv32a
sky130_fd_sc_hd__or3_2,_08942_,picorv32a
sky130_fd_sc_hd__a22o_2,_08943_,picorv32a
sky130_fd_sc_hd__a22o_2,_08944_,picorv32a
sky130_fd_sc_hd__o21bai_2,_08945_,picorv32a
sky130_fd_sc_hd__a22o_2,_08946_,picorv32a
sky130_fd_sc_hd__nand2_2,_08947_,picorv32a
sky130_fd_sc_hd__or2_2,_08948_,picorv32a
sky130_fd_sc_hd__nand2_2,_08949_,picorv32a
sky130_fd_sc_hd__o21ai_2,_08950_,picorv32a
sky130_fd_sc_hd__or2_2,_08951_,picorv32a
sky130_fd_sc_hd__a21o_2,_08952_,picorv32a
sky130_fd_sc_hd__a31o_2,_08953_,picorv32a
sky130_fd_sc_hd__and2b_2,_08954_,picorv32a
sky130_fd_sc_hd__xnor2_2,_08955_,picorv32a
sky130_fd_sc_hd__inv_2,_08956_,picorv32a
sky130_fd_sc_hd__o21ai_2,_08957_,picorv32a
sky130_fd_sc_hd__o221a_2,_08958_,picorv32a
sky130_fd_sc_hd__mux2_1,_08959_,picorv32a
sky130_fd_sc_hd__a221o_2,_08960_,picorv32a
sky130_fd_sc_hd__a22o_2,_08961_,picorv32a
sky130_fd_sc_hd__nand2_2,_08962_,picorv32a
sky130_fd_sc_hd__or2_2,_08963_,picorv32a
sky130_fd_sc_hd__nand2_2,_08964_,picorv32a
sky130_fd_sc_hd__a21oi_2,_08965_,picorv32a
sky130_fd_sc_hd__a31o_2,_08966_,picorv32a
sky130_fd_sc_hd__and3_2,_08967_,picorv32a
sky130_fd_sc_hd__a21oi_2,_08968_,picorv32a
sky130_fd_sc_hd__or2_2,_08969_,picorv32a
sky130_fd_sc_hd__o221ai_2,_08970_,picorv32a
sky130_fd_sc_hd__o211a_2,_08971_,picorv32a
sky130_fd_sc_hd__nor2_2,_08972_,picorv32a
sky130_fd_sc_hd__a211o_2,_08973_,picorv32a
sky130_fd_sc_hd__a22o_2,_08974_,picorv32a
sky130_fd_sc_hd__nor2_2,_08975_,picorv32a
sky130_fd_sc_hd__or3_2,_08976_,picorv32a
sky130_fd_sc_hd__a21oi_2,_08977_,picorv32a
sky130_fd_sc_hd__o21a_2,_08978_,picorv32a
sky130_fd_sc_hd__a21oi_2,_08979_,picorv32a
sky130_fd_sc_hd__and3_2,_08980_,picorv32a
sky130_fd_sc_hd__o31a_2,_08981_,picorv32a
sky130_fd_sc_hd__xnor2_2,_08982_,picorv32a
sky130_fd_sc_hd__nor2_2,_08983_,picorv32a
sky130_fd_sc_hd__a21o_2,_08984_,picorv32a
sky130_fd_sc_hd__or2_2,_08985_,picorv32a
sky130_fd_sc_hd__a211oi_2,_08986_,picorv32a
sky130_fd_sc_hd__a211o_2,_08987_,picorv32a
sky130_fd_sc_hd__a22o_2,_08988_,picorv32a
sky130_fd_sc_hd__xor2_2,_08989_,picorv32a
sky130_fd_sc_hd__a21o_2,_08990_,picorv32a
sky130_fd_sc_hd__xnor2_2,_08991_,picorv32a
sky130_fd_sc_hd__o21ai_2,_08992_,picorv32a
sky130_fd_sc_hd__o21a_2,_08993_,picorv32a
sky130_fd_sc_hd__a21oi_2,_08994_,picorv32a
sky130_fd_sc_hd__and3_2,_08995_,picorv32a
sky130_fd_sc_hd__a21oi_2,_08996_,picorv32a
sky130_fd_sc_hd__nor3_2,_08997_,picorv32a
sky130_fd_sc_hd__a221o_2,_08998_,picorv32a
sky130_fd_sc_hd__a22o_2,_08999_,picorv32a
sky130_fd_sc_hd__nand2_2,_09000_,picorv32a
sky130_fd_sc_hd__or2_2,_09001_,picorv32a
sky130_fd_sc_hd__nand2_2,_09002_,picorv32a
sky130_fd_sc_hd__o21a_2,_09003_,picorv32a
sky130_fd_sc_hd__and2_2,_09004_,picorv32a
sky130_fd_sc_hd__o21bai_2,_09005_,picorv32a
sky130_fd_sc_hd__or3b_2,_09006_,picorv32a
sky130_fd_sc_hd__and3_2,_09007_,picorv32a
sky130_fd_sc_hd__mux2_1,_09008_,picorv32a
sky130_fd_sc_hd__nand2_2,_09009_,picorv32a
sky130_fd_sc_hd__o211a_2,_09010_,picorv32a
sky130_fd_sc_hd__o221a_2,_09011_,picorv32a
sky130_fd_sc_hd__a221o_2,_09012_,picorv32a
sky130_fd_sc_hd__a22o_2,_09013_,picorv32a
sky130_fd_sc_hd__xnor2_2,_09014_,picorv32a
sky130_fd_sc_hd__a21oi_2,_09015_,picorv32a
sky130_fd_sc_hd__a31o_2,_09016_,picorv32a
sky130_fd_sc_hd__and3_2,_09017_,picorv32a
sky130_fd_sc_hd__and3_2,_09018_,picorv32a
sky130_fd_sc_hd__a21o_2,_09019_,picorv32a
sky130_fd_sc_hd__inv_2,_09020_,picorv32a
sky130_fd_sc_hd__o221ai_2,_09021_,picorv32a
sky130_fd_sc_hd__o211a_2,_09022_,picorv32a
sky130_fd_sc_hd__mux2_1,_09023_,picorv32a
sky130_fd_sc_hd__a221o_2,_09024_,picorv32a
sky130_fd_sc_hd__a22o_2,_09025_,picorv32a
sky130_fd_sc_hd__nand2_2,_09026_,picorv32a
sky130_fd_sc_hd__o21ai_2,_09027_,picorv32a
sky130_fd_sc_hd__o21ai_2,_09028_,picorv32a
sky130_fd_sc_hd__o21a_2,_09029_,picorv32a
sky130_fd_sc_hd__nor2_2,_09030_,picorv32a
sky130_fd_sc_hd__o41a_2,_09031_,picorv32a
sky130_fd_sc_hd__a21oi_2,_09032_,picorv32a
sky130_fd_sc_hd__nand2_2,_09033_,picorv32a
sky130_fd_sc_hd__or2_2,_09034_,picorv32a
sky130_fd_sc_hd__nand2_2,_09035_,picorv32a
sky130_fd_sc_hd__or2_2,_09036_,picorv32a
sky130_fd_sc_hd__a21oi_2,_09037_,picorv32a
sky130_fd_sc_hd__a21boi_2,_09038_,picorv32a
sky130_fd_sc_hd__a2bb2o_2,_09039_,picorv32a
sky130_fd_sc_hd__a32o_2,_09040_,picorv32a
sky130_fd_sc_hd__a21o_2,_09041_,picorv32a
sky130_fd_sc_hd__nand2_2,_09042_,picorv32a
sky130_fd_sc_hd__or2_2,_09043_,picorv32a
sky130_fd_sc_hd__nand2_2,_09044_,picorv32a
sky130_fd_sc_hd__a21oi_2,_09045_,picorv32a
sky130_fd_sc_hd__a31o_2,_09046_,picorv32a
sky130_fd_sc_hd__or2_2,_09047_,picorv32a
sky130_fd_sc_hd__nand2_2,_09048_,picorv32a
sky130_fd_sc_hd__nand2_2,_09049_,picorv32a
sky130_fd_sc_hd__o221a_2,_09050_,picorv32a
sky130_fd_sc_hd__o21ai_2,_09051_,picorv32a
sky130_fd_sc_hd__nand2_2,_09052_,picorv32a
sky130_fd_sc_hd__o211a_2,_09053_,picorv32a
sky130_fd_sc_hd__a2bb2o_2,_09054_,picorv32a
sky130_fd_sc_hd__o21a_2,_09055_,picorv32a
sky130_fd_sc_hd__a21o_2,_09056_,picorv32a
sky130_fd_sc_hd__o211a_2,_09057_,picorv32a
sky130_fd_sc_hd__xnor2_2,_09058_,picorv32a
sky130_fd_sc_hd__o21ai_2,_09059_,picorv32a
sky130_fd_sc_hd__a21oi_2,_09060_,picorv32a
sky130_fd_sc_hd__mux2_1,_09061_,picorv32a
sky130_fd_sc_hd__o21ai_2,_09062_,picorv32a
sky130_fd_sc_hd__o221a_2,_09063_,picorv32a
sky130_fd_sc_hd__nand2_2,_09064_,picorv32a
sky130_fd_sc_hd__o211a_2,_09065_,picorv32a
sky130_fd_sc_hd__a211o_2,_09066_,picorv32a
sky130_fd_sc_hd__a22o_2,_09067_,picorv32a
sky130_fd_sc_hd__nor2_2,_09068_,picorv32a
sky130_fd_sc_hd__o21ai_2,_09069_,picorv32a
sky130_fd_sc_hd__a21oi_2,_09070_,picorv32a
sky130_fd_sc_hd__a21o_2,_09071_,picorv32a
sky130_fd_sc_hd__and3_2,_09072_,picorv32a
sky130_fd_sc_hd__and3b_2,_09073_,picorv32a
sky130_fd_sc_hd__and4_2,_09074_,picorv32a
sky130_fd_sc_hd__o21ai_2,_09075_,picorv32a
sky130_fd_sc_hd__nor2_2,_09076_,picorv32a
sky130_fd_sc_hd__a21oi_2,_09077_,picorv32a
sky130_fd_sc_hd__o21a_2,_09078_,picorv32a
sky130_fd_sc_hd__a21o_2,_09079_,picorv32a
sky130_fd_sc_hd__and3_2,_09080_,picorv32a
sky130_fd_sc_hd__and3b_2,_09081_,picorv32a
sky130_fd_sc_hd__and4_2,_09082_,picorv32a
sky130_fd_sc_hd__o21ai_2,_09083_,picorv32a
sky130_fd_sc_hd__nor2_2,_09084_,picorv32a
sky130_fd_sc_hd__a21oi_2,_09085_,picorv32a
sky130_fd_sc_hd__o21a_2,_09086_,picorv32a
sky130_fd_sc_hd__a21o_2,_09087_,picorv32a
sky130_fd_sc_hd__and3_2,_09088_,picorv32a
sky130_fd_sc_hd__and3b_2,_09089_,picorv32a
sky130_fd_sc_hd__and4_2,_09090_,picorv32a
sky130_fd_sc_hd__o21ai_2,_09091_,picorv32a
sky130_fd_sc_hd__nor2_2,_09092_,picorv32a
sky130_fd_sc_hd__a21oi_2,_09093_,picorv32a
sky130_fd_sc_hd__o21a_2,_09094_,picorv32a
sky130_fd_sc_hd__a21o_2,_09095_,picorv32a
sky130_fd_sc_hd__and3_2,_09096_,picorv32a
sky130_fd_sc_hd__and3b_2,_09097_,picorv32a
sky130_fd_sc_hd__and4_2,_09098_,picorv32a
sky130_fd_sc_hd__o21ai_2,_09099_,picorv32a
sky130_fd_sc_hd__nor2_2,_09100_,picorv32a
sky130_fd_sc_hd__a21oi_2,_09101_,picorv32a
sky130_fd_sc_hd__o21a_2,_09102_,picorv32a
sky130_fd_sc_hd__a21o_2,_09103_,picorv32a
sky130_fd_sc_hd__and3_2,_09104_,picorv32a
sky130_fd_sc_hd__and3b_2,_09105_,picorv32a
sky130_fd_sc_hd__and4_2,_09106_,picorv32a
sky130_fd_sc_hd__o21ai_2,_09107_,picorv32a
sky130_fd_sc_hd__nor2_2,_09108_,picorv32a
sky130_fd_sc_hd__a21oi_2,_09109_,picorv32a
sky130_fd_sc_hd__o21a_2,_09110_,picorv32a
sky130_fd_sc_hd__a21o_2,_09111_,picorv32a
sky130_fd_sc_hd__and3_2,_09112_,picorv32a
sky130_fd_sc_hd__and3b_2,_09113_,picorv32a
sky130_fd_sc_hd__and4_2,_09114_,picorv32a
sky130_fd_sc_hd__nor2_2,_09115_,picorv32a
sky130_fd_sc_hd__o21a_2,_09116_,picorv32a
sky130_fd_sc_hd__a21oi_2,_09117_,picorv32a
sky130_fd_sc_hd__o21a_2,_09118_,picorv32a
sky130_fd_sc_hd__a21o_2,_09119_,picorv32a
sky130_fd_sc_hd__and3_2,_09120_,picorv32a
sky130_fd_sc_hd__and3b_2,_09121_,picorv32a
sky130_fd_sc_hd__or2_2,_09122_,picorv32a
sky130_fd_sc_hd__and4_2,_09123_,picorv32a
sky130_fd_sc_hd__and3b_2,_09124_,picorv32a
sky130_fd_sc_hd__a21oi_2,_09125_,picorv32a
sky130_fd_sc_hd__o21a_2,_09126_,picorv32a
sky130_fd_sc_hd__a21o_2,_09127_,picorv32a
sky130_fd_sc_hd__and3_2,_09128_,picorv32a
sky130_fd_sc_hd__and3b_2,_09129_,picorv32a
sky130_fd_sc_hd__and4_2,_09130_,picorv32a
sky130_fd_sc_hd__o21ai_2,_09131_,picorv32a
sky130_fd_sc_hd__nor2_2,_09132_,picorv32a
sky130_fd_sc_hd__a21oi_2,_09133_,picorv32a
sky130_fd_sc_hd__o21a_2,_09134_,picorv32a
sky130_fd_sc_hd__a21o_2,_09135_,picorv32a
sky130_fd_sc_hd__and3_2,_09136_,picorv32a
sky130_fd_sc_hd__and3b_2,_09137_,picorv32a
sky130_fd_sc_hd__and4_2,_09138_,picorv32a
sky130_fd_sc_hd__o21ai_2,_09139_,picorv32a
sky130_fd_sc_hd__nor2_2,_09140_,picorv32a
sky130_fd_sc_hd__a21oi_2,_09141_,picorv32a
sky130_fd_sc_hd__o21a_2,_09142_,picorv32a
sky130_fd_sc_hd__a21o_2,_09143_,picorv32a
sky130_fd_sc_hd__and3_2,_09144_,picorv32a
sky130_fd_sc_hd__and3b_2,_09145_,picorv32a
sky130_fd_sc_hd__or2_2,_09146_,picorv32a
sky130_fd_sc_hd__and4_2,_09147_,picorv32a
sky130_fd_sc_hd__and3b_2,_09148_,picorv32a
sky130_fd_sc_hd__a21oi_2,_09149_,picorv32a
sky130_fd_sc_hd__o21a_2,_09150_,picorv32a
sky130_fd_sc_hd__a21o_2,_09151_,picorv32a
sky130_fd_sc_hd__and3_2,_09152_,picorv32a
sky130_fd_sc_hd__and3b_2,_09153_,picorv32a
sky130_fd_sc_hd__or2_2,_09154_,picorv32a
sky130_fd_sc_hd__and4_2,_09155_,picorv32a
sky130_fd_sc_hd__and3b_2,_09156_,picorv32a
sky130_fd_sc_hd__a21oi_2,_09157_,picorv32a
sky130_fd_sc_hd__o21a_2,_09158_,picorv32a
sky130_fd_sc_hd__a21o_2,_09159_,picorv32a
sky130_fd_sc_hd__and3_2,_09160_,picorv32a
sky130_fd_sc_hd__and3b_2,_09161_,picorv32a
sky130_fd_sc_hd__and4_2,_09162_,picorv32a
sky130_fd_sc_hd__o21ai_2,_09163_,picorv32a
sky130_fd_sc_hd__nor2_2,_09164_,picorv32a
sky130_fd_sc_hd__a21oi_2,_09165_,picorv32a
sky130_fd_sc_hd__o21a_2,_09166_,picorv32a
sky130_fd_sc_hd__a21o_2,_09167_,picorv32a
sky130_fd_sc_hd__and3_2,_09168_,picorv32a
sky130_fd_sc_hd__and3b_2,_09169_,picorv32a
sky130_fd_sc_hd__and4_2,_09170_,picorv32a
sky130_fd_sc_hd__o21ai_2,_09171_,picorv32a
sky130_fd_sc_hd__nor2_2,_09172_,picorv32a
sky130_fd_sc_hd__a21oi_2,_09173_,picorv32a
sky130_fd_sc_hd__o21a_2,_09174_,picorv32a
sky130_fd_sc_hd__a21o_2,_09175_,picorv32a
sky130_fd_sc_hd__and3_2,_09176_,picorv32a
sky130_fd_sc_hd__and3b_2,_09177_,picorv32a
sky130_fd_sc_hd__and4_2,_09178_,picorv32a
sky130_fd_sc_hd__o21ai_2,_09179_,picorv32a
sky130_fd_sc_hd__nor2_2,_09180_,picorv32a
sky130_fd_sc_hd__a21oi_2,_09181_,picorv32a
sky130_fd_sc_hd__o21a_2,_09182_,picorv32a
sky130_fd_sc_hd__a21o_2,_09183_,picorv32a
sky130_fd_sc_hd__and3_2,_09184_,picorv32a
sky130_fd_sc_hd__and3b_2,_09185_,picorv32a
sky130_fd_sc_hd__and4_2,_09186_,picorv32a
sky130_fd_sc_hd__o21ai_2,_09187_,picorv32a
sky130_fd_sc_hd__nor2_2,_09188_,picorv32a
sky130_fd_sc_hd__a21oi_2,_09189_,picorv32a
sky130_fd_sc_hd__o21a_2,_09190_,picorv32a
sky130_fd_sc_hd__a21o_2,_09191_,picorv32a
sky130_fd_sc_hd__and3_2,_09192_,picorv32a
sky130_fd_sc_hd__and3b_2,_09193_,picorv32a
sky130_fd_sc_hd__and4_2,_09194_,picorv32a
sky130_fd_sc_hd__o21ai_2,_09195_,picorv32a
sky130_fd_sc_hd__nor2_2,_09196_,picorv32a
sky130_fd_sc_hd__or2_2,_09197_,picorv32a
sky130_fd_sc_hd__and2_2,_09198_,picorv32a
sky130_fd_sc_hd__and3b_2,_09199_,picorv32a
sky130_fd_sc_hd__and3_2,_09200_,picorv32a
sky130_fd_sc_hd__o21ai_2,_09201_,picorv32a
sky130_fd_sc_hd__nor2_2,_09202_,picorv32a
sky130_fd_sc_hd__and4_2,_09203_,picorv32a
sky130_fd_sc_hd__o21ai_2,_09204_,picorv32a
sky130_fd_sc_hd__nor2_2,_09205_,picorv32a
sky130_fd_sc_hd__a21oi_2,_09206_,picorv32a
sky130_fd_sc_hd__o21a_2,_09207_,picorv32a
sky130_fd_sc_hd__a21o_2,_09208_,picorv32a
sky130_fd_sc_hd__and3_2,_09209_,picorv32a
sky130_fd_sc_hd__and3b_2,_09210_,picorv32a
sky130_fd_sc_hd__and2_2,_09211_,picorv32a
sky130_fd_sc_hd__o21ai_2,_09212_,picorv32a
sky130_fd_sc_hd__nor2_2,_09213_,picorv32a
sky130_fd_sc_hd__a21oi_2,_09214_,picorv32a
sky130_fd_sc_hd__o21a_2,_09215_,picorv32a
sky130_fd_sc_hd__a31o_2,_09216_,picorv32a
sky130_fd_sc_hd__and3_2,_09217_,picorv32a
sky130_fd_sc_hd__and3b_2,_09218_,picorv32a
sky130_fd_sc_hd__or2_2,_09219_,picorv32a
sky130_fd_sc_hd__and2_2,_09220_,picorv32a
sky130_fd_sc_hd__and3b_2,_09221_,picorv32a
sky130_fd_sc_hd__and3_2,_09222_,picorv32a
sky130_fd_sc_hd__o21ai_2,_09223_,picorv32a
sky130_fd_sc_hd__nor2_2,_09224_,picorv32a
sky130_fd_sc_hd__and2_2,_09225_,picorv32a
sky130_fd_sc_hd__o21ai_2,_09226_,picorv32a
sky130_fd_sc_hd__nor2_2,_09227_,picorv32a
sky130_fd_sc_hd__and3_2,_09228_,picorv32a
sky130_fd_sc_hd__o21ai_2,_09229_,picorv32a
sky130_fd_sc_hd__nor2_2,_09230_,picorv32a
sky130_fd_sc_hd__a21oi_2,_09231_,picorv32a
sky130_fd_sc_hd__o21a_2,_09232_,picorv32a
sky130_fd_sc_hd__a21o_2,_09233_,picorv32a
sky130_fd_sc_hd__and3_2,_09234_,picorv32a
sky130_fd_sc_hd__and3b_2,_09235_,picorv32a
sky130_fd_sc_hd__a21oi_2,_09236_,picorv32a
sky130_fd_sc_hd__o21a_2,_09237_,picorv32a
sky130_fd_sc_hd__and2b_2,_09238_,picorv32a
sky130_fd_sc_hd__a2bb2o_2,_09239_,picorv32a
sky130_fd_sc_hd__o21bai_2,_09240_,picorv32a
sky130_fd_sc_hd__a21o_2,_09241_,picorv32a
sky130_fd_sc_hd__xor2_2,_09242_,picorv32a
sky130_fd_sc_hd__mux2_1,_09243_,picorv32a
sky130_fd_sc_hd__mux2_1,_09244_,picorv32a
sky130_fd_sc_hd__o2bb2a_2,_09245_,picorv32a
sky130_fd_sc_hd__and2_2,_09246_,picorv32a
sky130_fd_sc_hd__xor2_2,_09247_,picorv32a
sky130_fd_sc_hd__a21oi_2,_09248_,picorv32a
sky130_fd_sc_hd__and3_2,_09249_,picorv32a
sky130_fd_sc_hd__o21ai_2,_09250_,picorv32a
sky130_fd_sc_hd__a21oi_2,_09251_,picorv32a
sky130_fd_sc_hd__a22o_2,_09252_,picorv32a
sky130_fd_sc_hd__a2bb2o_2,_09253_,picorv32a
sky130_fd_sc_hd__nand2_2,_09254_,picorv32a
sky130_fd_sc_hd__or2_2,_09255_,picorv32a
sky130_fd_sc_hd__o211a_2,_09256_,picorv32a
sky130_fd_sc_hd__a211o_2,_09257_,picorv32a
sky130_fd_sc_hd__and2b_2,_09258_,picorv32a
sky130_fd_sc_hd__mux2_1,_09259_,picorv32a
sky130_fd_sc_hd__mux2_1,_09260_,picorv32a
sky130_fd_sc_hd__a2bb2o_2,_09261_,picorv32a
sky130_fd_sc_hd__nand2_2,_09262_,picorv32a
sky130_fd_sc_hd__or2_2,_09263_,picorv32a
sky130_fd_sc_hd__nand2_2,_09264_,picorv32a
sky130_fd_sc_hd__a21oi_2,_09265_,picorv32a
sky130_fd_sc_hd__xor2_2,_09266_,picorv32a
sky130_fd_sc_hd__mux2_1,_09267_,picorv32a
sky130_fd_sc_hd__mux2_1,_09268_,picorv32a
sky130_fd_sc_hd__a2bb2o_2,_09269_,picorv32a
sky130_fd_sc_hd__nand2_2,_09270_,picorv32a
sky130_fd_sc_hd__or2_2,_09271_,picorv32a
sky130_fd_sc_hd__nand2_2,_09272_,picorv32a
sky130_fd_sc_hd__o21a_2,_09273_,picorv32a
sky130_fd_sc_hd__xor2_2,_09274_,picorv32a
sky130_fd_sc_hd__mux2_1,_09275_,picorv32a
sky130_fd_sc_hd__mux2_1,_09276_,picorv32a
sky130_fd_sc_hd__a2bb2o_2,_09277_,picorv32a
sky130_fd_sc_hd__o21a_2,_09278_,picorv32a
sky130_fd_sc_hd__nor2_2,_09279_,picorv32a
sky130_fd_sc_hd__nor2_2,_09280_,picorv32a
sky130_fd_sc_hd__nor2_2,_09281_,picorv32a
sky130_fd_sc_hd__xnor2_2,_09282_,picorv32a
sky130_fd_sc_hd__mux2_1,_09283_,picorv32a
sky130_fd_sc_hd__mux2_1,_09284_,picorv32a
sky130_fd_sc_hd__nand2_2,_09285_,picorv32a
sky130_fd_sc_hd__or2_2,_09286_,picorv32a
sky130_fd_sc_hd__nand2_2,_09287_,picorv32a
sky130_fd_sc_hd__o221a_2,_09288_,picorv32a
sky130_fd_sc_hd__nor2_2,_09289_,picorv32a
sky130_fd_sc_hd__xor2_2,_09290_,picorv32a
sky130_fd_sc_hd__nand2_2,_09291_,picorv32a
sky130_fd_sc_hd__o211a_2,_09292_,picorv32a
sky130_fd_sc_hd__a21oi_2,_09293_,picorv32a
sky130_fd_sc_hd__mux2_1,_09294_,picorv32a
sky130_fd_sc_hd__nand2_2,_09295_,picorv32a
sky130_fd_sc_hd__or2_2,_09296_,picorv32a
sky130_fd_sc_hd__nand2_2,_09297_,picorv32a
sky130_fd_sc_hd__o31a_2,_09298_,picorv32a
sky130_fd_sc_hd__xor2_2,_09299_,picorv32a
sky130_fd_sc_hd__a2bb2o_2,_09300_,picorv32a
sky130_fd_sc_hd__mux2_1,_09301_,picorv32a
sky130_fd_sc_hd__mux2_1,_09302_,picorv32a
sky130_fd_sc_hd__o21a_2,_09303_,picorv32a
sky130_fd_sc_hd__nor2_2,_09304_,picorv32a
sky130_fd_sc_hd__and2_2,_09305_,picorv32a
sky130_fd_sc_hd__nor2_2,_09306_,picorv32a
sky130_fd_sc_hd__and2b_2,_09307_,picorv32a
sky130_fd_sc_hd__xnor2_2,_09308_,picorv32a
sky130_fd_sc_hd__a2bb2o_2,_09309_,picorv32a
sky130_fd_sc_hd__mux2_1,_09310_,picorv32a
sky130_fd_sc_hd__mux2_1,_09311_,picorv32a
sky130_fd_sc_hd__xor2_2,_09312_,picorv32a
sky130_fd_sc_hd__or3_2,_09313_,picorv32a
sky130_fd_sc_hd__o21ai_2,_09314_,picorv32a
sky130_fd_sc_hd__o2bb2a_2,_09315_,picorv32a
sky130_fd_sc_hd__nor2_2,_09316_,picorv32a
sky130_fd_sc_hd__a31o_2,_09317_,picorv32a
sky130_fd_sc_hd__mux2_1,_09318_,picorv32a
sky130_fd_sc_hd__nor2_2,_09319_,picorv32a
sky130_fd_sc_hd__and2_2,_09320_,picorv32a
sky130_fd_sc_hd__nor2_2,_09321_,picorv32a
sky130_fd_sc_hd__a21o_2,_09322_,picorv32a
sky130_fd_sc_hd__o22a_2,_09323_,picorv32a
sky130_fd_sc_hd__xor2_2,_09324_,picorv32a
sky130_fd_sc_hd__a2bb2o_2,_09325_,picorv32a
sky130_fd_sc_hd__mux2_1,_09326_,picorv32a
sky130_fd_sc_hd__mux2_1,_09327_,picorv32a
sky130_fd_sc_hd__or2_2,_09328_,picorv32a
sky130_fd_sc_hd__nand2_2,_09329_,picorv32a
sky130_fd_sc_hd__nand2_2,_09330_,picorv32a
sky130_fd_sc_hd__a21o_2,_09331_,picorv32a
sky130_fd_sc_hd__xnor2_2,_09332_,picorv32a
sky130_fd_sc_hd__a2bb2o_2,_09333_,picorv32a
sky130_fd_sc_hd__mux2_1,_09334_,picorv32a
sky130_fd_sc_hd__mux2_1,_09335_,picorv32a
sky130_fd_sc_hd__and3_2,_09336_,picorv32a
sky130_fd_sc_hd__o211ai_2,_09337_,picorv32a
sky130_fd_sc_hd__inv_2,_09338_,picorv32a
sky130_fd_sc_hd__a21bo_2,_09339_,picorv32a
sky130_fd_sc_hd__a31o_2,_09340_,picorv32a
sky130_fd_sc_hd__and2_2,_09341_,picorv32a
sky130_fd_sc_hd__nor2_2,_09342_,picorv32a
sky130_fd_sc_hd__nor2_2,_09343_,picorv32a
sky130_fd_sc_hd__o21a_2,_09344_,picorv32a
sky130_fd_sc_hd__nor3_2,_09345_,picorv32a
sky130_fd_sc_hd__o21ai_2,_09346_,picorv32a
sky130_fd_sc_hd__o2bb2a_2,_09347_,picorv32a
sky130_fd_sc_hd__a21oi_2,_09348_,picorv32a
sky130_fd_sc_hd__a22o_2,_09349_,picorv32a
sky130_fd_sc_hd__xor2_2,_09350_,picorv32a
sky130_fd_sc_hd__o21ai_2,_09351_,picorv32a
sky130_fd_sc_hd__o31a_2,_09352_,picorv32a
sky130_fd_sc_hd__a2bb2o_2,_09353_,picorv32a
sky130_fd_sc_hd__a22o_2,_09354_,picorv32a
sky130_fd_sc_hd__mux2_1,_09355_,picorv32a
sky130_fd_sc_hd__nor2_2,_09356_,picorv32a
sky130_fd_sc_hd__and2_2,_09357_,picorv32a
sky130_fd_sc_hd__nor2_2,_09358_,picorv32a
sky130_fd_sc_hd__a21o_2,_09359_,picorv32a
sky130_fd_sc_hd__o22a_2,_09360_,picorv32a
sky130_fd_sc_hd__xor2_2,_09361_,picorv32a
sky130_fd_sc_hd__a2bb2o_2,_09362_,picorv32a
sky130_fd_sc_hd__mux2_1,_09363_,picorv32a
sky130_fd_sc_hd__mux2_1,_09364_,picorv32a
sky130_fd_sc_hd__or2_2,_09365_,picorv32a
sky130_fd_sc_hd__nand2_2,_09366_,picorv32a
sky130_fd_sc_hd__nand2_2,_09367_,picorv32a
sky130_fd_sc_hd__a21o_2,_09368_,picorv32a
sky130_fd_sc_hd__xnor2_2,_09369_,picorv32a
sky130_fd_sc_hd__a2bb2o_2,_09370_,picorv32a
sky130_fd_sc_hd__mux2_1,_09371_,picorv32a
sky130_fd_sc_hd__mux2_1,_09372_,picorv32a
sky130_fd_sc_hd__and3_2,_09373_,picorv32a
sky130_fd_sc_hd__o2111a_2,_09374_,picorv32a
sky130_fd_sc_hd__o211a_2,_09375_,picorv32a
sky130_fd_sc_hd__a21bo_2,_09376_,picorv32a
sky130_fd_sc_hd__and2_2,_09377_,picorv32a
sky130_fd_sc_hd__nand2_2,_09378_,picorv32a
sky130_fd_sc_hd__or2_2,_09379_,picorv32a
sky130_fd_sc_hd__o311a_2,_09380_,picorv32a
sky130_fd_sc_hd__a2111o_2,_09381_,picorv32a
sky130_fd_sc_hd__and2b_2,_09382_,picorv32a
sky130_fd_sc_hd__a2bb2o_2,_09383_,picorv32a
sky130_fd_sc_hd__mux2_1,_09384_,picorv32a
sky130_fd_sc_hd__mux2_1,_09385_,picorv32a
sky130_fd_sc_hd__and2_2,_09386_,picorv32a
sky130_fd_sc_hd__nor2_2,_09387_,picorv32a
sky130_fd_sc_hd__nor2_2,_09388_,picorv32a
sky130_fd_sc_hd__o21ai_2,_09389_,picorv32a
sky130_fd_sc_hd__o31a_2,_09390_,picorv32a
sky130_fd_sc_hd__a2bb2o_2,_09391_,picorv32a
sky130_fd_sc_hd__a22o_2,_09392_,picorv32a
sky130_fd_sc_hd__mux2_1,_09393_,picorv32a
sky130_fd_sc_hd__nor2_2,_09394_,picorv32a
sky130_fd_sc_hd__and2_2,_09395_,picorv32a
sky130_fd_sc_hd__or2_2,_09396_,picorv32a
sky130_fd_sc_hd__or2_2,_09397_,picorv32a
sky130_fd_sc_hd__nor2_2,_09398_,picorv32a
sky130_fd_sc_hd__nor3_2,_09399_,picorv32a
sky130_fd_sc_hd__o21a_2,_09400_,picorv32a
sky130_fd_sc_hd__nor2_2,_09401_,picorv32a
sky130_fd_sc_hd__a2bb2o_2,_09402_,picorv32a
sky130_fd_sc_hd__mux2_1,_09403_,picorv32a
sky130_fd_sc_hd__mux2_1,_09404_,picorv32a
sky130_fd_sc_hd__nor2_2,_09405_,picorv32a
sky130_fd_sc_hd__and2_2,_09406_,picorv32a
sky130_fd_sc_hd__nor2_2,_09407_,picorv32a
sky130_fd_sc_hd__o21ai_2,_09408_,picorv32a
sky130_fd_sc_hd__o31a_2,_09409_,picorv32a
sky130_fd_sc_hd__a2bb2o_2,_09410_,picorv32a
sky130_fd_sc_hd__a22o_2,_09411_,picorv32a
sky130_fd_sc_hd__mux2_1,_09412_,picorv32a
sky130_fd_sc_hd__or3_2,_09413_,picorv32a
sky130_fd_sc_hd__or4b_2,_09414_,picorv32a
sky130_fd_sc_hd__or3b_2,_09415_,picorv32a
sky130_fd_sc_hd__nand2b_2,_09416_,picorv32a
sky130_fd_sc_hd__and4b_2,_09417_,picorv32a
sky130_fd_sc_hd__nor2_2,_09418_,picorv32a
sky130_fd_sc_hd__and2_2,_09419_,picorv32a
sky130_fd_sc_hd__or2_2,_09420_,picorv32a
sky130_fd_sc_hd__nor2_2,_09421_,picorv32a
sky130_fd_sc_hd__and2_2,_09422_,picorv32a
sky130_fd_sc_hd__nor2_2,_09423_,picorv32a
sky130_fd_sc_hd__a2bb2o_2,_09424_,picorv32a
sky130_fd_sc_hd__mux2_1,_09425_,picorv32a
sky130_fd_sc_hd__mux2_1,_09426_,picorv32a
sky130_fd_sc_hd__xor2_2,_09427_,picorv32a
sky130_fd_sc_hd__o21ai_2,_09428_,picorv32a
sky130_fd_sc_hd__o31a_2,_09429_,picorv32a
sky130_fd_sc_hd__a2bb2o_2,_09430_,picorv32a
sky130_fd_sc_hd__a22o_2,_09431_,picorv32a
sky130_fd_sc_hd__mux2_1,_09432_,picorv32a
sky130_fd_sc_hd__nor2_2,_09433_,picorv32a
sky130_fd_sc_hd__and2_2,_09434_,picorv32a
sky130_fd_sc_hd__nor2_2,_09435_,picorv32a
sky130_fd_sc_hd__a21o_2,_09436_,picorv32a
sky130_fd_sc_hd__o22a_2,_09437_,picorv32a
sky130_fd_sc_hd__xor2_2,_09438_,picorv32a
sky130_fd_sc_hd__a2bb2o_2,_09439_,picorv32a
sky130_fd_sc_hd__mux2_1,_09440_,picorv32a
sky130_fd_sc_hd__mux2_1,_09441_,picorv32a
sky130_fd_sc_hd__or2_2,_09442_,picorv32a
sky130_fd_sc_hd__and2_2,_09443_,picorv32a
sky130_fd_sc_hd__nand2_2,_09444_,picorv32a
sky130_fd_sc_hd__nand2_2,_09445_,picorv32a
sky130_fd_sc_hd__a21o_2,_09446_,picorv32a
sky130_fd_sc_hd__xnor2_2,_09447_,picorv32a
sky130_fd_sc_hd__a2bb2o_2,_09448_,picorv32a
sky130_fd_sc_hd__mux2_1,_09449_,picorv32a
sky130_fd_sc_hd__mux2_1,_09450_,picorv32a
sky130_fd_sc_hd__and3_2,_09451_,picorv32a
sky130_fd_sc_hd__and3_2,_09452_,picorv32a
sky130_fd_sc_hd__o211a_2,_09453_,picorv32a
sky130_fd_sc_hd__o21a_2,_09454_,picorv32a
sky130_fd_sc_hd__or2_2,_09455_,picorv32a
sky130_fd_sc_hd__nand2_2,_09456_,picorv32a
sky130_fd_sc_hd__o311ai_2,_09457_,picorv32a
sky130_fd_sc_hd__a2111o_2,_09458_,picorv32a
sky130_fd_sc_hd__a21o_2,_09459_,picorv32a
sky130_fd_sc_hd__o2bb2a_2,_09460_,picorv32a
sky130_fd_sc_hd__a21oi_2,_09461_,picorv32a
sky130_fd_sc_hd__a22o_2,_09462_,picorv32a
sky130_fd_sc_hd__nor2_2,_09463_,picorv32a
sky130_fd_sc_hd__and2_2,_09464_,picorv32a
sky130_fd_sc_hd__or2_2,_09465_,picorv32a
sky130_fd_sc_hd__a21oi_2,_09466_,picorv32a
sky130_fd_sc_hd__a31o_2,_09467_,picorv32a
sky130_fd_sc_hd__a2bb2o_2,_09468_,picorv32a
sky130_fd_sc_hd__a2bb2o_2,_09469_,picorv32a
sky130_fd_sc_hd__mux2_1,_09470_,picorv32a
sky130_fd_sc_hd__or2_2,_09471_,picorv32a
sky130_fd_sc_hd__nand2_2,_09472_,picorv32a
sky130_fd_sc_hd__nand2_2,_09473_,picorv32a
sky130_fd_sc_hd__a21oi_2,_09474_,picorv32a
sky130_fd_sc_hd__a21oi_2,_09475_,picorv32a
sky130_fd_sc_hd__nand2b_2,_09476_,picorv32a
sky130_fd_sc_hd__xnor2_2,_09477_,picorv32a
sky130_fd_sc_hd__a2bb2o_2,_09478_,picorv32a
sky130_fd_sc_hd__mux2_1,_09479_,picorv32a
sky130_fd_sc_hd__mux2_1,_09480_,picorv32a
sky130_fd_sc_hd__nor2_2,_09481_,picorv32a
sky130_fd_sc_hd__and2_2,_09482_,picorv32a
sky130_fd_sc_hd__or2_2,_09483_,picorv32a
sky130_fd_sc_hd__a21oi_2,_09484_,picorv32a
sky130_fd_sc_hd__a31o_2,_09485_,picorv32a
sky130_fd_sc_hd__a2bb2o_2,_09486_,picorv32a
sky130_fd_sc_hd__a2bb2o_2,_09487_,picorv32a
sky130_fd_sc_hd__mux2_1,_09488_,picorv32a
sky130_fd_sc_hd__or2_2,_09489_,picorv32a
sky130_fd_sc_hd__o21ba_2,_09490_,picorv32a
sky130_fd_sc_hd__o31a_2,_09491_,picorv32a
sky130_fd_sc_hd__o31a_2,_09492_,picorv32a
sky130_fd_sc_hd__or2_2,_09493_,picorv32a
sky130_fd_sc_hd__nand2_2,_09494_,picorv32a
sky130_fd_sc_hd__nand2_2,_09495_,picorv32a
sky130_fd_sc_hd__xor2_2,_09496_,picorv32a
sky130_fd_sc_hd__a2bb2o_2,_09497_,picorv32a
sky130_fd_sc_hd__mux2_1,_09498_,picorv32a
sky130_fd_sc_hd__mux2_1,_09499_,picorv32a
sky130_fd_sc_hd__nor2_2,_09500_,picorv32a
sky130_fd_sc_hd__nand2_2,_09501_,picorv32a
sky130_fd_sc_hd__and2b_2,_09502_,picorv32a
sky130_fd_sc_hd__o21a_2,_09503_,picorv32a
sky130_fd_sc_hd__xnor2_2,_09504_,picorv32a
sky130_fd_sc_hd__a2bb2o_2,_09505_,picorv32a
sky130_fd_sc_hd__mux2_1,_09506_,picorv32a
sky130_fd_sc_hd__mux2_1,_09507_,picorv32a
sky130_fd_sc_hd__nand2_2,_09508_,picorv32a
sky130_fd_sc_hd__or2_2,_09509_,picorv32a
sky130_fd_sc_hd__nand2_2,_09510_,picorv32a
sky130_fd_sc_hd__a21oi_2,_09511_,picorv32a
sky130_fd_sc_hd__nand2b_2,_09512_,picorv32a
sky130_fd_sc_hd__xnor2_2,_09513_,picorv32a
sky130_fd_sc_hd__a2bb2o_2,_09514_,picorv32a
sky130_fd_sc_hd__mux2_1,_09515_,picorv32a
sky130_fd_sc_hd__mux2_1,_09516_,picorv32a
sky130_fd_sc_hd__xnor2_2,_09517_,picorv32a
sky130_fd_sc_hd__and3_2,_09518_,picorv32a
sky130_fd_sc_hd__a21oi_2,_09519_,picorv32a
sky130_fd_sc_hd__a2bb2o_2,_09520_,picorv32a
sky130_fd_sc_hd__a21oi_2,_09521_,picorv32a
sky130_fd_sc_hd__o31a_2,_09522_,picorv32a
sky130_fd_sc_hd__a21oi_2,_09523_,picorv32a
sky130_fd_sc_hd__mux2_1,_09524_,picorv32a
sky130_fd_sc_hd__and2_2,_09525_,picorv32a
sky130_fd_sc_hd__nand2_2,_09526_,picorv32a
sky130_fd_sc_hd__a21o_2,_09527_,picorv32a
sky130_fd_sc_hd__o2bb2a_2,_09528_,picorv32a
sky130_fd_sc_hd__nor2_2,_09529_,picorv32a
sky130_fd_sc_hd__nand2_2,_09530_,picorv32a
sky130_fd_sc_hd__nor2_2,_09531_,picorv32a
sky130_fd_sc_hd__a211o_2,_09532_,picorv32a
sky130_fd_sc_hd__nor2_2,_09533_,picorv32a
sky130_fd_sc_hd__a211o_2,_09534_,picorv32a
sky130_fd_sc_hd__nor2_2,_09535_,picorv32a
sky130_fd_sc_hd__a211o_2,_09536_,picorv32a
sky130_fd_sc_hd__nor2_2,_09537_,picorv32a
sky130_fd_sc_hd__a211o_2,_09538_,picorv32a
sky130_fd_sc_hd__nor2_2,_09539_,picorv32a
sky130_fd_sc_hd__a211o_2,_09540_,picorv32a
sky130_fd_sc_hd__nor2_2,_09541_,picorv32a
sky130_fd_sc_hd__a211o_2,_09542_,picorv32a
sky130_fd_sc_hd__nor2_2,_09543_,picorv32a
sky130_fd_sc_hd__a211o_2,_09544_,picorv32a
sky130_fd_sc_hd__nor2_2,_09545_,picorv32a
sky130_fd_sc_hd__a211o_2,_09546_,picorv32a
sky130_fd_sc_hd__nor2_2,_09547_,picorv32a
sky130_fd_sc_hd__a211o_2,_09548_,picorv32a
sky130_fd_sc_hd__nor2_2,_09549_,picorv32a
sky130_fd_sc_hd__a211o_2,_09550_,picorv32a
sky130_fd_sc_hd__nor2_2,_09551_,picorv32a
sky130_fd_sc_hd__a211o_2,_09552_,picorv32a
sky130_fd_sc_hd__nor2_2,_09553_,picorv32a
sky130_fd_sc_hd__a211o_2,_09554_,picorv32a
sky130_fd_sc_hd__nor2_2,_09555_,picorv32a
sky130_fd_sc_hd__a211o_2,_09556_,picorv32a
sky130_fd_sc_hd__nor2_2,_09557_,picorv32a
sky130_fd_sc_hd__a211o_2,_09558_,picorv32a
sky130_fd_sc_hd__nor2_2,_09559_,picorv32a
sky130_fd_sc_hd__a211o_2,_09560_,picorv32a
sky130_fd_sc_hd__nor2_2,_09561_,picorv32a
sky130_fd_sc_hd__a211o_2,_09562_,picorv32a
sky130_fd_sc_hd__nor2_2,_09563_,picorv32a
sky130_fd_sc_hd__a211o_2,_09564_,picorv32a
sky130_fd_sc_hd__nor2_2,_09565_,picorv32a
sky130_fd_sc_hd__a211o_2,_09566_,picorv32a
sky130_fd_sc_hd__nor2_2,_09567_,picorv32a
sky130_fd_sc_hd__a211o_2,_09568_,picorv32a
sky130_fd_sc_hd__nor2_2,_09569_,picorv32a
sky130_fd_sc_hd__a211o_2,_09570_,picorv32a
sky130_fd_sc_hd__nor2_2,_09571_,picorv32a
sky130_fd_sc_hd__a211o_2,_09572_,picorv32a
sky130_fd_sc_hd__nor2_2,_09573_,picorv32a
sky130_fd_sc_hd__a211o_2,_09574_,picorv32a
sky130_fd_sc_hd__nor2_2,_09575_,picorv32a
sky130_fd_sc_hd__a211o_2,_09576_,picorv32a
sky130_fd_sc_hd__nor2_2,_09577_,picorv32a
sky130_fd_sc_hd__a211o_2,_09578_,picorv32a
sky130_fd_sc_hd__nor2_2,_09579_,picorv32a
sky130_fd_sc_hd__a211o_2,_09580_,picorv32a
sky130_fd_sc_hd__nor2_2,_09581_,picorv32a
sky130_fd_sc_hd__a211o_2,_09582_,picorv32a
sky130_fd_sc_hd__nor2_2,_09583_,picorv32a
sky130_fd_sc_hd__a211o_2,_09584_,picorv32a
sky130_fd_sc_hd__nor2_2,_09585_,picorv32a
sky130_fd_sc_hd__a211o_2,_09586_,picorv32a
sky130_fd_sc_hd__nor2_2,_09587_,picorv32a
sky130_fd_sc_hd__a211o_2,_09588_,picorv32a
sky130_fd_sc_hd__nor2_2,_09589_,picorv32a
sky130_fd_sc_hd__a211o_2,_09590_,picorv32a
sky130_fd_sc_hd__nor2_2,_09591_,picorv32a
sky130_fd_sc_hd__a211o_2,_09592_,picorv32a
sky130_fd_sc_hd__nor2_2,_09593_,picorv32a
sky130_fd_sc_hd__a211o_2,_09594_,picorv32a
sky130_fd_sc_hd__and2_2,_09595_,picorv32a
sky130_fd_sc_hd__nand2_2,_09596_,picorv32a
sky130_fd_sc_hd__mux2_1,_09597_,picorv32a
sky130_fd_sc_hd__or2_2,_09598_,picorv32a
sky130_fd_sc_hd__a21oi_2,_09599_,picorv32a
sky130_fd_sc_hd__a22o_2,_09600_,picorv32a
sky130_fd_sc_hd__mux2_1,_09601_,picorv32a
sky130_fd_sc_hd__or2_2,_09602_,picorv32a
sky130_fd_sc_hd__a21oi_2,_09603_,picorv32a
sky130_fd_sc_hd__a22o_2,_09604_,picorv32a
sky130_fd_sc_hd__mux2_1,_09605_,picorv32a
sky130_fd_sc_hd__nor2_2,_09606_,picorv32a
sky130_fd_sc_hd__a211o_2,_09607_,picorv32a
sky130_fd_sc_hd__o21ai_2,_09608_,picorv32a
sky130_fd_sc_hd__mux2_1,_09609_,picorv32a
sky130_fd_sc_hd__or2_2,_09610_,picorv32a
sky130_fd_sc_hd__a21oi_2,_09611_,picorv32a
sky130_fd_sc_hd__a22o_2,_09612_,picorv32a
sky130_fd_sc_hd__mux2_1,_09613_,picorv32a
sky130_fd_sc_hd__or2_2,_09614_,picorv32a
sky130_fd_sc_hd__a21oi_2,_09615_,picorv32a
sky130_fd_sc_hd__a22o_2,_09616_,picorv32a
sky130_fd_sc_hd__nor2_2,_09617_,picorv32a
sky130_fd_sc_hd__a221o_2,_09618_,picorv32a
sky130_fd_sc_hd__o21a_2,_09619_,picorv32a
sky130_fd_sc_hd__a221o_2,_09620_,picorv32a
sky130_fd_sc_hd__o21a_2,_09621_,picorv32a
sky130_fd_sc_hd__a221o_2,_09622_,picorv32a
sky130_fd_sc_hd__o21a_2,_09623_,picorv32a
sky130_fd_sc_hd__a221o_2,_09624_,picorv32a
sky130_fd_sc_hd__o21a_2,_09625_,picorv32a
sky130_fd_sc_hd__a221o_2,_09626_,picorv32a
sky130_fd_sc_hd__o21a_2,_09627_,picorv32a
sky130_fd_sc_hd__a221o_2,_09628_,picorv32a
sky130_fd_sc_hd__o21a_2,_09629_,picorv32a
sky130_fd_sc_hd__a221o_2,_09630_,picorv32a
sky130_fd_sc_hd__o21a_2,_09631_,picorv32a
sky130_fd_sc_hd__a221o_2,_09632_,picorv32a
sky130_fd_sc_hd__o21a_2,_09633_,picorv32a
sky130_fd_sc_hd__a221o_2,_09634_,picorv32a
sky130_fd_sc_hd__o21a_2,_09635_,picorv32a
sky130_fd_sc_hd__a221o_2,_09636_,picorv32a
sky130_fd_sc_hd__o21a_2,_09637_,picorv32a
sky130_fd_sc_hd__a221o_2,_09638_,picorv32a
sky130_fd_sc_hd__o21a_2,_09639_,picorv32a
sky130_fd_sc_hd__a221o_2,_09640_,picorv32a
sky130_fd_sc_hd__o21a_2,_09641_,picorv32a
sky130_fd_sc_hd__a221o_2,_09642_,picorv32a
sky130_fd_sc_hd__o21a_2,_09643_,picorv32a
sky130_fd_sc_hd__a221o_2,_09644_,picorv32a
sky130_fd_sc_hd__o21a_2,_09645_,picorv32a
sky130_fd_sc_hd__a221o_2,_09646_,picorv32a
sky130_fd_sc_hd__o21a_2,_09647_,picorv32a
sky130_fd_sc_hd__a221o_2,_09648_,picorv32a
sky130_fd_sc_hd__o21a_2,_09649_,picorv32a
sky130_fd_sc_hd__a221o_2,_09650_,picorv32a
sky130_fd_sc_hd__o21a_2,_09651_,picorv32a
sky130_fd_sc_hd__a221o_2,_09652_,picorv32a
sky130_fd_sc_hd__o21a_2,_09653_,picorv32a
sky130_fd_sc_hd__a221o_2,_09654_,picorv32a
sky130_fd_sc_hd__o21a_2,_09655_,picorv32a
sky130_fd_sc_hd__a221o_2,_09656_,picorv32a
sky130_fd_sc_hd__o21a_2,_09657_,picorv32a
sky130_fd_sc_hd__a221o_2,_09658_,picorv32a
sky130_fd_sc_hd__o21a_2,_09659_,picorv32a
sky130_fd_sc_hd__a221o_2,_09660_,picorv32a
sky130_fd_sc_hd__o21a_2,_09661_,picorv32a
sky130_fd_sc_hd__a221o_2,_09662_,picorv32a
sky130_fd_sc_hd__o21a_2,_09663_,picorv32a
sky130_fd_sc_hd__a221o_2,_09664_,picorv32a
sky130_fd_sc_hd__o21a_2,_09665_,picorv32a
sky130_fd_sc_hd__a221o_2,_09666_,picorv32a
sky130_fd_sc_hd__o21a_2,_09667_,picorv32a
sky130_fd_sc_hd__a221o_2,_09668_,picorv32a
sky130_fd_sc_hd__o21a_2,_09669_,picorv32a
sky130_fd_sc_hd__a221o_2,_09670_,picorv32a
sky130_fd_sc_hd__o21a_2,_09671_,picorv32a
sky130_fd_sc_hd__or4_2,_09672_,picorv32a
sky130_fd_sc_hd__or4_2,_09673_,picorv32a
sky130_fd_sc_hd__or4_2,_09674_,picorv32a
sky130_fd_sc_hd__or4_2,_09675_,picorv32a
sky130_fd_sc_hd__or4_2,_09676_,picorv32a
sky130_fd_sc_hd__or4_2,_09677_,picorv32a
sky130_fd_sc_hd__or4b_2,_09678_,picorv32a
sky130_fd_sc_hd__or4_2,_09679_,picorv32a
sky130_fd_sc_hd__or4_2,_09680_,picorv32a
sky130_fd_sc_hd__or4_2,_09681_,picorv32a
sky130_fd_sc_hd__nor2_2,_09682_,picorv32a
sky130_fd_sc_hd__or3_2,_09683_,picorv32a
sky130_fd_sc_hd__o311a_2,_09684_,picorv32a
sky130_fd_sc_hd__o32a_2,_09685_,picorv32a
sky130_fd_sc_hd__o21a_2,_09686_,picorv32a
sky130_fd_sc_hd__or2_2,_09687_,picorv32a
sky130_fd_sc_hd__o311a_2,_09688_,picorv32a
sky130_fd_sc_hd__or2_2,_09689_,picorv32a
sky130_fd_sc_hd__o311a_2,_09690_,picorv32a
sky130_fd_sc_hd__or2_2,_09691_,picorv32a
sky130_fd_sc_hd__o311a_2,_09692_,picorv32a
sky130_fd_sc_hd__or2_2,_09693_,picorv32a
sky130_fd_sc_hd__o311a_2,_09694_,picorv32a
sky130_fd_sc_hd__or2_2,_09695_,picorv32a
sky130_fd_sc_hd__o311a_2,_09696_,picorv32a
sky130_fd_sc_hd__or2_2,_09697_,picorv32a
sky130_fd_sc_hd__o311a_2,_09698_,picorv32a
sky130_fd_sc_hd__or2_2,_09699_,picorv32a
sky130_fd_sc_hd__o311a_2,_09700_,picorv32a
sky130_fd_sc_hd__or2_2,_09701_,picorv32a
sky130_fd_sc_hd__o311a_2,_09702_,picorv32a
sky130_fd_sc_hd__or2_2,_09703_,picorv32a
sky130_fd_sc_hd__o311a_2,_09704_,picorv32a
sky130_fd_sc_hd__or2_2,_09705_,picorv32a
sky130_fd_sc_hd__o311a_2,_09706_,picorv32a
sky130_fd_sc_hd__or2_2,_09707_,picorv32a
sky130_fd_sc_hd__o311a_2,_09708_,picorv32a
sky130_fd_sc_hd__or2_2,_09709_,picorv32a
sky130_fd_sc_hd__o311a_2,_09710_,picorv32a
sky130_fd_sc_hd__or2_2,_09711_,picorv32a
sky130_fd_sc_hd__o311a_2,_09712_,picorv32a
sky130_fd_sc_hd__or2_2,_09713_,picorv32a
sky130_fd_sc_hd__o311a_2,_09714_,picorv32a
sky130_fd_sc_hd__or2_2,_09715_,picorv32a
sky130_fd_sc_hd__o311a_2,_09716_,picorv32a
sky130_fd_sc_hd__or2_2,_09717_,picorv32a
sky130_fd_sc_hd__o311a_2,_09718_,picorv32a
sky130_fd_sc_hd__or2_2,_09719_,picorv32a
sky130_fd_sc_hd__o311a_2,_09720_,picorv32a
sky130_fd_sc_hd__or2_2,_09721_,picorv32a
sky130_fd_sc_hd__o311a_2,_09722_,picorv32a
sky130_fd_sc_hd__or2_2,_09723_,picorv32a
sky130_fd_sc_hd__o311a_2,_09724_,picorv32a
sky130_fd_sc_hd__or2_2,_09725_,picorv32a
sky130_fd_sc_hd__o311a_2,_09726_,picorv32a
sky130_fd_sc_hd__or2_2,_09727_,picorv32a
sky130_fd_sc_hd__o311a_2,_09728_,picorv32a
sky130_fd_sc_hd__or2_2,_09729_,picorv32a
sky130_fd_sc_hd__o311a_2,_09730_,picorv32a
sky130_fd_sc_hd__or2_2,_09731_,picorv32a
sky130_fd_sc_hd__o311a_2,_09732_,picorv32a
sky130_fd_sc_hd__or2_2,_09733_,picorv32a
sky130_fd_sc_hd__o311a_2,_09734_,picorv32a
sky130_fd_sc_hd__or2_2,_09735_,picorv32a
sky130_fd_sc_hd__o311a_2,_09736_,picorv32a
sky130_fd_sc_hd__or2_2,_09737_,picorv32a
sky130_fd_sc_hd__o311a_2,_09738_,picorv32a
sky130_fd_sc_hd__or2_2,_09739_,picorv32a
sky130_fd_sc_hd__o311a_2,_09740_,picorv32a
sky130_fd_sc_hd__or2_2,_09741_,picorv32a
sky130_fd_sc_hd__o311a_2,_09742_,picorv32a
sky130_fd_sc_hd__or2_2,_09743_,picorv32a
sky130_fd_sc_hd__o311a_2,_09744_,picorv32a
sky130_fd_sc_hd__o21ai_2,_09745_,picorv32a
sky130_fd_sc_hd__o221a_2,_09746_,picorv32a
sky130_fd_sc_hd__nor3_2,_09747_,picorv32a
sky130_fd_sc_hd__and4_2,_09748_,picorv32a
sky130_fd_sc_hd__o31ai_2,_09749_,picorv32a
sky130_fd_sc_hd__a211o_2,_09750_,picorv32a
sky130_fd_sc_hd__o21ai_2,_09751_,picorv32a
sky130_fd_sc_hd__o31a_2,_09752_,picorv32a
sky130_fd_sc_hd__or3_2,_09753_,picorv32a
sky130_fd_sc_hd__a211o_2,_09754_,picorv32a
sky130_fd_sc_hd__o21ai_2,_09755_,picorv32a
sky130_fd_sc_hd__a31o_2,_09756_,picorv32a
sky130_fd_sc_hd__a21o_2,_09757_,picorv32a
sky130_fd_sc_hd__or3_2,_09758_,picorv32a
sky130_fd_sc_hd__or4_2,_09759_,picorv32a
sky130_fd_sc_hd__a21bo_2,_09760_,picorv32a
sky130_fd_sc_hd__and2_2,_09761_,picorv32a
sky130_fd_sc_hd__nand2_2,_09762_,picorv32a
sky130_fd_sc_hd__or3_2,_09763_,picorv32a
sky130_fd_sc_hd__or2_2,_09764_,picorv32a
sky130_fd_sc_hd__or2_2,_09765_,picorv32a
sky130_fd_sc_hd__or2_2,_09766_,picorv32a
sky130_fd_sc_hd__or3_2,_09767_,picorv32a
sky130_fd_sc_hd__or2_2,_09768_,picorv32a
sky130_fd_sc_hd__or3_2,_09769_,picorv32a
sky130_fd_sc_hd__or2_2,_09770_,picorv32a
sky130_fd_sc_hd__nor2_2,_09771_,picorv32a
sky130_fd_sc_hd__or2_2,_09772_,picorv32a
sky130_fd_sc_hd__nor2_2,_09773_,picorv32a
sky130_fd_sc_hd__or2_2,_09774_,picorv32a
sky130_fd_sc_hd__a21o_2,_09775_,picorv32a
sky130_fd_sc_hd__a21oi_2,_09776_,picorv32a
sky130_fd_sc_hd__xnor2_2,_09777_,picorv32a
sky130_fd_sc_hd__nand2_2,_09778_,picorv32a
sky130_fd_sc_hd__o211a_2,_09779_,picorv32a
sky130_fd_sc_hd__or2_2,_09780_,picorv32a
sky130_fd_sc_hd__o21ai_2,_09781_,picorv32a
sky130_fd_sc_hd__or2_2,_09782_,picorv32a
sky130_fd_sc_hd__a21o_2,_09783_,picorv32a
sky130_fd_sc_hd__a21oi_2,_09784_,picorv32a
sky130_fd_sc_hd__or2_2,_09785_,picorv32a
sky130_fd_sc_hd__nand2_2,_09786_,picorv32a
sky130_fd_sc_hd__a21o_2,_09787_,picorv32a
sky130_fd_sc_hd__a21oi_2,_09788_,picorv32a
sky130_fd_sc_hd__or2_2,_09789_,picorv32a
sky130_fd_sc_hd__nand2_2,_09790_,picorv32a
sky130_fd_sc_hd__a21o_2,_09791_,picorv32a
sky130_fd_sc_hd__a21oi_2,_09792_,picorv32a
sky130_fd_sc_hd__or2_2,_09793_,picorv32a
sky130_fd_sc_hd__nand2_2,_09794_,picorv32a
sky130_fd_sc_hd__a21o_2,_09795_,picorv32a
sky130_fd_sc_hd__a21oi_2,_09796_,picorv32a
sky130_fd_sc_hd__xor2_2,_09797_,picorv32a
sky130_fd_sc_hd__o22a_2,_09798_,picorv32a
sky130_fd_sc_hd__nor2_2,_09799_,picorv32a
sky130_fd_sc_hd__o21ai_2,_09800_,picorv32a
sky130_fd_sc_hd__o21a_2,_09801_,picorv32a
sky130_fd_sc_hd__o22a_2,_09802_,picorv32a
sky130_fd_sc_hd__nor2_2,_09803_,picorv32a
sky130_fd_sc_hd__or2_2,_09804_,picorv32a
sky130_fd_sc_hd__o21ai_2,_09805_,picorv32a
sky130_fd_sc_hd__a21o_2,_09806_,picorv32a
sky130_fd_sc_hd__a21oi_2,_09807_,picorv32a
sky130_fd_sc_hd__nand2_2,_09808_,picorv32a
sky130_fd_sc_hd__a21o_2,_09809_,picorv32a
sky130_fd_sc_hd__or2_2,_09810_,picorv32a
sky130_fd_sc_hd__a21oi_2,_09811_,picorv32a
sky130_fd_sc_hd__xor2_2,_09812_,picorv32a
sky130_fd_sc_hd__o22a_2,_09813_,picorv32a
sky130_fd_sc_hd__nor2_2,_09814_,picorv32a
sky130_fd_sc_hd__o21ai_2,_09815_,picorv32a
sky130_fd_sc_hd__a21o_2,_09816_,picorv32a
sky130_fd_sc_hd__or2_2,_09817_,picorv32a
sky130_fd_sc_hd__a21oi_2,_09818_,picorv32a
sky130_fd_sc_hd__nand2_2,_09819_,picorv32a
sky130_fd_sc_hd__a21o_2,_09820_,picorv32a
sky130_fd_sc_hd__or2_2,_09821_,picorv32a
sky130_fd_sc_hd__a21oi_2,_09822_,picorv32a
sky130_fd_sc_hd__and2_2,_09823_,picorv32a
sky130_fd_sc_hd__nor2_2,_09824_,picorv32a
sky130_fd_sc_hd__o22a_2,_09825_,picorv32a
sky130_fd_sc_hd__nor2_2,_09826_,picorv32a
sky130_fd_sc_hd__xnor2_2,_09827_,picorv32a
sky130_fd_sc_hd__o22a_2,_09828_,picorv32a
sky130_fd_sc_hd__nor2_2,_09829_,picorv32a
sky130_fd_sc_hd__or2_2,_09830_,picorv32a
sky130_fd_sc_hd__o31ai_2,_09831_,picorv32a
sky130_fd_sc_hd__a21o_2,_09832_,picorv32a
sky130_fd_sc_hd__a21oi_2,_09833_,picorv32a
sky130_fd_sc_hd__or2_2,_09834_,picorv32a
sky130_fd_sc_hd__and2b_2,_09835_,picorv32a
sky130_fd_sc_hd__a211o_2,_09836_,picorv32a
sky130_fd_sc_hd__o211a_2,_09837_,picorv32a
sky130_fd_sc_hd__xor2_2,_09838_,picorv32a
sky130_fd_sc_hd__o22a_2,_09839_,picorv32a
sky130_fd_sc_hd__nor2_2,_09840_,picorv32a
sky130_fd_sc_hd__or3_2,_09841_,picorv32a
sky130_fd_sc_hd__o21ai_2,_09842_,picorv32a
sky130_fd_sc_hd__a21o_2,_09843_,picorv32a
sky130_fd_sc_hd__or2_2,_09844_,picorv32a
sky130_fd_sc_hd__a21oi_2,_09845_,picorv32a
sky130_fd_sc_hd__nand2_2,_09846_,picorv32a
sky130_fd_sc_hd__o21a_2,_09847_,picorv32a
sky130_fd_sc_hd__o22a_2,_09848_,picorv32a
sky130_fd_sc_hd__nor2_2,_09849_,picorv32a
sky130_fd_sc_hd__o21ai_2,_09850_,picorv32a
sky130_fd_sc_hd__or3_2,_09851_,picorv32a
sky130_fd_sc_hd__a21o_2,_09852_,picorv32a
sky130_fd_sc_hd__or2_2,_09853_,picorv32a
sky130_fd_sc_hd__a21oi_2,_09854_,picorv32a
sky130_fd_sc_hd__xor2_2,_09855_,picorv32a
sky130_fd_sc_hd__o22a_2,_09856_,picorv32a
sky130_fd_sc_hd__nor2_2,_09857_,picorv32a
sky130_fd_sc_hd__or3_2,_09858_,picorv32a
sky130_fd_sc_hd__o21ai_2,_09859_,picorv32a
sky130_fd_sc_hd__a21o_2,_09860_,picorv32a
sky130_fd_sc_hd__or2_2,_09861_,picorv32a
sky130_fd_sc_hd__a21oi_2,_09862_,picorv32a
sky130_fd_sc_hd__or2_2,_09863_,picorv32a
sky130_fd_sc_hd__nand2_2,_09864_,picorv32a
sky130_fd_sc_hd__a21o_2,_09865_,picorv32a
sky130_fd_sc_hd__or2_2,_09866_,picorv32a
sky130_fd_sc_hd__a21oi_2,_09867_,picorv32a
sky130_fd_sc_hd__nand2_2,_09868_,picorv32a
sky130_fd_sc_hd__or2_2,_09869_,picorv32a
sky130_fd_sc_hd__a21o_2,_09870_,picorv32a
sky130_fd_sc_hd__or2_2,_09871_,picorv32a
sky130_fd_sc_hd__a21oi_2,_09872_,picorv32a
sky130_fd_sc_hd__and2_2,_09873_,picorv32a
sky130_fd_sc_hd__nor2_2,_09874_,picorv32a
sky130_fd_sc_hd__nor2_2,_09875_,picorv32a
sky130_fd_sc_hd__o22a_2,_09876_,picorv32a
sky130_fd_sc_hd__nor2_2,_09877_,picorv32a
sky130_fd_sc_hd__xnor2_2,_09878_,picorv32a
sky130_fd_sc_hd__o22a_2,_09879_,picorv32a
sky130_fd_sc_hd__nor2_2,_09880_,picorv32a
sky130_fd_sc_hd__or2_2,_09881_,picorv32a
sky130_fd_sc_hd__o31ai_2,_09882_,picorv32a
sky130_fd_sc_hd__a21o_2,_09883_,picorv32a
sky130_fd_sc_hd__or2_2,_09884_,picorv32a
sky130_fd_sc_hd__a21oi_2,_09885_,picorv32a
sky130_fd_sc_hd__nand2_2,_09886_,picorv32a
sky130_fd_sc_hd__or2_2,_09887_,picorv32a
sky130_fd_sc_hd__a21o_2,_09888_,picorv32a
sky130_fd_sc_hd__or2_2,_09889_,picorv32a
sky130_fd_sc_hd__a21oi_2,_09890_,picorv32a
sky130_fd_sc_hd__nor2_2,_09891_,picorv32a
sky130_fd_sc_hd__and2_2,_09892_,picorv32a
sky130_fd_sc_hd__nor2_2,_09893_,picorv32a
sky130_fd_sc_hd__o22a_2,_09894_,picorv32a
sky130_fd_sc_hd__nor2_2,_09895_,picorv32a
sky130_fd_sc_hd__xnor2_2,_09896_,picorv32a
sky130_fd_sc_hd__o22a_2,_09897_,picorv32a
sky130_fd_sc_hd__nor2_2,_09898_,picorv32a
sky130_fd_sc_hd__o31a_2,_09899_,picorv32a
sky130_fd_sc_hd__nand2_2,_09900_,picorv32a
sky130_fd_sc_hd__o211a_2,_09901_,picorv32a
sky130_fd_sc_hd__a32o_2,_09902_,picorv32a
sky130_fd_sc_hd__nand2_2,_09903_,picorv32a
sky130_fd_sc_hd__and3_2,_09904_,picorv32a
sky130_fd_sc_hd__or3_2,_09905_,picorv32a
sky130_fd_sc_hd__nand2_2,_09906_,picorv32a
sky130_fd_sc_hd__o211a_2,_09907_,picorv32a
sky130_fd_sc_hd__and3_2,_09908_,picorv32a
sky130_fd_sc_hd__nand2_2,_09909_,picorv32a
sky130_fd_sc_hd__a22o_2,_09910_,picorv32a
sky130_fd_sc_hd__a2111o_2,_09911_,picorv32a
sky130_fd_sc_hd__mux2_1,_09912_,picorv32a
sky130_fd_sc_hd__and2_2,_09913_,picorv32a
sky130_fd_sc_hd__o221a_2,_09914_,picorv32a
sky130_fd_sc_hd__o211a_2,_09915_,picorv32a
sky130_fd_sc_hd__a2111o_2,_09916_,picorv32a
sky130_fd_sc_hd__nor2_2,_09917_,picorv32a
sky130_fd_sc_hd__o211a_2,_09918_,picorv32a
sky130_fd_sc_hd__a2bb2o_2,_09919_,picorv32a
sky130_fd_sc_hd__a22o_2,_09920_,picorv32a
sky130_fd_sc_hd__a22o_2,_09921_,picorv32a
sky130_fd_sc_hd__or3b_2,_09922_,picorv32a
sky130_fd_sc_hd__or3_2,_09923_,picorv32a
sky130_fd_sc_hd__inv_2,_09924_,picorv32a
sky130_fd_sc_hd__nor2_2,_09925_,picorv32a
sky130_fd_sc_hd__o21bai_2,_09926_,picorv32a
sky130_fd_sc_hd__nor3_2,_09927_,picorv32a
sky130_fd_sc_hd__a211o_2,_09928_,picorv32a
sky130_fd_sc_hd__o21a_2,_09929_,picorv32a
sky130_fd_sc_hd__a211o_2,_09930_,picorv32a
sky130_fd_sc_hd__a21o_2,_09931_,picorv32a
sky130_fd_sc_hd__and2_2,_09932_,picorv32a
sky130_fd_sc_hd__and3_2,_09933_,picorv32a
sky130_fd_sc_hd__and2b_2,_09934_,picorv32a
sky130_fd_sc_hd__nand2b_2,_09935_,picorv32a
sky130_fd_sc_hd__mux2_1,_09936_,picorv32a
sky130_fd_sc_hd__mux2_1,_09937_,picorv32a
sky130_fd_sc_hd__mux2_1,_09938_,picorv32a
sky130_fd_sc_hd__mux2_1,_09939_,picorv32a
sky130_fd_sc_hd__mux2_1,_09940_,picorv32a
sky130_fd_sc_hd__mux2_1,_09941_,picorv32a
sky130_fd_sc_hd__mux2_1,_09942_,picorv32a
sky130_fd_sc_hd__mux2_1,_09943_,picorv32a
sky130_fd_sc_hd__mux2_1,_09944_,picorv32a
sky130_fd_sc_hd__mux2_1,_09945_,picorv32a
sky130_fd_sc_hd__mux2_1,_09946_,picorv32a
sky130_fd_sc_hd__mux2_1,_09947_,picorv32a
sky130_fd_sc_hd__mux2_1,_09948_,picorv32a
sky130_fd_sc_hd__mux2_1,_09949_,picorv32a
sky130_fd_sc_hd__mux2_1,_09950_,picorv32a
sky130_fd_sc_hd__mux2_1,_09951_,picorv32a
sky130_fd_sc_hd__mux2_1,_09952_,picorv32a
sky130_fd_sc_hd__mux2_1,_09953_,picorv32a
sky130_fd_sc_hd__mux2_1,_09954_,picorv32a
sky130_fd_sc_hd__mux2_1,_09955_,picorv32a
sky130_fd_sc_hd__mux2_1,_09956_,picorv32a
sky130_fd_sc_hd__mux2_1,_09957_,picorv32a
sky130_fd_sc_hd__mux2_1,_09958_,picorv32a
sky130_fd_sc_hd__mux2_1,_09959_,picorv32a
sky130_fd_sc_hd__mux2_1,_09960_,picorv32a
sky130_fd_sc_hd__mux2_1,_09961_,picorv32a
sky130_fd_sc_hd__nor2_2,_09962_,picorv32a
sky130_fd_sc_hd__o21ba_2,_09963_,picorv32a
sky130_fd_sc_hd__mux2_1,_09964_,picorv32a
sky130_fd_sc_hd__nor2_2,_09965_,picorv32a
sky130_fd_sc_hd__o21ba_2,_09966_,picorv32a
sky130_fd_sc_hd__mux2_1,_09967_,picorv32a
sky130_fd_sc_hd__mux2_1,_09968_,picorv32a
sky130_fd_sc_hd__mux2_1,_09969_,picorv32a
sky130_fd_sc_hd__mux2_1,_09970_,picorv32a
sky130_fd_sc_hd__mux2_1,_09971_,picorv32a
sky130_fd_sc_hd__mux2_1,_09972_,picorv32a
sky130_fd_sc_hd__nand3_2,_09973_,picorv32a
sky130_fd_sc_hd__mux2_1,_09974_,picorv32a
sky130_fd_sc_hd__nor2_2,_09975_,picorv32a
sky130_fd_sc_hd__mux2_1,_09976_,picorv32a
sky130_fd_sc_hd__nor2_2,_09977_,picorv32a
sky130_fd_sc_hd__mux2_1,_09978_,picorv32a
sky130_fd_sc_hd__mux2_1,_09979_,picorv32a
sky130_fd_sc_hd__and3_2,_09980_,picorv32a
sky130_fd_sc_hd__a22o_2,_09981_,picorv32a
sky130_fd_sc_hd__and3b_2,_09982_,picorv32a
sky130_fd_sc_hd__a22o_2,_09983_,picorv32a
sky130_fd_sc_hd__and3b_2,_09984_,picorv32a
sky130_fd_sc_hd__and3b_2,_09985_,picorv32a
sky130_fd_sc_hd__mux2_1,_09986_,picorv32a
sky130_fd_sc_hd__nor2_2,_09987_,picorv32a
sky130_fd_sc_hd__nor3_2,_09988_,picorv32a
sky130_fd_sc_hd__and3_2,_09989_,picorv32a
sky130_fd_sc_hd__a22o_2,_09990_,picorv32a
sky130_fd_sc_hd__nand2b_2,_09991_,picorv32a
sky130_fd_sc_hd__nor2_2,_09992_,picorv32a
sky130_fd_sc_hd__a22o_2,_09993_,picorv32a
sky130_fd_sc_hd__nor3b_2,_09994_,picorv32a
sky130_fd_sc_hd__a22o_2,_09995_,picorv32a
sky130_fd_sc_hd__and3b_2,_09996_,picorv32a
sky130_fd_sc_hd__a22o_2,_09997_,picorv32a
sky130_fd_sc_hd__and3b_2,_09998_,picorv32a
sky130_fd_sc_hd__a22o_2,_09999_,picorv32a
sky130_fd_sc_hd__and3_2,_10000_,picorv32a
sky130_fd_sc_hd__a22o_2,_10001_,picorv32a
sky130_fd_sc_hd__nor3_2,_10002_,picorv32a
sky130_fd_sc_hd__and3_2,_10003_,picorv32a
sky130_fd_sc_hd__mux2_1,_10004_,picorv32a
sky130_fd_sc_hd__and2_2,_10005_,picorv32a
sky130_fd_sc_hd__nand2_2,_10006_,picorv32a
sky130_fd_sc_hd__a22o_2,_10007_,picorv32a
sky130_fd_sc_hd__a22o_2,_10008_,picorv32a
sky130_fd_sc_hd__nor3b_2,_10009_,picorv32a
sky130_fd_sc_hd__a22o_2,_10010_,picorv32a
sky130_fd_sc_hd__a22o_2,_10011_,picorv32a
sky130_fd_sc_hd__a22o_2,_10012_,picorv32a
sky130_fd_sc_hd__a2bb2o_2,_10013_,picorv32a
sky130_fd_sc_hd__and2_2,_10014_,picorv32a
sky130_fd_sc_hd__a31o_2,_10015_,picorv32a
sky130_fd_sc_hd__and2_2,_10016_,picorv32a
sky130_fd_sc_hd__and3_2,_10017_,picorv32a
sky130_fd_sc_hd__a22o_2,_10018_,picorv32a
sky130_fd_sc_hd__a22o_2,_10019_,picorv32a
sky130_fd_sc_hd__and3b_2,_10020_,picorv32a
sky130_fd_sc_hd__a22o_2,_10021_,picorv32a
sky130_fd_sc_hd__a22o_2,_10022_,picorv32a
sky130_fd_sc_hd__a22o_2,_10023_,picorv32a
sky130_fd_sc_hd__a22o_2,_10024_,picorv32a
sky130_fd_sc_hd__nor2_2,_10025_,picorv32a
sky130_fd_sc_hd__a31o_2,_10026_,picorv32a
sky130_fd_sc_hd__or4_2,_10027_,picorv32a
sky130_fd_sc_hd__inv_2,_10028_,picorv32a
sky130_fd_sc_hd__nor3_2,_10029_,picorv32a
sky130_fd_sc_hd__and2_2,_10030_,picorv32a
sky130_fd_sc_hd__nand2_2,_10031_,picorv32a
sky130_fd_sc_hd__a32o_2,_10032_,picorv32a
sky130_fd_sc_hd__nor2_2,_10033_,picorv32a
sky130_fd_sc_hd__a32o_2,_10034_,picorv32a
sky130_fd_sc_hd__and3_2,_10035_,picorv32a
sky130_fd_sc_hd__a22o_2,_10036_,picorv32a
sky130_fd_sc_hd__and3_2,_10037_,picorv32a
sky130_fd_sc_hd__and3_2,_10038_,picorv32a
sky130_fd_sc_hd__and4bb_2,_10039_,picorv32a
sky130_fd_sc_hd__a21o_2,_10040_,picorv32a
sky130_fd_sc_hd__a22o_2,_10041_,picorv32a
sky130_fd_sc_hd__a22o_2,_10042_,picorv32a
sky130_fd_sc_hd__a22o_2,_10043_,picorv32a
sky130_fd_sc_hd__a22o_2,_10044_,picorv32a
sky130_fd_sc_hd__a22o_2,_10045_,picorv32a
sky130_fd_sc_hd__nor3b_2,_10046_,picorv32a
sky130_fd_sc_hd__a22o_2,_10047_,picorv32a
sky130_fd_sc_hd__a22o_2,_10048_,picorv32a
sky130_fd_sc_hd__a22o_2,_10049_,picorv32a
sky130_fd_sc_hd__and2_2,_10050_,picorv32a
sky130_fd_sc_hd__a31o_2,_10051_,picorv32a
sky130_fd_sc_hd__nor2_2,_10052_,picorv32a
sky130_fd_sc_hd__and4_2,_10053_,picorv32a
sky130_fd_sc_hd__nor2_2,_10054_,picorv32a
sky130_fd_sc_hd__and4bb_2,_10055_,picorv32a
sky130_fd_sc_hd__or3_2,_10056_,picorv32a
sky130_fd_sc_hd__nand2_2,_10057_,picorv32a
sky130_fd_sc_hd__or4_2,_10058_,picorv32a
sky130_fd_sc_hd__nand2_2,_10059_,picorv32a
sky130_fd_sc_hd__or4_2,_10060_,picorv32a
sky130_fd_sc_hd__or4_2,_10061_,picorv32a
sky130_fd_sc_hd__or4b_2,_10062_,picorv32a
sky130_fd_sc_hd__nor2_2,_10063_,picorv32a
sky130_fd_sc_hd__a22o_2,_10064_,picorv32a
sky130_fd_sc_hd__and4b_2,_10065_,picorv32a
sky130_fd_sc_hd__a22o_2,_10066_,picorv32a
sky130_fd_sc_hd__or4b_2,_10067_,picorv32a
sky130_fd_sc_hd__nor2_2,_10068_,picorv32a
sky130_fd_sc_hd__a22o_2,_10069_,picorv32a
sky130_fd_sc_hd__a22o_2,_10070_,picorv32a
sky130_fd_sc_hd__or3_2,_10071_,picorv32a
sky130_fd_sc_hd__or4_2,_10072_,picorv32a
sky130_fd_sc_hd__or4_2,_10073_,picorv32a
sky130_fd_sc_hd__a2bb2o_2,_10074_,picorv32a
sky130_fd_sc_hd__or3b_2,_10075_,picorv32a
sky130_fd_sc_hd__nor4_2,_10076_,picorv32a
sky130_fd_sc_hd__a22o_2,_10077_,picorv32a
sky130_fd_sc_hd__and2b_2,_10078_,picorv32a
sky130_fd_sc_hd__and4b_2,_10079_,picorv32a
sky130_fd_sc_hd__a22o_2,_10080_,picorv32a
sky130_fd_sc_hd__nand3b_2,_10081_,picorv32a
sky130_fd_sc_hd__or3_2,_10082_,picorv32a
sky130_fd_sc_hd__or4b_2,_10083_,picorv32a
sky130_fd_sc_hd__or4_2,_10084_,picorv32a
sky130_fd_sc_hd__or3_2,_10085_,picorv32a
sky130_fd_sc_hd__inv_2,_10086_,picorv32a
sky130_fd_sc_hd__nand2_2,_10087_,picorv32a
sky130_fd_sc_hd__inv_2,_10088_,picorv32a
sky130_fd_sc_hd__mux2_1,_10089_,picorv32a
sky130_fd_sc_hd__and4_2,_10090_,picorv32a
sky130_fd_sc_hd__a22o_2,_10091_,picorv32a
sky130_fd_sc_hd__nor4_2,_10092_,picorv32a
sky130_fd_sc_hd__a22o_2,_10093_,picorv32a
sky130_fd_sc_hd__a32o_2,_10094_,picorv32a
sky130_fd_sc_hd__a22o_2,_10095_,picorv32a
sky130_fd_sc_hd__a22o_2,_10096_,picorv32a
sky130_fd_sc_hd__a22o_2,_10097_,picorv32a
sky130_fd_sc_hd__a22o_2,_10098_,picorv32a
sky130_fd_sc_hd__mux2_1,_10099_,picorv32a
sky130_fd_sc_hd__mux2_1,_10100_,picorv32a
sky130_fd_sc_hd__mux2_1,_10101_,picorv32a
sky130_fd_sc_hd__mux2_1,_10102_,picorv32a
sky130_fd_sc_hd__mux2_1,_10103_,picorv32a
sky130_fd_sc_hd__mux2_1,_10104_,picorv32a
sky130_fd_sc_hd__mux2_1,_10105_,picorv32a
sky130_fd_sc_hd__mux2_1,_10106_,picorv32a
sky130_fd_sc_hd__mux2_1,_10107_,picorv32a
sky130_fd_sc_hd__mux2_1,_10108_,picorv32a
sky130_fd_sc_hd__mux2_1,_10109_,picorv32a
sky130_fd_sc_hd__mux2_1,_10110_,picorv32a
sky130_fd_sc_hd__mux2_1,_10111_,picorv32a
sky130_fd_sc_hd__mux2_1,_10112_,picorv32a
sky130_fd_sc_hd__mux2_1,_10113_,picorv32a
sky130_fd_sc_hd__mux2_1,_10114_,picorv32a
sky130_fd_sc_hd__mux2_1,_10115_,picorv32a
sky130_fd_sc_hd__mux2_1,_10116_,picorv32a
sky130_fd_sc_hd__or3_2,_10117_,picorv32a
sky130_fd_sc_hd__and3_2,_10118_,picorv32a
sky130_fd_sc_hd__and3_2,_10119_,picorv32a
sky130_fd_sc_hd__a211o_2,_10120_,picorv32a
sky130_fd_sc_hd__nor2_2,_10121_,picorv32a
sky130_fd_sc_hd__nor2_2,_10122_,picorv32a
sky130_fd_sc_hd__a22o_2,_10123_,picorv32a
sky130_fd_sc_hd__a32o_2,_10124_,picorv32a
sky130_fd_sc_hd__a31o_2,_10125_,picorv32a
sky130_fd_sc_hd__a211o_2,_10126_,picorv32a
sky130_fd_sc_hd__o21a_2,_10127_,picorv32a
sky130_fd_sc_hd__and3b_2,_10128_,picorv32a
sky130_fd_sc_hd__a22o_2,_10129_,picorv32a
sky130_fd_sc_hd__a21o_2,_10130_,picorv32a
sky130_fd_sc_hd__o211a_2,_10131_,picorv32a
sky130_fd_sc_hd__a22o_2,_10132_,picorv32a
sky130_fd_sc_hd__a22o_2,_10133_,picorv32a
sky130_fd_sc_hd__or4_2,_10134_,picorv32a
sky130_fd_sc_hd__o21a_2,_10135_,picorv32a
sky130_fd_sc_hd__nor2_2,_10136_,picorv32a
sky130_fd_sc_hd__mux2_1,_10137_,picorv32a
sky130_fd_sc_hd__a21o_2,_10138_,picorv32a
sky130_fd_sc_hd__a21o_2,_10139_,picorv32a
sky130_fd_sc_hd__or4b_2,_10140_,picorv32a
sky130_fd_sc_hd__o21ai_2,_10141_,picorv32a
sky130_fd_sc_hd__nor2_2,_10142_,picorv32a
sky130_fd_sc_hd__a22o_2,_10143_,picorv32a
sky130_fd_sc_hd__nand2_2,_10144_,picorv32a
sky130_fd_sc_hd__a22o_2,_10145_,picorv32a
sky130_fd_sc_hd__mux2_1,_10146_,picorv32a
sky130_fd_sc_hd__mux2_1,_10147_,picorv32a
sky130_fd_sc_hd__mux2_1,_10148_,picorv32a
sky130_fd_sc_hd__mux2_1,_10149_,picorv32a
sky130_fd_sc_hd__mux2_1,_10150_,picorv32a
sky130_fd_sc_hd__mux2_1,_10151_,picorv32a
sky130_fd_sc_hd__mux2_1,_10152_,picorv32a
sky130_fd_sc_hd__mux2_1,_10153_,picorv32a
sky130_fd_sc_hd__mux2_1,_10154_,picorv32a
sky130_fd_sc_hd__mux2_1,_10155_,picorv32a
sky130_fd_sc_hd__mux2_1,_10156_,picorv32a
sky130_fd_sc_hd__mux2_1,_10157_,picorv32a
sky130_fd_sc_hd__mux2_1,_10158_,picorv32a
sky130_fd_sc_hd__mux2_1,_10159_,picorv32a
sky130_fd_sc_hd__mux2_1,_10160_,picorv32a
sky130_fd_sc_hd__mux2_1,_10161_,picorv32a
sky130_fd_sc_hd__mux2_1,_10162_,picorv32a
sky130_fd_sc_hd__mux2_1,_10163_,picorv32a
sky130_fd_sc_hd__mux2_1,_10164_,picorv32a
sky130_fd_sc_hd__mux2_1,_10165_,picorv32a
sky130_fd_sc_hd__mux2_1,_10166_,picorv32a
sky130_fd_sc_hd__mux2_1,_10167_,picorv32a
sky130_fd_sc_hd__mux2_1,_10168_,picorv32a
sky130_fd_sc_hd__mux2_1,_10169_,picorv32a
sky130_fd_sc_hd__mux2_1,_10170_,picorv32a
sky130_fd_sc_hd__mux2_1,_10171_,picorv32a
sky130_fd_sc_hd__mux2_1,_10172_,picorv32a
sky130_fd_sc_hd__mux2_1,_10173_,picorv32a
sky130_fd_sc_hd__mux2_1,_10174_,picorv32a
sky130_fd_sc_hd__mux2_1,_10175_,picorv32a
sky130_fd_sc_hd__mux2_1,_10176_,picorv32a
sky130_fd_sc_hd__mux2_1,_10177_,picorv32a
sky130_fd_sc_hd__a32o_2,_10178_,picorv32a
sky130_fd_sc_hd__a32o_2,_10179_,picorv32a
sky130_fd_sc_hd__a32o_2,_10180_,picorv32a
sky130_fd_sc_hd__a32o_2,_10181_,picorv32a
sky130_fd_sc_hd__and2b_2,_10182_,picorv32a
sky130_fd_sc_hd__and2b_2,_10183_,picorv32a
sky130_fd_sc_hd__and2b_2,_10184_,picorv32a
sky130_fd_sc_hd__and2b_2,_10185_,picorv32a
sky130_fd_sc_hd__and2b_2,_10186_,picorv32a
sky130_fd_sc_hd__and2b_2,_10187_,picorv32a
sky130_fd_sc_hd__and2b_2,_10188_,picorv32a
sky130_fd_sc_hd__and2b_2,_10189_,picorv32a
sky130_fd_sc_hd__a211oi_2,_10190_,picorv32a
sky130_fd_sc_hd__a211oi_2,_10191_,picorv32a
sky130_fd_sc_hd__a211oi_2,_10192_,picorv32a
sky130_fd_sc_hd__a211oi_2,_10193_,picorv32a
sky130_fd_sc_hd__a211oi_2,_10194_,picorv32a
sky130_fd_sc_hd__a211oi_2,_10195_,picorv32a
sky130_fd_sc_hd__and2b_2,_10196_,picorv32a
sky130_fd_sc_hd__and2b_2,_10197_,picorv32a
sky130_fd_sc_hd__or2_2,_10198_,picorv32a
sky130_fd_sc_hd__and2_2,_10199_,picorv32a
sky130_fd_sc_hd__a22o_2,_10200_,picorv32a
sky130_fd_sc_hd__o21a_2,_10201_,picorv32a
sky130_fd_sc_hd__and2_2,_10202_,picorv32a
sky130_fd_sc_hd__and2_2,_10203_,picorv32a
sky130_fd_sc_hd__a211o_2,_10204_,picorv32a
sky130_fd_sc_hd__a221o_2,_10205_,picorv32a
sky130_fd_sc_hd__and2_2,_10206_,picorv32a
sky130_fd_sc_hd__a211o_2,_10207_,picorv32a
sky130_fd_sc_hd__and2_2,_10208_,picorv32a
sky130_fd_sc_hd__a211o_2,_10209_,picorv32a
sky130_fd_sc_hd__and2_2,_10210_,picorv32a
sky130_fd_sc_hd__a211o_2,_10211_,picorv32a
sky130_fd_sc_hd__and2_2,_10212_,picorv32a
sky130_fd_sc_hd__a211o_2,_10213_,picorv32a
sky130_fd_sc_hd__and2_2,_10214_,picorv32a
sky130_fd_sc_hd__a211o_2,_10215_,picorv32a
sky130_fd_sc_hd__and2_2,_10216_,picorv32a
sky130_fd_sc_hd__a211o_2,_10217_,picorv32a
sky130_fd_sc_hd__and2_2,_10218_,picorv32a
sky130_fd_sc_hd__a211o_2,_10219_,picorv32a
sky130_fd_sc_hd__and2_2,_10220_,picorv32a
sky130_fd_sc_hd__a211o_2,_10221_,picorv32a
sky130_fd_sc_hd__and2_2,_10222_,picorv32a
sky130_fd_sc_hd__a211o_2,_10223_,picorv32a
sky130_fd_sc_hd__a221o_2,_10224_,picorv32a
sky130_fd_sc_hd__a21o_2,_10225_,picorv32a
sky130_fd_sc_hd__a22o_2,_10226_,picorv32a
sky130_fd_sc_hd__o32a_2,_10227_,picorv32a
sky130_fd_sc_hd__a22o_2,_10228_,picorv32a
sky130_fd_sc_hd__o32a_2,_10229_,picorv32a
sky130_fd_sc_hd__a22o_2,_10230_,picorv32a
sky130_fd_sc_hd__o32a_2,_10231_,picorv32a
sky130_fd_sc_hd__a22o_2,_10232_,picorv32a
sky130_fd_sc_hd__o32a_2,_10233_,picorv32a
sky130_fd_sc_hd__a22o_2,_10234_,picorv32a
sky130_fd_sc_hd__o32a_2,_10235_,picorv32a
sky130_fd_sc_hd__a22o_2,_10236_,picorv32a
sky130_fd_sc_hd__o32a_2,_10237_,picorv32a
sky130_fd_sc_hd__a22o_2,_10238_,picorv32a
sky130_fd_sc_hd__o32a_2,_10239_,picorv32a
sky130_fd_sc_hd__a22o_2,_10240_,picorv32a
sky130_fd_sc_hd__o32a_2,_10241_,picorv32a
sky130_fd_sc_hd__a22o_2,_10242_,picorv32a
sky130_fd_sc_hd__a21o_2,_10243_,picorv32a
sky130_fd_sc_hd__o22a_2,_10244_,picorv32a
sky130_fd_sc_hd__or2_2,_10245_,picorv32a
sky130_fd_sc_hd__and2_2,_10246_,picorv32a
sky130_fd_sc_hd__and3_2,_10247_,picorv32a
sky130_fd_sc_hd__a221o_2,_10248_,picorv32a
sky130_fd_sc_hd__and3_2,_10249_,picorv32a
sky130_fd_sc_hd__a221o_2,_10250_,picorv32a
sky130_fd_sc_hd__a221o_2,_10251_,picorv32a
sky130_fd_sc_hd__o21a_2,_10252_,picorv32a
sky130_fd_sc_hd__and3_2,_10253_,picorv32a
sky130_fd_sc_hd__a221o_2,_10254_,picorv32a
sky130_fd_sc_hd__and3_2,_10255_,picorv32a
sky130_fd_sc_hd__a221o_2,_10256_,picorv32a
sky130_fd_sc_hd__and3_2,_10257_,picorv32a
sky130_fd_sc_hd__a221o_2,_10258_,picorv32a
sky130_fd_sc_hd__and2_2,_10259_,picorv32a
sky130_fd_sc_hd__a221o_2,_10260_,picorv32a
sky130_fd_sc_hd__o22a_2,_10261_,picorv32a
sky130_fd_sc_hd__and2_2,_10262_,picorv32a
sky130_fd_sc_hd__a221o_2,_10263_,picorv32a
sky130_fd_sc_hd__o22a_2,_10264_,picorv32a
sky130_fd_sc_hd__and2_2,_10265_,picorv32a
sky130_fd_sc_hd__a221o_2,_10266_,picorv32a
sky130_fd_sc_hd__o22a_2,_10267_,picorv32a
sky130_fd_sc_hd__and2_2,_10268_,picorv32a
sky130_fd_sc_hd__a221o_2,_10269_,picorv32a
sky130_fd_sc_hd__o22a_2,_10270_,picorv32a
sky130_fd_sc_hd__o21a_2,_10271_,picorv32a
sky130_fd_sc_hd__o211ai_2,_10272_,picorv32a
sky130_fd_sc_hd__or2_2,_10273_,picorv32a
sky130_fd_sc_hd__nor3_2,_10274_,picorv32a
sky130_fd_sc_hd__a22o_2,_10275_,picorv32a
sky130_fd_sc_hd__a22o_2,_10276_,picorv32a
sky130_fd_sc_hd__a22o_2,_10277_,picorv32a
sky130_fd_sc_hd__and3b_2,_10278_,picorv32a
sky130_fd_sc_hd__a221o_2,_10279_,picorv32a
sky130_fd_sc_hd__nand2_2,_10280_,picorv32a
sky130_fd_sc_hd__a21oi_2,_10281_,picorv32a
sky130_fd_sc_hd__nor2_2,_10282_,picorv32a
sky130_fd_sc_hd__mux2_1,_10283_,picorv32a
sky130_fd_sc_hd__mux2_1,_10284_,picorv32a
sky130_fd_sc_hd__mux2_1,_10285_,picorv32a
sky130_fd_sc_hd__mux2_1,_10286_,picorv32a
sky130_fd_sc_hd__mux2_1,_10287_,picorv32a
sky130_fd_sc_hd__mux2_1,_10288_,picorv32a
sky130_fd_sc_hd__mux2_1,_10289_,picorv32a
sky130_fd_sc_hd__mux2_1,_10290_,picorv32a
sky130_fd_sc_hd__mux2_1,_10291_,picorv32a
sky130_fd_sc_hd__mux2_1,_10292_,picorv32a
sky130_fd_sc_hd__mux2_1,_10293_,picorv32a
sky130_fd_sc_hd__mux2_1,_10294_,picorv32a
sky130_fd_sc_hd__mux2_1,_10295_,picorv32a
sky130_fd_sc_hd__mux2_1,_10296_,picorv32a
sky130_fd_sc_hd__mux2_1,_10297_,picorv32a
sky130_fd_sc_hd__mux2_1,_10298_,picorv32a
sky130_fd_sc_hd__mux2_1,_10299_,picorv32a
sky130_fd_sc_hd__mux2_1,_10300_,picorv32a
sky130_fd_sc_hd__mux2_1,_10301_,picorv32a
sky130_fd_sc_hd__mux2_1,_10302_,picorv32a
sky130_fd_sc_hd__mux2_1,_10303_,picorv32a
sky130_fd_sc_hd__mux2_1,_10304_,picorv32a
sky130_fd_sc_hd__mux2_1,_10305_,picorv32a
sky130_fd_sc_hd__mux2_1,_10306_,picorv32a
sky130_fd_sc_hd__mux2_1,_10307_,picorv32a
sky130_fd_sc_hd__mux2_1,_10308_,picorv32a
sky130_fd_sc_hd__mux2_1,_10309_,picorv32a
sky130_fd_sc_hd__mux2_1,_10310_,picorv32a
sky130_fd_sc_hd__mux2_1,_10311_,picorv32a
sky130_fd_sc_hd__mux2_1,_10312_,picorv32a
sky130_fd_sc_hd__mux2_1,_10313_,picorv32a
sky130_fd_sc_hd__mux2_1,_10314_,picorv32a
sky130_fd_sc_hd__o21a_2,_10315_,picorv32a
sky130_fd_sc_hd__o21ba_2,_10316_,picorv32a
sky130_fd_sc_hd__o22a_2,_10317_,picorv32a
sky130_fd_sc_hd__o22a_2,_10318_,picorv32a
sky130_fd_sc_hd__mux2_1,_10319_,picorv32a
sky130_fd_sc_hd__mux2_1,_10320_,picorv32a
sky130_fd_sc_hd__mux2_1,_10321_,picorv32a
sky130_fd_sc_hd__mux2_1,_10322_,picorv32a
sky130_fd_sc_hd__mux2_1,_10323_,picorv32a
sky130_fd_sc_hd__mux2_1,_10324_,picorv32a
sky130_fd_sc_hd__mux2_1,_10325_,picorv32a
sky130_fd_sc_hd__mux2_1,_10326_,picorv32a
sky130_fd_sc_hd__mux2_1,_10327_,picorv32a
sky130_fd_sc_hd__mux2_1,_10328_,picorv32a
sky130_fd_sc_hd__mux2_1,_10329_,picorv32a
sky130_fd_sc_hd__mux2_1,_10330_,picorv32a
sky130_fd_sc_hd__mux2_1,_10331_,picorv32a
sky130_fd_sc_hd__mux2_1,_10332_,picorv32a
sky130_fd_sc_hd__mux2_1,_10333_,picorv32a
sky130_fd_sc_hd__mux2_1,_10334_,picorv32a
sky130_fd_sc_hd__mux2_1,_10335_,picorv32a
sky130_fd_sc_hd__mux2_1,_10336_,picorv32a
sky130_fd_sc_hd__mux2_1,_10337_,picorv32a
sky130_fd_sc_hd__mux2_1,_10338_,picorv32a
sky130_fd_sc_hd__mux2_1,_10339_,picorv32a
sky130_fd_sc_hd__mux2_1,_10340_,picorv32a
sky130_fd_sc_hd__mux2_1,_10341_,picorv32a
sky130_fd_sc_hd__mux2_1,_10342_,picorv32a
sky130_fd_sc_hd__mux2_1,_10343_,picorv32a
sky130_fd_sc_hd__mux2_1,_10344_,picorv32a
sky130_fd_sc_hd__mux2_1,_10345_,picorv32a
sky130_fd_sc_hd__mux2_1,_10346_,picorv32a
sky130_fd_sc_hd__mux2_1,_10347_,picorv32a
sky130_fd_sc_hd__mux2_1,_10348_,picorv32a
sky130_fd_sc_hd__nor2_2,_10349_,picorv32a
sky130_fd_sc_hd__mux2_1,_10350_,picorv32a
sky130_fd_sc_hd__mux2_1,_10351_,picorv32a
sky130_fd_sc_hd__mux2_1,_10352_,picorv32a
sky130_fd_sc_hd__mux2_1,_10353_,picorv32a
sky130_fd_sc_hd__mux2_1,_10354_,picorv32a
sky130_fd_sc_hd__mux2_1,_10355_,picorv32a
sky130_fd_sc_hd__mux2_1,_10356_,picorv32a
sky130_fd_sc_hd__mux2_1,_10357_,picorv32a
sky130_fd_sc_hd__mux2_1,_10358_,picorv32a
sky130_fd_sc_hd__mux2_1,_10359_,picorv32a
sky130_fd_sc_hd__mux2_1,_10360_,picorv32a
sky130_fd_sc_hd__mux2_1,_10361_,picorv32a
sky130_fd_sc_hd__mux2_1,_10362_,picorv32a
sky130_fd_sc_hd__mux2_1,_10363_,picorv32a
sky130_fd_sc_hd__mux2_1,_10364_,picorv32a
sky130_fd_sc_hd__mux2_1,_10365_,picorv32a
sky130_fd_sc_hd__mux2_1,_10366_,picorv32a
sky130_fd_sc_hd__mux2_1,_10367_,picorv32a
sky130_fd_sc_hd__mux2_1,_10368_,picorv32a
sky130_fd_sc_hd__mux2_1,_10369_,picorv32a
sky130_fd_sc_hd__mux2_1,_10370_,picorv32a
sky130_fd_sc_hd__mux2_1,_10371_,picorv32a
sky130_fd_sc_hd__mux2_1,_10372_,picorv32a
sky130_fd_sc_hd__mux2_1,_10373_,picorv32a
sky130_fd_sc_hd__mux2_1,_10374_,picorv32a
sky130_fd_sc_hd__mux2_1,_10375_,picorv32a
sky130_fd_sc_hd__mux2_1,_10376_,picorv32a
sky130_fd_sc_hd__mux2_1,_10377_,picorv32a
sky130_fd_sc_hd__mux2_1,_10378_,picorv32a
sky130_fd_sc_hd__mux2_1,_10379_,picorv32a
sky130_fd_sc_hd__mux2_1,_10380_,picorv32a
sky130_fd_sc_hd__mux2_1,_10381_,picorv32a
sky130_fd_sc_hd__nor2_2,_10382_,picorv32a
sky130_fd_sc_hd__mux2_1,_10383_,picorv32a
sky130_fd_sc_hd__mux2_1,_10384_,picorv32a
sky130_fd_sc_hd__mux2_1,_10385_,picorv32a
sky130_fd_sc_hd__mux2_1,_10386_,picorv32a
sky130_fd_sc_hd__mux2_1,_10387_,picorv32a
sky130_fd_sc_hd__mux2_1,_10388_,picorv32a
sky130_fd_sc_hd__mux2_1,_10389_,picorv32a
sky130_fd_sc_hd__mux2_1,_10390_,picorv32a
sky130_fd_sc_hd__mux2_1,_10391_,picorv32a
sky130_fd_sc_hd__mux2_1,_10392_,picorv32a
sky130_fd_sc_hd__mux2_1,_10393_,picorv32a
sky130_fd_sc_hd__mux2_1,_10394_,picorv32a
sky130_fd_sc_hd__mux2_1,_10395_,picorv32a
sky130_fd_sc_hd__mux2_1,_10396_,picorv32a
sky130_fd_sc_hd__mux2_1,_10397_,picorv32a
sky130_fd_sc_hd__mux2_1,_10398_,picorv32a
sky130_fd_sc_hd__mux2_1,_10399_,picorv32a
sky130_fd_sc_hd__mux2_1,_10400_,picorv32a
sky130_fd_sc_hd__mux2_1,_10401_,picorv32a
sky130_fd_sc_hd__mux2_1,_10402_,picorv32a
sky130_fd_sc_hd__mux2_1,_10403_,picorv32a
sky130_fd_sc_hd__mux2_1,_10404_,picorv32a
sky130_fd_sc_hd__mux2_1,_10405_,picorv32a
sky130_fd_sc_hd__mux2_1,_10406_,picorv32a
sky130_fd_sc_hd__mux2_1,_10407_,picorv32a
sky130_fd_sc_hd__mux2_1,_10408_,picorv32a
sky130_fd_sc_hd__mux2_1,_10409_,picorv32a
sky130_fd_sc_hd__mux2_1,_10410_,picorv32a
sky130_fd_sc_hd__mux2_1,_10411_,picorv32a
sky130_fd_sc_hd__mux2_1,_10412_,picorv32a
sky130_fd_sc_hd__mux2_1,_10413_,picorv32a
sky130_fd_sc_hd__mux2_1,_10414_,picorv32a
sky130_fd_sc_hd__nor2_2,_10415_,picorv32a
sky130_fd_sc_hd__mux2_1,_10416_,picorv32a
sky130_fd_sc_hd__mux2_1,_10417_,picorv32a
sky130_fd_sc_hd__mux2_1,_10418_,picorv32a
sky130_fd_sc_hd__mux2_1,_10419_,picorv32a
sky130_fd_sc_hd__mux2_1,_10420_,picorv32a
sky130_fd_sc_hd__mux2_1,_10421_,picorv32a
sky130_fd_sc_hd__mux2_1,_10422_,picorv32a
sky130_fd_sc_hd__mux2_1,_10423_,picorv32a
sky130_fd_sc_hd__mux2_1,_10424_,picorv32a
sky130_fd_sc_hd__mux2_1,_10425_,picorv32a
sky130_fd_sc_hd__mux2_1,_10426_,picorv32a
sky130_fd_sc_hd__mux2_1,_10427_,picorv32a
sky130_fd_sc_hd__mux2_1,_10428_,picorv32a
sky130_fd_sc_hd__mux2_1,_10429_,picorv32a
sky130_fd_sc_hd__mux2_1,_10430_,picorv32a
sky130_fd_sc_hd__mux2_1,_10431_,picorv32a
sky130_fd_sc_hd__mux2_1,_10432_,picorv32a
sky130_fd_sc_hd__mux2_1,_10433_,picorv32a
sky130_fd_sc_hd__mux2_1,_10434_,picorv32a
sky130_fd_sc_hd__mux2_1,_10435_,picorv32a
sky130_fd_sc_hd__mux2_1,_10436_,picorv32a
sky130_fd_sc_hd__mux2_1,_10437_,picorv32a
sky130_fd_sc_hd__mux2_1,_10438_,picorv32a
sky130_fd_sc_hd__mux2_1,_10439_,picorv32a
sky130_fd_sc_hd__mux2_1,_10440_,picorv32a
sky130_fd_sc_hd__mux2_1,_10441_,picorv32a
sky130_fd_sc_hd__mux2_1,_10442_,picorv32a
sky130_fd_sc_hd__mux2_1,_10443_,picorv32a
sky130_fd_sc_hd__mux2_1,_10444_,picorv32a
sky130_fd_sc_hd__mux2_1,_10445_,picorv32a
sky130_fd_sc_hd__mux2_1,_10446_,picorv32a
sky130_fd_sc_hd__mux2_1,_10447_,picorv32a
sky130_fd_sc_hd__buf_1,_10448_,picorv32a
sky130_fd_sc_hd__buf_1,_10449_,picorv32a
sky130_fd_sc_hd__buf_1,_10450_,picorv32a
sky130_fd_sc_hd__buf_1,_10451_,picorv32a
sky130_fd_sc_hd__buf_1,_10452_,picorv32a
sky130_fd_sc_hd__buf_1,_10453_,picorv32a
sky130_fd_sc_hd__buf_1,_10454_,picorv32a
sky130_fd_sc_hd__buf_1,_10455_,picorv32a
sky130_fd_sc_hd__buf_1,_10456_,picorv32a
sky130_fd_sc_hd__buf_1,_10457_,picorv32a
sky130_fd_sc_hd__buf_1,_10458_,picorv32a
sky130_fd_sc_hd__buf_1,_10459_,picorv32a
sky130_fd_sc_hd__buf_1,_10460_,picorv32a
sky130_fd_sc_hd__buf_1,_10461_,picorv32a
sky130_fd_sc_hd__buf_1,_10462_,picorv32a
sky130_fd_sc_hd__buf_1,_10463_,picorv32a
sky130_fd_sc_hd__buf_1,_10464_,picorv32a
sky130_fd_sc_hd__buf_1,_10465_,picorv32a
sky130_fd_sc_hd__buf_1,_10466_,picorv32a
sky130_fd_sc_hd__buf_1,_10467_,picorv32a
sky130_fd_sc_hd__buf_1,_10468_,picorv32a
sky130_fd_sc_hd__buf_1,_10469_,picorv32a
sky130_fd_sc_hd__buf_1,_10470_,picorv32a
sky130_fd_sc_hd__buf_1,_10471_,picorv32a
sky130_fd_sc_hd__buf_1,_10472_,picorv32a
sky130_fd_sc_hd__buf_1,_10473_,picorv32a
sky130_fd_sc_hd__buf_1,_10474_,picorv32a
sky130_fd_sc_hd__buf_1,_10475_,picorv32a
sky130_fd_sc_hd__buf_1,_10476_,picorv32a
sky130_fd_sc_hd__buf_1,_10477_,picorv32a
sky130_fd_sc_hd__buf_1,_10478_,picorv32a
sky130_fd_sc_hd__buf_1,_10479_,picorv32a
sky130_fd_sc_hd__dfxtp_2,_10480_,picorv32a
sky130_fd_sc_hd__dfxtp_2,_10481_,picorv32a
sky130_fd_sc_hd__dfxtp_2,_10482_,picorv32a
sky130_fd_sc_hd__dfxtp_2,_10483_,picorv32a
sky130_fd_sc_hd__dfxtp_2,_10484_,picorv32a
sky130_fd_sc_hd__dfxtp_2,_10485_,picorv32a
sky130_fd_sc_hd__dfxtp_2,_10486_,picorv32a
sky130_fd_sc_hd__dfxtp_2,_10487_,picorv32a
sky130_fd_sc_hd__dfxtp_2,_10488_,picorv32a
sky130_fd_sc_hd__dfxtp_2,_10489_,picorv32a
sky130_fd_sc_hd__dfxtp_2,_10490_,picorv32a
sky130_fd_sc_hd__dfxtp_2,_10491_,picorv32a
sky130_fd_sc_hd__dfxtp_2,_10492_,picorv32a
sky130_fd_sc_hd__dfxtp_2,_10493_,picorv32a
sky130_fd_sc_hd__dfxtp_2,_10494_,picorv32a
sky130_fd_sc_hd__dfxtp_2,_10495_,picorv32a
sky130_fd_sc_hd__dfxtp_2,_10496_,picorv32a
sky130_fd_sc_hd__dfxtp_2,_10497_,picorv32a
sky130_fd_sc_hd__dfxtp_2,_10498_,picorv32a
sky130_fd_sc_hd__dfxtp_2,_10499_,picorv32a
sky130_fd_sc_hd__dfxtp_2,_10500_,picorv32a
sky130_fd_sc_hd__dfxtp_2,_10501_,picorv32a
sky130_fd_sc_hd__dfxtp_2,_10502_,picorv32a
sky130_fd_sc_hd__dfxtp_2,_10503_,picorv32a
sky130_fd_sc_hd__dfxtp_2,_10504_,picorv32a
sky130_fd_sc_hd__dfxtp_2,_10505_,picorv32a
sky130_fd_sc_hd__dfxtp_2,_10506_,picorv32a
sky130_fd_sc_hd__dfxtp_2,_10507_,picorv32a
sky130_fd_sc_hd__dfxtp_2,_10508_,picorv32a
sky130_fd_sc_hd__dfxtp_2,_10509_,picorv32a
sky130_fd_sc_hd__dfxtp_2,_10510_,picorv32a
sky130_fd_sc_hd__dfxtp_2,_10511_,picorv32a
sky130_fd_sc_hd__dfxtp_2,_10512_,picorv32a
sky130_fd_sc_hd__dfxtp_2,_10513_,picorv32a
sky130_fd_sc_hd__dfxtp_2,_10514_,picorv32a
sky130_fd_sc_hd__dfxtp_2,_10515_,picorv32a
sky130_fd_sc_hd__dfxtp_2,_10516_,picorv32a
sky130_fd_sc_hd__dfxtp_2,_10517_,picorv32a
sky130_fd_sc_hd__dfxtp_2,_10518_,picorv32a
sky130_fd_sc_hd__dfxtp_2,_10519_,picorv32a
sky130_fd_sc_hd__dfxtp_2,_10520_,picorv32a
sky130_fd_sc_hd__dfxtp_2,_10521_,picorv32a
sky130_fd_sc_hd__dfxtp_2,_10522_,picorv32a
sky130_fd_sc_hd__dfxtp_2,_10523_,picorv32a
sky130_fd_sc_hd__dfxtp_2,_10524_,picorv32a
sky130_fd_sc_hd__dfxtp_2,_10525_,picorv32a
sky130_fd_sc_hd__dfxtp_2,_10526_,picorv32a
sky130_fd_sc_hd__dfxtp_2,_10527_,picorv32a
sky130_fd_sc_hd__dfxtp_2,_10528_,picorv32a
sky130_fd_sc_hd__dfxtp_2,_10529_,picorv32a
sky130_fd_sc_hd__dfxtp_2,_10530_,picorv32a
sky130_fd_sc_hd__dfxtp_2,_10531_,picorv32a
sky130_fd_sc_hd__dfxtp_2,_10532_,picorv32a
sky130_fd_sc_hd__dfxtp_2,_10533_,picorv32a
sky130_fd_sc_hd__dfxtp_2,_10534_,picorv32a
sky130_fd_sc_hd__dfxtp_2,_10535_,picorv32a
sky130_fd_sc_hd__dfxtp_2,_10536_,picorv32a
sky130_fd_sc_hd__dfxtp_2,_10537_,picorv32a
sky130_fd_sc_hd__dfxtp_2,_10538_,picorv32a
sky130_fd_sc_hd__dfxtp_2,_10539_,picorv32a
sky130_fd_sc_hd__dfxtp_2,_10540_,picorv32a
sky130_fd_sc_hd__dfxtp_2,_10541_,picorv32a
sky130_fd_sc_hd__dfxtp_2,_10542_,picorv32a
sky130_fd_sc_hd__dfxtp_2,_10543_,picorv32a
sky130_fd_sc_hd__dfxtp_2,_10544_,picorv32a
sky130_fd_sc_hd__dfxtp_2,_10545_,picorv32a
sky130_fd_sc_hd__dfxtp_2,_10546_,picorv32a
sky130_fd_sc_hd__dfxtp_2,_10547_,picorv32a
sky130_fd_sc_hd__dfxtp_2,_10548_,picorv32a
sky130_fd_sc_hd__dfxtp_2,_10549_,picorv32a
sky130_fd_sc_hd__dfxtp_2,_10550_,picorv32a
sky130_fd_sc_hd__dfxtp_2,_10551_,picorv32a
sky130_fd_sc_hd__dfxtp_2,_10552_,picorv32a
sky130_fd_sc_hd__dfxtp_2,_10553_,picorv32a
sky130_fd_sc_hd__dfxtp_2,_10554_,picorv32a
sky130_fd_sc_hd__dfxtp_2,_10555_,picorv32a
sky130_fd_sc_hd__dfxtp_2,_10556_,picorv32a
sky130_fd_sc_hd__dfxtp_2,_10557_,picorv32a
sky130_fd_sc_hd__dfxtp_2,_10558_,picorv32a
sky130_fd_sc_hd__dfxtp_2,_10559_,picorv32a
sky130_fd_sc_hd__dfxtp_2,_10560_,picorv32a
sky130_fd_sc_hd__dfxtp_2,_10561_,picorv32a
sky130_fd_sc_hd__dfxtp_2,_10562_,picorv32a
sky130_fd_sc_hd__dfxtp_2,_10563_,picorv32a
sky130_fd_sc_hd__dfxtp_2,_10564_,picorv32a
sky130_fd_sc_hd__dfxtp_2,_10565_,picorv32a
sky130_fd_sc_hd__dfxtp_2,_10566_,picorv32a
sky130_fd_sc_hd__dfxtp_2,_10567_,picorv32a
sky130_fd_sc_hd__dfxtp_2,_10568_,picorv32a
sky130_fd_sc_hd__dfxtp_2,_10569_,picorv32a
sky130_fd_sc_hd__dfxtp_2,_10570_,picorv32a
sky130_fd_sc_hd__dfxtp_2,_10571_,picorv32a
sky130_fd_sc_hd__dfxtp_2,_10572_,picorv32a
sky130_fd_sc_hd__dfxtp_2,_10573_,picorv32a
sky130_fd_sc_hd__dfxtp_2,_10574_,picorv32a
sky130_fd_sc_hd__dfxtp_2,_10575_,picorv32a
sky130_fd_sc_hd__dfxtp_2,_10576_,picorv32a
sky130_fd_sc_hd__dfxtp_2,_10577_,picorv32a
sky130_fd_sc_hd__dfxtp_2,_10578_,picorv32a
sky130_fd_sc_hd__dfxtp_2,_10579_,picorv32a
sky130_fd_sc_hd__dfxtp_2,_10580_,picorv32a
sky130_fd_sc_hd__dfxtp_2,_10581_,picorv32a
sky130_fd_sc_hd__dfxtp_2,_10582_,picorv32a
sky130_fd_sc_hd__dfxtp_2,_10583_,picorv32a
sky130_fd_sc_hd__dfxtp_2,_10584_,picorv32a
sky130_fd_sc_hd__dfxtp_2,_10585_,picorv32a
sky130_fd_sc_hd__dfxtp_2,_10586_,picorv32a
sky130_fd_sc_hd__dfxtp_2,_10587_,picorv32a
sky130_fd_sc_hd__dfxtp_2,_10588_,picorv32a
sky130_fd_sc_hd__dfxtp_2,_10589_,picorv32a
sky130_fd_sc_hd__dfxtp_2,_10590_,picorv32a
sky130_fd_sc_hd__dfxtp_2,_10591_,picorv32a
sky130_fd_sc_hd__dfxtp_2,_10592_,picorv32a
sky130_fd_sc_hd__dfxtp_2,_10593_,picorv32a
sky130_fd_sc_hd__dfxtp_2,_10594_,picorv32a
sky130_fd_sc_hd__dfxtp_2,_10595_,picorv32a
sky130_fd_sc_hd__dfxtp_2,_10596_,picorv32a
sky130_fd_sc_hd__dfxtp_2,_10597_,picorv32a
sky130_fd_sc_hd__dfxtp_2,_10598_,picorv32a
sky130_fd_sc_hd__dfxtp_2,_10599_,picorv32a
sky130_fd_sc_hd__dfxtp_2,_10600_,picorv32a
sky130_fd_sc_hd__dfxtp_2,_10601_,picorv32a
sky130_fd_sc_hd__dfxtp_2,_10602_,picorv32a
sky130_fd_sc_hd__dfxtp_2,_10603_,picorv32a
sky130_fd_sc_hd__dfxtp_2,_10604_,picorv32a
sky130_fd_sc_hd__dfxtp_2,_10605_,picorv32a
sky130_fd_sc_hd__dfxtp_2,_10606_,picorv32a
sky130_fd_sc_hd__dfxtp_2,_10607_,picorv32a
sky130_fd_sc_hd__dfxtp_2,_10608_,picorv32a
sky130_fd_sc_hd__dfxtp_2,_10609_,picorv32a
sky130_fd_sc_hd__dfxtp_2,_10610_,picorv32a
sky130_fd_sc_hd__dfxtp_2,_10611_,picorv32a
sky130_fd_sc_hd__dfxtp_2,_10612_,picorv32a
sky130_fd_sc_hd__dfxtp_2,_10613_,picorv32a
sky130_fd_sc_hd__dfxtp_2,_10614_,picorv32a
sky130_fd_sc_hd__dfxtp_2,_10615_,picorv32a
sky130_fd_sc_hd__dfxtp_2,_10616_,picorv32a
sky130_fd_sc_hd__dfxtp_2,_10617_,picorv32a
sky130_fd_sc_hd__dfxtp_2,_10618_,picorv32a
sky130_fd_sc_hd__dfxtp_2,_10619_,picorv32a
sky130_fd_sc_hd__dfxtp_2,_10620_,picorv32a
sky130_fd_sc_hd__dfxtp_2,_10621_,picorv32a
sky130_fd_sc_hd__dfxtp_2,_10622_,picorv32a
sky130_fd_sc_hd__dfxtp_2,_10623_,picorv32a
sky130_fd_sc_hd__dfxtp_2,_10624_,picorv32a
sky130_fd_sc_hd__dfxtp_2,_10625_,picorv32a
sky130_fd_sc_hd__dfxtp_2,_10626_,picorv32a
sky130_fd_sc_hd__dfxtp_2,_10627_,picorv32a
sky130_fd_sc_hd__dfxtp_2,_10628_,picorv32a
sky130_fd_sc_hd__dfxtp_2,_10629_,picorv32a
sky130_fd_sc_hd__dfxtp_2,_10630_,picorv32a
sky130_fd_sc_hd__dfxtp_2,_10631_,picorv32a
sky130_fd_sc_hd__dfxtp_2,_10632_,picorv32a
sky130_fd_sc_hd__dfxtp_2,_10633_,picorv32a
sky130_fd_sc_hd__dfxtp_2,_10634_,picorv32a
sky130_fd_sc_hd__dfxtp_2,_10635_,picorv32a
sky130_fd_sc_hd__dfxtp_2,_10636_,picorv32a
sky130_fd_sc_hd__dfxtp_2,_10637_,picorv32a
sky130_fd_sc_hd__dfxtp_2,_10638_,picorv32a
sky130_fd_sc_hd__dfxtp_2,_10639_,picorv32a
sky130_fd_sc_hd__dfxtp_2,_10640_,picorv32a
sky130_fd_sc_hd__dfxtp_2,_10641_,picorv32a
sky130_fd_sc_hd__dfxtp_2,_10642_,picorv32a
sky130_fd_sc_hd__dfxtp_2,_10643_,picorv32a
sky130_fd_sc_hd__dfxtp_2,_10644_,picorv32a
sky130_fd_sc_hd__dfxtp_2,_10645_,picorv32a
sky130_fd_sc_hd__dfxtp_2,_10646_,picorv32a
sky130_fd_sc_hd__dfxtp_2,_10647_,picorv32a
sky130_fd_sc_hd__dfxtp_2,_10648_,picorv32a
sky130_fd_sc_hd__dfxtp_2,_10649_,picorv32a
sky130_fd_sc_hd__dfxtp_2,_10650_,picorv32a
sky130_fd_sc_hd__dfxtp_2,_10651_,picorv32a
sky130_fd_sc_hd__dfxtp_2,_10652_,picorv32a
sky130_fd_sc_hd__dfxtp_2,_10653_,picorv32a
sky130_fd_sc_hd__dfxtp_2,_10654_,picorv32a
sky130_fd_sc_hd__dfxtp_2,_10655_,picorv32a
sky130_fd_sc_hd__dfxtp_2,_10656_,picorv32a
sky130_fd_sc_hd__dfxtp_2,_10657_,picorv32a
sky130_fd_sc_hd__dfxtp_2,_10658_,picorv32a
sky130_fd_sc_hd__dfxtp_2,_10659_,picorv32a
sky130_fd_sc_hd__dfxtp_2,_10660_,picorv32a
sky130_fd_sc_hd__dfxtp_2,_10661_,picorv32a
sky130_fd_sc_hd__dfxtp_2,_10662_,picorv32a
sky130_fd_sc_hd__dfxtp_2,_10663_,picorv32a
sky130_fd_sc_hd__dfxtp_2,_10664_,picorv32a
sky130_fd_sc_hd__dfxtp_2,_10665_,picorv32a
sky130_fd_sc_hd__dfxtp_2,_10666_,picorv32a
sky130_fd_sc_hd__dfxtp_2,_10667_,picorv32a
sky130_fd_sc_hd__dfxtp_2,_10668_,picorv32a
sky130_fd_sc_hd__dfxtp_2,_10669_,picorv32a
sky130_fd_sc_hd__dfxtp_2,_10670_,picorv32a
sky130_fd_sc_hd__dfxtp_2,_10671_,picorv32a
sky130_fd_sc_hd__dfxtp_2,_10672_,picorv32a
sky130_fd_sc_hd__dfxtp_2,_10673_,picorv32a
sky130_fd_sc_hd__dfxtp_2,_10674_,picorv32a
sky130_fd_sc_hd__dfxtp_2,_10675_,picorv32a
sky130_fd_sc_hd__dfxtp_2,_10676_,picorv32a
sky130_fd_sc_hd__dfxtp_2,_10677_,picorv32a
sky130_fd_sc_hd__dfxtp_2,_10678_,picorv32a
sky130_fd_sc_hd__dfxtp_2,_10679_,picorv32a
sky130_fd_sc_hd__dfxtp_2,_10680_,picorv32a
sky130_fd_sc_hd__dfxtp_2,_10681_,picorv32a
sky130_fd_sc_hd__dfxtp_2,_10682_,picorv32a
sky130_fd_sc_hd__dfxtp_2,_10683_,picorv32a
sky130_fd_sc_hd__dfxtp_2,_10684_,picorv32a
sky130_fd_sc_hd__dfxtp_2,_10685_,picorv32a
sky130_fd_sc_hd__dfxtp_2,_10686_,picorv32a
sky130_fd_sc_hd__dfxtp_2,_10687_,picorv32a
sky130_fd_sc_hd__dfxtp_2,_10688_,picorv32a
sky130_fd_sc_hd__dfxtp_2,_10689_,picorv32a
sky130_fd_sc_hd__dfxtp_2,_10690_,picorv32a
sky130_fd_sc_hd__dfxtp_2,_10691_,picorv32a
sky130_fd_sc_hd__dfxtp_2,_10692_,picorv32a
sky130_fd_sc_hd__dfxtp_2,_10693_,picorv32a
sky130_fd_sc_hd__dfxtp_2,_10694_,picorv32a
sky130_fd_sc_hd__dfxtp_2,_10695_,picorv32a
sky130_fd_sc_hd__dfxtp_2,_10696_,picorv32a
sky130_fd_sc_hd__dfxtp_2,_10697_,picorv32a
sky130_fd_sc_hd__dfxtp_2,_10698_,picorv32a
sky130_fd_sc_hd__dfxtp_2,_10699_,picorv32a
sky130_fd_sc_hd__dfxtp_2,_10700_,picorv32a
sky130_fd_sc_hd__dfxtp_2,_10701_,picorv32a
sky130_fd_sc_hd__dfxtp_2,_10702_,picorv32a
sky130_fd_sc_hd__dfxtp_2,_10703_,picorv32a
sky130_fd_sc_hd__dfxtp_2,_10704_,picorv32a
sky130_fd_sc_hd__dfxtp_2,_10705_,picorv32a
sky130_fd_sc_hd__dfxtp_2,_10706_,picorv32a
sky130_fd_sc_hd__dfxtp_2,_10707_,picorv32a
sky130_fd_sc_hd__dfxtp_2,_10708_,picorv32a
sky130_fd_sc_hd__dfxtp_2,_10709_,picorv32a
sky130_fd_sc_hd__dfxtp_2,_10710_,picorv32a
sky130_fd_sc_hd__dfxtp_2,_10711_,picorv32a
sky130_fd_sc_hd__dfxtp_2,_10712_,picorv32a
sky130_fd_sc_hd__dfxtp_2,_10713_,picorv32a
sky130_fd_sc_hd__dfxtp_2,_10714_,picorv32a
sky130_fd_sc_hd__dfxtp_2,_10715_,picorv32a
sky130_fd_sc_hd__dfxtp_2,_10716_,picorv32a
sky130_fd_sc_hd__dfxtp_2,_10717_,picorv32a
sky130_fd_sc_hd__dfxtp_2,_10718_,picorv32a
sky130_fd_sc_hd__dfxtp_2,_10719_,picorv32a
sky130_fd_sc_hd__dfxtp_2,_10720_,picorv32a
sky130_fd_sc_hd__dfxtp_2,_10721_,picorv32a
sky130_fd_sc_hd__dfxtp_2,_10722_,picorv32a
sky130_fd_sc_hd__dfxtp_2,_10723_,picorv32a
sky130_fd_sc_hd__dfxtp_2,_10724_,picorv32a
sky130_fd_sc_hd__dfxtp_2,_10725_,picorv32a
sky130_fd_sc_hd__dfxtp_2,_10726_,picorv32a
sky130_fd_sc_hd__dfxtp_2,_10727_,picorv32a
sky130_fd_sc_hd__dfxtp_2,_10728_,picorv32a
sky130_fd_sc_hd__dfxtp_2,_10729_,picorv32a
sky130_fd_sc_hd__dfxtp_2,_10730_,picorv32a
sky130_fd_sc_hd__dfxtp_2,_10731_,picorv32a
sky130_fd_sc_hd__dfxtp_2,_10732_,picorv32a
sky130_fd_sc_hd__dfxtp_2,_10733_,picorv32a
sky130_fd_sc_hd__dfxtp_2,_10734_,picorv32a
sky130_fd_sc_hd__dfxtp_2,_10735_,picorv32a
sky130_fd_sc_hd__dfxtp_2,_10736_,picorv32a
sky130_fd_sc_hd__dfxtp_2,_10737_,picorv32a
sky130_fd_sc_hd__dfxtp_2,_10738_,picorv32a
sky130_fd_sc_hd__dfxtp_2,_10739_,picorv32a
sky130_fd_sc_hd__dfxtp_2,_10740_,picorv32a
sky130_fd_sc_hd__dfxtp_2,_10741_,picorv32a
sky130_fd_sc_hd__dfxtp_2,_10742_,picorv32a
sky130_fd_sc_hd__dfxtp_2,_10743_,picorv32a
sky130_fd_sc_hd__dfxtp_2,_10744_,picorv32a
sky130_fd_sc_hd__dfxtp_2,_10745_,picorv32a
sky130_fd_sc_hd__dfxtp_2,_10746_,picorv32a
sky130_fd_sc_hd__dfxtp_2,_10747_,picorv32a
sky130_fd_sc_hd__dfxtp_2,_10748_,picorv32a
sky130_fd_sc_hd__dfxtp_2,_10749_,picorv32a
sky130_fd_sc_hd__dfxtp_2,_10750_,picorv32a
sky130_fd_sc_hd__dfxtp_2,_10751_,picorv32a
sky130_fd_sc_hd__dfxtp_2,_10752_,picorv32a
sky130_fd_sc_hd__dfxtp_2,_10753_,picorv32a
sky130_fd_sc_hd__dfxtp_2,_10754_,picorv32a
sky130_fd_sc_hd__dfxtp_2,_10755_,picorv32a
sky130_fd_sc_hd__dfxtp_2,_10756_,picorv32a
sky130_fd_sc_hd__dfxtp_2,_10757_,picorv32a
sky130_fd_sc_hd__dfxtp_2,_10758_,picorv32a
sky130_fd_sc_hd__dfxtp_2,_10759_,picorv32a
sky130_fd_sc_hd__dfxtp_2,_10760_,picorv32a
sky130_fd_sc_hd__dfxtp_2,_10761_,picorv32a
sky130_fd_sc_hd__dfxtp_2,_10762_,picorv32a
sky130_fd_sc_hd__dfxtp_2,_10763_,picorv32a
sky130_fd_sc_hd__dfxtp_2,_10764_,picorv32a
sky130_fd_sc_hd__dfxtp_2,_10765_,picorv32a
sky130_fd_sc_hd__dfxtp_2,_10766_,picorv32a
sky130_fd_sc_hd__dfxtp_2,_10767_,picorv32a
sky130_fd_sc_hd__dfxtp_2,_10768_,picorv32a
sky130_fd_sc_hd__dfxtp_2,_10769_,picorv32a
sky130_fd_sc_hd__dfxtp_2,_10770_,picorv32a
sky130_fd_sc_hd__dfxtp_2,_10771_,picorv32a
sky130_fd_sc_hd__dfxtp_2,_10772_,picorv32a
sky130_fd_sc_hd__dfxtp_2,_10773_,picorv32a
sky130_fd_sc_hd__dfxtp_2,_10774_,picorv32a
sky130_fd_sc_hd__dfxtp_2,_10775_,picorv32a
sky130_fd_sc_hd__dfxtp_2,_10776_,picorv32a
sky130_fd_sc_hd__dfxtp_2,_10777_,picorv32a
sky130_fd_sc_hd__dfxtp_2,_10778_,picorv32a
sky130_fd_sc_hd__dfxtp_2,_10779_,picorv32a
sky130_fd_sc_hd__dfxtp_2,_10780_,picorv32a
sky130_fd_sc_hd__dfxtp_2,_10781_,picorv32a
sky130_fd_sc_hd__dfxtp_2,_10782_,picorv32a
sky130_fd_sc_hd__dfxtp_2,_10783_,picorv32a
sky130_fd_sc_hd__dfxtp_2,_10784_,picorv32a
sky130_fd_sc_hd__dfxtp_2,_10785_,picorv32a
sky130_fd_sc_hd__dfxtp_2,_10786_,picorv32a
sky130_fd_sc_hd__dfxtp_2,_10787_,picorv32a
sky130_fd_sc_hd__dfxtp_2,_10788_,picorv32a
sky130_fd_sc_hd__dfxtp_2,_10789_,picorv32a
sky130_fd_sc_hd__dfxtp_2,_10790_,picorv32a
sky130_fd_sc_hd__dfxtp_2,_10791_,picorv32a
sky130_fd_sc_hd__dfxtp_2,_10792_,picorv32a
sky130_fd_sc_hd__dfxtp_2,_10793_,picorv32a
sky130_fd_sc_hd__dfxtp_2,_10794_,picorv32a
sky130_fd_sc_hd__dfxtp_2,_10795_,picorv32a
sky130_fd_sc_hd__dfxtp_2,_10796_,picorv32a
sky130_fd_sc_hd__dfxtp_2,_10797_,picorv32a
sky130_fd_sc_hd__dfxtp_2,_10798_,picorv32a
sky130_fd_sc_hd__dfxtp_2,_10799_,picorv32a
sky130_fd_sc_hd__dfxtp_2,_10800_,picorv32a
sky130_fd_sc_hd__dfxtp_2,_10801_,picorv32a
sky130_fd_sc_hd__dfxtp_2,_10802_,picorv32a
sky130_fd_sc_hd__dfxtp_2,_10803_,picorv32a
sky130_fd_sc_hd__dfxtp_2,_10804_,picorv32a
sky130_fd_sc_hd__dfxtp_2,_10805_,picorv32a
sky130_fd_sc_hd__dfxtp_2,_10806_,picorv32a
sky130_fd_sc_hd__dfxtp_2,_10807_,picorv32a
sky130_fd_sc_hd__dfxtp_2,_10808_,picorv32a
sky130_fd_sc_hd__dfxtp_2,_10809_,picorv32a
sky130_fd_sc_hd__dfxtp_2,_10810_,picorv32a
sky130_fd_sc_hd__dfxtp_2,_10811_,picorv32a
sky130_fd_sc_hd__dfxtp_2,_10812_,picorv32a
sky130_fd_sc_hd__dfxtp_2,_10813_,picorv32a
sky130_fd_sc_hd__dfxtp_2,_10814_,picorv32a
sky130_fd_sc_hd__dfxtp_2,_10815_,picorv32a
sky130_fd_sc_hd__dfxtp_2,_10816_,picorv32a
sky130_fd_sc_hd__dfxtp_2,_10817_,picorv32a
sky130_fd_sc_hd__dfxtp_2,_10818_,picorv32a
sky130_fd_sc_hd__dfxtp_2,_10819_,picorv32a
sky130_fd_sc_hd__dfxtp_2,_10820_,picorv32a
sky130_fd_sc_hd__dfxtp_2,_10821_,picorv32a
sky130_fd_sc_hd__dfxtp_2,_10822_,picorv32a
sky130_fd_sc_hd__dfxtp_2,_10823_,picorv32a
sky130_fd_sc_hd__dfxtp_2,_10824_,picorv32a
sky130_fd_sc_hd__dfxtp_2,_10825_,picorv32a
sky130_fd_sc_hd__dfxtp_2,_10826_,picorv32a
sky130_fd_sc_hd__dfxtp_2,_10827_,picorv32a
sky130_fd_sc_hd__dfxtp_2,_10828_,picorv32a
sky130_fd_sc_hd__dfxtp_2,_10829_,picorv32a
sky130_fd_sc_hd__dfxtp_2,_10830_,picorv32a
sky130_fd_sc_hd__dfxtp_2,_10831_,picorv32a
sky130_fd_sc_hd__dfxtp_2,_10832_,picorv32a
sky130_fd_sc_hd__dfxtp_2,_10833_,picorv32a
sky130_fd_sc_hd__dfxtp_2,_10834_,picorv32a
sky130_fd_sc_hd__dfxtp_2,_10835_,picorv32a
sky130_fd_sc_hd__dfxtp_2,_10836_,picorv32a
sky130_fd_sc_hd__dfxtp_2,_10837_,picorv32a
sky130_fd_sc_hd__dfxtp_2,_10838_,picorv32a
sky130_fd_sc_hd__dfxtp_2,_10839_,picorv32a
sky130_fd_sc_hd__dfxtp_2,_10840_,picorv32a
sky130_fd_sc_hd__dfxtp_2,_10841_,picorv32a
sky130_fd_sc_hd__dfxtp_2,_10842_,picorv32a
sky130_fd_sc_hd__dfxtp_2,_10843_,picorv32a
sky130_fd_sc_hd__dfxtp_2,_10844_,picorv32a
sky130_fd_sc_hd__dfxtp_2,_10845_,picorv32a
sky130_fd_sc_hd__dfxtp_2,_10846_,picorv32a
sky130_fd_sc_hd__dfxtp_2,_10847_,picorv32a
sky130_fd_sc_hd__dfxtp_2,_10848_,picorv32a
sky130_fd_sc_hd__dfxtp_2,_10849_,picorv32a
sky130_fd_sc_hd__dfxtp_2,_10850_,picorv32a
sky130_fd_sc_hd__dfxtp_2,_10851_,picorv32a
sky130_fd_sc_hd__dfxtp_2,_10852_,picorv32a
sky130_fd_sc_hd__dfxtp_2,_10853_,picorv32a
sky130_fd_sc_hd__dfxtp_2,_10854_,picorv32a
sky130_fd_sc_hd__dfxtp_2,_10855_,picorv32a
sky130_fd_sc_hd__dfxtp_2,_10856_,picorv32a
sky130_fd_sc_hd__dfxtp_2,_10857_,picorv32a
sky130_fd_sc_hd__dfxtp_2,_10858_,picorv32a
sky130_fd_sc_hd__dfxtp_2,_10859_,picorv32a
sky130_fd_sc_hd__dfxtp_2,_10860_,picorv32a
sky130_fd_sc_hd__dfxtp_2,_10861_,picorv32a
sky130_fd_sc_hd__dfxtp_2,_10862_,picorv32a
sky130_fd_sc_hd__dfxtp_2,_10863_,picorv32a
sky130_fd_sc_hd__dfxtp_2,_10864_,picorv32a
sky130_fd_sc_hd__dfxtp_2,_10865_,picorv32a
sky130_fd_sc_hd__dfxtp_2,_10866_,picorv32a
sky130_fd_sc_hd__dfxtp_2,_10867_,picorv32a
sky130_fd_sc_hd__dfxtp_2,_10868_,picorv32a
sky130_fd_sc_hd__dfxtp_2,_10869_,picorv32a
sky130_fd_sc_hd__dfxtp_2,_10870_,picorv32a
sky130_fd_sc_hd__dfxtp_2,_10871_,picorv32a
sky130_fd_sc_hd__dfxtp_2,_10872_,picorv32a
sky130_fd_sc_hd__dfxtp_2,_10873_,picorv32a
sky130_fd_sc_hd__dfxtp_2,_10874_,picorv32a
sky130_fd_sc_hd__dfxtp_2,_10875_,picorv32a
sky130_fd_sc_hd__dfxtp_2,_10876_,picorv32a
sky130_fd_sc_hd__dfxtp_2,_10877_,picorv32a
sky130_fd_sc_hd__dfxtp_2,_10878_,picorv32a
sky130_fd_sc_hd__dfxtp_2,_10879_,picorv32a
sky130_fd_sc_hd__dfxtp_2,_10880_,picorv32a
sky130_fd_sc_hd__dfxtp_2,_10881_,picorv32a
sky130_fd_sc_hd__dfxtp_2,_10882_,picorv32a
sky130_fd_sc_hd__dfxtp_2,_10883_,picorv32a
sky130_fd_sc_hd__dfxtp_2,_10884_,picorv32a
sky130_fd_sc_hd__dfxtp_2,_10885_,picorv32a
sky130_fd_sc_hd__dfxtp_2,_10886_,picorv32a
sky130_fd_sc_hd__dfxtp_2,_10887_,picorv32a
sky130_fd_sc_hd__dfxtp_2,_10888_,picorv32a
sky130_fd_sc_hd__dfxtp_2,_10889_,picorv32a
sky130_fd_sc_hd__dfxtp_2,_10890_,picorv32a
sky130_fd_sc_hd__dfxtp_2,_10891_,picorv32a
sky130_fd_sc_hd__dfxtp_2,_10892_,picorv32a
sky130_fd_sc_hd__dfxtp_2,_10893_,picorv32a
sky130_fd_sc_hd__dfxtp_2,_10894_,picorv32a
sky130_fd_sc_hd__dfxtp_2,_10895_,picorv32a
sky130_fd_sc_hd__dfxtp_2,_10896_,picorv32a
sky130_fd_sc_hd__dfxtp_2,_10897_,picorv32a
sky130_fd_sc_hd__dfxtp_2,_10898_,picorv32a
sky130_fd_sc_hd__dfxtp_2,_10899_,picorv32a
sky130_fd_sc_hd__dfxtp_2,_10900_,picorv32a
sky130_fd_sc_hd__dfxtp_2,_10901_,picorv32a
sky130_fd_sc_hd__dfxtp_2,_10902_,picorv32a
sky130_fd_sc_hd__dfxtp_2,_10903_,picorv32a
sky130_fd_sc_hd__dfxtp_2,_10904_,picorv32a
sky130_fd_sc_hd__dfxtp_2,_10905_,picorv32a
sky130_fd_sc_hd__dfxtp_2,_10906_,picorv32a
sky130_fd_sc_hd__dfxtp_2,_10907_,picorv32a
sky130_fd_sc_hd__dfxtp_2,_10908_,picorv32a
sky130_fd_sc_hd__dfxtp_2,_10909_,picorv32a
sky130_fd_sc_hd__dfxtp_2,_10910_,picorv32a
sky130_fd_sc_hd__dfxtp_2,_10911_,picorv32a
sky130_fd_sc_hd__dfxtp_2,_10912_,picorv32a
sky130_fd_sc_hd__dfxtp_2,_10913_,picorv32a
sky130_fd_sc_hd__dfxtp_2,_10914_,picorv32a
sky130_fd_sc_hd__dfxtp_2,_10915_,picorv32a
sky130_fd_sc_hd__dfxtp_2,_10916_,picorv32a
sky130_fd_sc_hd__dfxtp_2,_10917_,picorv32a
sky130_fd_sc_hd__dfxtp_2,_10918_,picorv32a
sky130_fd_sc_hd__dfxtp_2,_10919_,picorv32a
sky130_fd_sc_hd__dfxtp_2,_10920_,picorv32a
sky130_fd_sc_hd__dfxtp_2,_10921_,picorv32a
sky130_fd_sc_hd__dfxtp_2,_10922_,picorv32a
sky130_fd_sc_hd__dfxtp_2,_10923_,picorv32a
sky130_fd_sc_hd__dfxtp_2,_10924_,picorv32a
sky130_fd_sc_hd__dfxtp_2,_10925_,picorv32a
sky130_fd_sc_hd__dfxtp_2,_10926_,picorv32a
sky130_fd_sc_hd__dfxtp_2,_10927_,picorv32a
sky130_fd_sc_hd__dfxtp_2,_10928_,picorv32a
sky130_fd_sc_hd__dfxtp_2,_10929_,picorv32a
sky130_fd_sc_hd__dfxtp_2,_10930_,picorv32a
sky130_fd_sc_hd__dfxtp_2,_10931_,picorv32a
sky130_fd_sc_hd__dfxtp_2,_10932_,picorv32a
sky130_fd_sc_hd__dfxtp_2,_10933_,picorv32a
sky130_fd_sc_hd__dfxtp_2,_10934_,picorv32a
sky130_fd_sc_hd__dfxtp_2,_10935_,picorv32a
sky130_fd_sc_hd__dfxtp_2,_10936_,picorv32a
sky130_fd_sc_hd__dfxtp_2,_10937_,picorv32a
sky130_fd_sc_hd__dfxtp_2,_10938_,picorv32a
sky130_fd_sc_hd__dfxtp_2,_10939_,picorv32a
sky130_fd_sc_hd__dfxtp_2,_10940_,picorv32a
sky130_fd_sc_hd__dfxtp_2,_10941_,picorv32a
sky130_fd_sc_hd__dfxtp_2,_10942_,picorv32a
sky130_fd_sc_hd__dfxtp_2,_10943_,picorv32a
sky130_fd_sc_hd__dfxtp_2,_10944_,picorv32a
sky130_fd_sc_hd__dfxtp_2,_10945_,picorv32a
sky130_fd_sc_hd__dfxtp_2,_10946_,picorv32a
sky130_fd_sc_hd__dfxtp_2,_10947_,picorv32a
sky130_fd_sc_hd__dfxtp_2,_10948_,picorv32a
sky130_fd_sc_hd__dfxtp_2,_10949_,picorv32a
sky130_fd_sc_hd__dfxtp_2,_10950_,picorv32a
sky130_fd_sc_hd__dfxtp_2,_10951_,picorv32a
sky130_fd_sc_hd__dfxtp_2,_10952_,picorv32a
sky130_fd_sc_hd__dfxtp_2,_10953_,picorv32a
sky130_fd_sc_hd__dfxtp_2,_10954_,picorv32a
sky130_fd_sc_hd__dfxtp_2,_10955_,picorv32a
sky130_fd_sc_hd__dfxtp_2,_10956_,picorv32a
sky130_fd_sc_hd__dfxtp_2,_10957_,picorv32a
sky130_fd_sc_hd__dfxtp_2,_10958_,picorv32a
sky130_fd_sc_hd__dfxtp_2,_10959_,picorv32a
sky130_fd_sc_hd__dfxtp_2,_10960_,picorv32a
sky130_fd_sc_hd__dfxtp_2,_10961_,picorv32a
sky130_fd_sc_hd__dfxtp_2,_10962_,picorv32a
sky130_fd_sc_hd__dfxtp_2,_10963_,picorv32a
sky130_fd_sc_hd__dfxtp_2,_10964_,picorv32a
sky130_fd_sc_hd__dfxtp_2,_10965_,picorv32a
sky130_fd_sc_hd__dfxtp_2,_10966_,picorv32a
sky130_fd_sc_hd__dfxtp_2,_10967_,picorv32a
sky130_fd_sc_hd__dfxtp_2,_10968_,picorv32a
sky130_fd_sc_hd__dfxtp_2,_10969_,picorv32a
sky130_fd_sc_hd__dfxtp_2,_10970_,picorv32a
sky130_fd_sc_hd__dfxtp_2,_10971_,picorv32a
sky130_fd_sc_hd__dfxtp_2,_10972_,picorv32a
sky130_fd_sc_hd__dfxtp_2,_10973_,picorv32a
sky130_fd_sc_hd__dfxtp_2,_10974_,picorv32a
sky130_fd_sc_hd__dfxtp_2,_10975_,picorv32a
sky130_fd_sc_hd__dfxtp_2,_10976_,picorv32a
sky130_fd_sc_hd__dfxtp_2,_10977_,picorv32a
sky130_fd_sc_hd__dfxtp_2,_10978_,picorv32a
sky130_fd_sc_hd__dfxtp_2,_10979_,picorv32a
sky130_fd_sc_hd__dfxtp_2,_10980_,picorv32a
sky130_fd_sc_hd__dfxtp_2,_10981_,picorv32a
sky130_fd_sc_hd__dfxtp_2,_10982_,picorv32a
sky130_fd_sc_hd__dfxtp_2,_10983_,picorv32a
sky130_fd_sc_hd__dfxtp_2,_10984_,picorv32a
sky130_fd_sc_hd__dfxtp_2,_10985_,picorv32a
sky130_fd_sc_hd__dfxtp_2,_10986_,picorv32a
sky130_fd_sc_hd__dfxtp_2,_10987_,picorv32a
sky130_fd_sc_hd__dfxtp_2,_10988_,picorv32a
sky130_fd_sc_hd__dfxtp_2,_10989_,picorv32a
sky130_fd_sc_hd__dfxtp_2,_10990_,picorv32a
sky130_fd_sc_hd__dfxtp_2,_10991_,picorv32a
sky130_fd_sc_hd__dfxtp_2,_10992_,picorv32a
sky130_fd_sc_hd__dfxtp_2,_10993_,picorv32a
sky130_fd_sc_hd__dfxtp_2,_10994_,picorv32a
sky130_fd_sc_hd__dfxtp_2,_10995_,picorv32a
sky130_fd_sc_hd__dfxtp_2,_10996_,picorv32a
sky130_fd_sc_hd__dfxtp_2,_10997_,picorv32a
sky130_fd_sc_hd__dfxtp_2,_10998_,picorv32a
sky130_fd_sc_hd__dfxtp_2,_10999_,picorv32a
sky130_fd_sc_hd__dfxtp_2,_11000_,picorv32a
sky130_fd_sc_hd__dfxtp_2,_11001_,picorv32a
sky130_fd_sc_hd__dfxtp_2,_11002_,picorv32a
sky130_fd_sc_hd__dfxtp_2,_11003_,picorv32a
sky130_fd_sc_hd__dfxtp_2,_11004_,picorv32a
sky130_fd_sc_hd__dfxtp_2,_11005_,picorv32a
sky130_fd_sc_hd__dfxtp_2,_11006_,picorv32a
sky130_fd_sc_hd__dfxtp_2,_11007_,picorv32a
sky130_fd_sc_hd__dfxtp_2,_11008_,picorv32a
sky130_fd_sc_hd__dfxtp_2,_11009_,picorv32a
sky130_fd_sc_hd__dfxtp_2,_11010_,picorv32a
sky130_fd_sc_hd__dfxtp_2,_11011_,picorv32a
sky130_fd_sc_hd__dfxtp_2,_11012_,picorv32a
sky130_fd_sc_hd__dfxtp_2,_11013_,picorv32a
sky130_fd_sc_hd__dfxtp_2,_11014_,picorv32a
sky130_fd_sc_hd__dfxtp_2,_11015_,picorv32a
sky130_fd_sc_hd__dfxtp_2,_11016_,picorv32a
sky130_fd_sc_hd__dfxtp_2,_11017_,picorv32a
sky130_fd_sc_hd__dfxtp_2,_11018_,picorv32a
sky130_fd_sc_hd__dfxtp_2,_11019_,picorv32a
sky130_fd_sc_hd__dfxtp_2,_11020_,picorv32a
sky130_fd_sc_hd__dfxtp_2,_11021_,picorv32a
sky130_fd_sc_hd__dfxtp_2,_11022_,picorv32a
sky130_fd_sc_hd__dfxtp_2,_11023_,picorv32a
sky130_fd_sc_hd__dfxtp_2,_11024_,picorv32a
sky130_fd_sc_hd__dfxtp_2,_11025_,picorv32a
sky130_fd_sc_hd__dfxtp_2,_11026_,picorv32a
sky130_fd_sc_hd__dfxtp_2,_11027_,picorv32a
sky130_fd_sc_hd__dfxtp_2,_11028_,picorv32a
sky130_fd_sc_hd__dfxtp_2,_11029_,picorv32a
sky130_fd_sc_hd__dfxtp_2,_11030_,picorv32a
sky130_fd_sc_hd__dfxtp_2,_11031_,picorv32a
sky130_fd_sc_hd__dfxtp_2,_11032_,picorv32a
sky130_fd_sc_hd__dfxtp_2,_11033_,picorv32a
sky130_fd_sc_hd__dfxtp_2,_11034_,picorv32a
sky130_fd_sc_hd__dfxtp_2,_11035_,picorv32a
sky130_fd_sc_hd__dfxtp_2,_11036_,picorv32a
sky130_fd_sc_hd__dfxtp_2,_11037_,picorv32a
sky130_fd_sc_hd__dfxtp_2,_11038_,picorv32a
sky130_fd_sc_hd__dfxtp_2,_11039_,picorv32a
sky130_fd_sc_hd__dfxtp_2,_11040_,picorv32a
sky130_fd_sc_hd__dfxtp_2,_11041_,picorv32a
sky130_fd_sc_hd__dfxtp_2,_11042_,picorv32a
sky130_fd_sc_hd__dfxtp_2,_11043_,picorv32a
sky130_fd_sc_hd__dfxtp_2,_11044_,picorv32a
sky130_fd_sc_hd__dfxtp_2,_11045_,picorv32a
sky130_fd_sc_hd__dfxtp_2,_11046_,picorv32a
sky130_fd_sc_hd__dfxtp_2,_11047_,picorv32a
sky130_fd_sc_hd__dfxtp_2,_11048_,picorv32a
sky130_fd_sc_hd__dfxtp_2,_11049_,picorv32a
sky130_fd_sc_hd__dfxtp_2,_11050_,picorv32a
sky130_fd_sc_hd__dfxtp_2,_11051_,picorv32a
sky130_fd_sc_hd__dfxtp_2,_11052_,picorv32a
sky130_fd_sc_hd__dfxtp_2,_11053_,picorv32a
sky130_fd_sc_hd__dfxtp_2,_11054_,picorv32a
sky130_fd_sc_hd__dfxtp_2,_11055_,picorv32a
sky130_fd_sc_hd__dfxtp_2,_11056_,picorv32a
sky130_fd_sc_hd__dfxtp_2,_11057_,picorv32a
sky130_fd_sc_hd__dfxtp_2,_11058_,picorv32a
sky130_fd_sc_hd__dfxtp_2,_11059_,picorv32a
sky130_fd_sc_hd__dfxtp_2,_11060_,picorv32a
sky130_fd_sc_hd__dfxtp_2,_11061_,picorv32a
sky130_fd_sc_hd__dfxtp_2,_11062_,picorv32a
sky130_fd_sc_hd__dfxtp_2,_11063_,picorv32a
sky130_fd_sc_hd__dfxtp_2,_11064_,picorv32a
sky130_fd_sc_hd__dfxtp_2,_11065_,picorv32a
sky130_fd_sc_hd__dfxtp_2,_11066_,picorv32a
sky130_fd_sc_hd__dfxtp_2,_11067_,picorv32a
sky130_fd_sc_hd__dfxtp_2,_11068_,picorv32a
sky130_fd_sc_hd__dfxtp_2,_11069_,picorv32a
sky130_fd_sc_hd__dfxtp_2,_11070_,picorv32a
sky130_fd_sc_hd__dfxtp_2,_11071_,picorv32a
sky130_fd_sc_hd__dfxtp_2,_11072_,picorv32a
sky130_fd_sc_hd__dfxtp_2,_11073_,picorv32a
sky130_fd_sc_hd__dfxtp_2,_11074_,picorv32a
sky130_fd_sc_hd__dfxtp_2,_11075_,picorv32a
sky130_fd_sc_hd__dfxtp_2,_11076_,picorv32a
sky130_fd_sc_hd__dfxtp_2,_11077_,picorv32a
sky130_fd_sc_hd__dfxtp_2,_11078_,picorv32a
sky130_fd_sc_hd__dfxtp_2,_11079_,picorv32a
sky130_fd_sc_hd__dfxtp_2,_11080_,picorv32a
sky130_fd_sc_hd__dfxtp_2,_11081_,picorv32a
sky130_fd_sc_hd__dfxtp_2,_11082_,picorv32a
sky130_fd_sc_hd__dfxtp_2,_11083_,picorv32a
sky130_fd_sc_hd__dfxtp_2,_11084_,picorv32a
sky130_fd_sc_hd__dfxtp_2,_11085_,picorv32a
sky130_fd_sc_hd__dfxtp_2,_11086_,picorv32a
sky130_fd_sc_hd__dfxtp_2,_11087_,picorv32a
sky130_fd_sc_hd__dfxtp_2,_11088_,picorv32a
sky130_fd_sc_hd__dfxtp_2,_11089_,picorv32a
sky130_fd_sc_hd__dfxtp_2,_11090_,picorv32a
sky130_fd_sc_hd__dfxtp_2,_11091_,picorv32a
sky130_fd_sc_hd__dfxtp_2,_11092_,picorv32a
sky130_fd_sc_hd__dfxtp_2,_11093_,picorv32a
sky130_fd_sc_hd__dfxtp_2,_11094_,picorv32a
sky130_fd_sc_hd__dfxtp_2,_11095_,picorv32a
sky130_fd_sc_hd__dfxtp_2,_11096_,picorv32a
sky130_fd_sc_hd__dfxtp_2,_11097_,picorv32a
sky130_fd_sc_hd__dfxtp_2,_11098_,picorv32a
sky130_fd_sc_hd__dfxtp_2,_11099_,picorv32a
sky130_fd_sc_hd__dfxtp_2,_11100_,picorv32a
sky130_fd_sc_hd__dfxtp_2,_11101_,picorv32a
sky130_fd_sc_hd__dfxtp_2,_11102_,picorv32a
sky130_fd_sc_hd__dfxtp_2,_11103_,picorv32a
sky130_fd_sc_hd__dfxtp_2,_11104_,picorv32a
sky130_fd_sc_hd__dfxtp_2,_11105_,picorv32a
sky130_fd_sc_hd__dfxtp_2,_11106_,picorv32a
sky130_fd_sc_hd__dfxtp_2,_11107_,picorv32a
sky130_fd_sc_hd__dfxtp_2,_11108_,picorv32a
sky130_fd_sc_hd__dfxtp_2,_11109_,picorv32a
sky130_fd_sc_hd__dfxtp_2,_11110_,picorv32a
sky130_fd_sc_hd__dfxtp_2,_11111_,picorv32a
sky130_fd_sc_hd__dfxtp_2,_11112_,picorv32a
sky130_fd_sc_hd__dfxtp_2,_11113_,picorv32a
sky130_fd_sc_hd__dfxtp_2,_11114_,picorv32a
sky130_fd_sc_hd__dfxtp_2,_11115_,picorv32a
sky130_fd_sc_hd__dfxtp_2,_11116_,picorv32a
sky130_fd_sc_hd__dfxtp_2,_11117_,picorv32a
sky130_fd_sc_hd__dfxtp_2,_11118_,picorv32a
sky130_fd_sc_hd__dfxtp_2,_11119_,picorv32a
sky130_fd_sc_hd__dfxtp_2,_11120_,picorv32a
sky130_fd_sc_hd__dfxtp_2,_11121_,picorv32a
sky130_fd_sc_hd__dfxtp_2,_11122_,picorv32a
sky130_fd_sc_hd__dfxtp_2,_11123_,picorv32a
sky130_fd_sc_hd__dfxtp_2,_11124_,picorv32a
sky130_fd_sc_hd__dfxtp_2,_11125_,picorv32a
sky130_fd_sc_hd__dfxtp_2,_11126_,picorv32a
sky130_fd_sc_hd__dfxtp_2,_11127_,picorv32a
sky130_fd_sc_hd__dfxtp_2,_11128_,picorv32a
sky130_fd_sc_hd__dfxtp_2,_11129_,picorv32a
sky130_fd_sc_hd__dfxtp_2,_11130_,picorv32a
sky130_fd_sc_hd__dfxtp_2,_11131_,picorv32a
sky130_fd_sc_hd__dfxtp_2,_11132_,picorv32a
sky130_fd_sc_hd__dfxtp_2,_11133_,picorv32a
sky130_fd_sc_hd__dfxtp_2,_11134_,picorv32a
sky130_fd_sc_hd__dfxtp_2,_11135_,picorv32a
sky130_fd_sc_hd__dfxtp_2,_11136_,picorv32a
sky130_fd_sc_hd__dfxtp_2,_11137_,picorv32a
sky130_fd_sc_hd__dfxtp_2,_11138_,picorv32a
sky130_fd_sc_hd__dfxtp_2,_11139_,picorv32a
sky130_fd_sc_hd__dfxtp_2,_11140_,picorv32a
sky130_fd_sc_hd__dfxtp_2,_11141_,picorv32a
sky130_fd_sc_hd__dfxtp_2,_11142_,picorv32a
sky130_fd_sc_hd__dfxtp_2,_11143_,picorv32a
sky130_fd_sc_hd__dfxtp_2,_11144_,picorv32a
sky130_fd_sc_hd__dfxtp_2,_11145_,picorv32a
sky130_fd_sc_hd__dfxtp_2,_11146_,picorv32a
sky130_fd_sc_hd__dfxtp_2,_11147_,picorv32a
sky130_fd_sc_hd__dfxtp_2,_11148_,picorv32a
sky130_fd_sc_hd__dfxtp_2,_11149_,picorv32a
sky130_fd_sc_hd__dfxtp_2,_11150_,picorv32a
sky130_fd_sc_hd__dfxtp_2,_11151_,picorv32a
sky130_fd_sc_hd__dfxtp_2,_11152_,picorv32a
sky130_fd_sc_hd__dfxtp_2,_11153_,picorv32a
sky130_fd_sc_hd__dfxtp_2,_11154_,picorv32a
sky130_fd_sc_hd__dfxtp_2,_11155_,picorv32a
sky130_fd_sc_hd__dfxtp_2,_11156_,picorv32a
sky130_fd_sc_hd__dfxtp_2,_11157_,picorv32a
sky130_fd_sc_hd__dfxtp_2,_11158_,picorv32a
sky130_fd_sc_hd__dfxtp_2,_11159_,picorv32a
sky130_fd_sc_hd__dfxtp_2,_11160_,picorv32a
sky130_fd_sc_hd__dfxtp_2,_11161_,picorv32a
sky130_fd_sc_hd__dfxtp_2,_11162_,picorv32a
sky130_fd_sc_hd__dfxtp_2,_11163_,picorv32a
sky130_fd_sc_hd__dfxtp_2,_11164_,picorv32a
sky130_fd_sc_hd__dfxtp_2,_11165_,picorv32a
sky130_fd_sc_hd__dfxtp_2,_11166_,picorv32a
sky130_fd_sc_hd__dfxtp_2,_11167_,picorv32a
sky130_fd_sc_hd__dfxtp_2,_11168_,picorv32a
sky130_fd_sc_hd__dfxtp_2,_11169_,picorv32a
sky130_fd_sc_hd__dfxtp_2,_11170_,picorv32a
sky130_fd_sc_hd__dfxtp_2,_11171_,picorv32a
sky130_fd_sc_hd__dfxtp_2,_11172_,picorv32a
sky130_fd_sc_hd__dfxtp_2,_11173_,picorv32a
sky130_fd_sc_hd__dfxtp_2,_11174_,picorv32a
sky130_fd_sc_hd__dfxtp_2,_11175_,picorv32a
sky130_fd_sc_hd__dfxtp_2,_11176_,picorv32a
sky130_fd_sc_hd__dfxtp_2,_11177_,picorv32a
sky130_fd_sc_hd__dfxtp_2,_11178_,picorv32a
sky130_fd_sc_hd__dfxtp_2,_11179_,picorv32a
sky130_fd_sc_hd__dfxtp_2,_11180_,picorv32a
sky130_fd_sc_hd__dfxtp_2,_11181_,picorv32a
sky130_fd_sc_hd__dfxtp_2,_11182_,picorv32a
sky130_fd_sc_hd__dfxtp_2,_11183_,picorv32a
sky130_fd_sc_hd__dfxtp_2,_11184_,picorv32a
sky130_fd_sc_hd__dfxtp_2,_11185_,picorv32a
sky130_fd_sc_hd__dfxtp_2,_11186_,picorv32a
sky130_fd_sc_hd__dfxtp_2,_11187_,picorv32a
sky130_fd_sc_hd__dfxtp_2,_11188_,picorv32a
sky130_fd_sc_hd__dfxtp_2,_11189_,picorv32a
sky130_fd_sc_hd__dfxtp_2,_11190_,picorv32a
sky130_fd_sc_hd__dfxtp_2,_11191_,picorv32a
sky130_fd_sc_hd__dfxtp_2,_11192_,picorv32a
sky130_fd_sc_hd__dfxtp_2,_11193_,picorv32a
sky130_fd_sc_hd__dfxtp_2,_11194_,picorv32a
sky130_fd_sc_hd__dfxtp_2,_11195_,picorv32a
sky130_fd_sc_hd__dfxtp_2,_11196_,picorv32a
sky130_fd_sc_hd__dfxtp_2,_11197_,picorv32a
sky130_fd_sc_hd__dfxtp_2,_11198_,picorv32a
sky130_fd_sc_hd__dfxtp_2,_11199_,picorv32a
sky130_fd_sc_hd__dfxtp_2,_11200_,picorv32a
sky130_fd_sc_hd__dfxtp_2,_11201_,picorv32a
sky130_fd_sc_hd__dfxtp_2,_11202_,picorv32a
sky130_fd_sc_hd__dfxtp_2,_11203_,picorv32a
sky130_fd_sc_hd__dfxtp_2,_11204_,picorv32a
sky130_fd_sc_hd__dfxtp_2,_11205_,picorv32a
sky130_fd_sc_hd__dfxtp_2,_11206_,picorv32a
sky130_fd_sc_hd__dfxtp_2,_11207_,picorv32a
sky130_fd_sc_hd__dfxtp_2,_11208_,picorv32a
sky130_fd_sc_hd__dfxtp_2,_11209_,picorv32a
sky130_fd_sc_hd__dfxtp_2,_11210_,picorv32a
sky130_fd_sc_hd__dfxtp_2,_11211_,picorv32a
sky130_fd_sc_hd__dfxtp_2,_11212_,picorv32a
sky130_fd_sc_hd__dfxtp_2,_11213_,picorv32a
sky130_fd_sc_hd__dfxtp_2,_11214_,picorv32a
sky130_fd_sc_hd__dfxtp_2,_11215_,picorv32a
sky130_fd_sc_hd__dfxtp_2,_11216_,picorv32a
sky130_fd_sc_hd__dfxtp_2,_11217_,picorv32a
sky130_fd_sc_hd__dfxtp_2,_11218_,picorv32a
sky130_fd_sc_hd__dfxtp_2,_11219_,picorv32a
sky130_fd_sc_hd__dfxtp_2,_11220_,picorv32a
sky130_fd_sc_hd__dfxtp_2,_11221_,picorv32a
sky130_fd_sc_hd__dfxtp_2,_11222_,picorv32a
sky130_fd_sc_hd__dfxtp_2,_11223_,picorv32a
sky130_fd_sc_hd__dfxtp_2,_11224_,picorv32a
sky130_fd_sc_hd__dfxtp_2,_11225_,picorv32a
sky130_fd_sc_hd__dfxtp_2,_11226_,picorv32a
sky130_fd_sc_hd__dfxtp_2,_11227_,picorv32a
sky130_fd_sc_hd__dfxtp_2,_11228_,picorv32a
sky130_fd_sc_hd__dfxtp_2,_11229_,picorv32a
sky130_fd_sc_hd__dfxtp_2,_11230_,picorv32a
sky130_fd_sc_hd__dfxtp_2,_11231_,picorv32a
sky130_fd_sc_hd__dfxtp_2,_11232_,picorv32a
sky130_fd_sc_hd__dfxtp_2,_11233_,picorv32a
sky130_fd_sc_hd__dfxtp_2,_11234_,picorv32a
sky130_fd_sc_hd__dfxtp_2,_11235_,picorv32a
sky130_fd_sc_hd__dfxtp_2,_11236_,picorv32a
sky130_fd_sc_hd__dfxtp_2,_11237_,picorv32a
sky130_fd_sc_hd__dfxtp_2,_11238_,picorv32a
sky130_fd_sc_hd__dfxtp_2,_11239_,picorv32a
sky130_fd_sc_hd__dfxtp_2,_11240_,picorv32a
sky130_fd_sc_hd__dfxtp_2,_11241_,picorv32a
sky130_fd_sc_hd__dfxtp_2,_11242_,picorv32a
sky130_fd_sc_hd__dfxtp_2,_11243_,picorv32a
sky130_fd_sc_hd__dfxtp_2,_11244_,picorv32a
sky130_fd_sc_hd__dfxtp_2,_11245_,picorv32a
sky130_fd_sc_hd__dfxtp_2,_11246_,picorv32a
sky130_fd_sc_hd__dfxtp_2,_11247_,picorv32a
sky130_fd_sc_hd__dfxtp_2,_11248_,picorv32a
sky130_fd_sc_hd__dfxtp_2,_11249_,picorv32a
sky130_fd_sc_hd__dfxtp_2,_11250_,picorv32a
sky130_fd_sc_hd__dfxtp_2,_11251_,picorv32a
sky130_fd_sc_hd__dfxtp_2,_11252_,picorv32a
sky130_fd_sc_hd__dfxtp_2,_11253_,picorv32a
sky130_fd_sc_hd__dfxtp_2,_11254_,picorv32a
sky130_fd_sc_hd__dfxtp_2,_11255_,picorv32a
sky130_fd_sc_hd__dfxtp_2,_11256_,picorv32a
sky130_fd_sc_hd__dfxtp_2,_11257_,picorv32a
sky130_fd_sc_hd__dfxtp_2,_11258_,picorv32a
sky130_fd_sc_hd__dfxtp_2,_11259_,picorv32a
sky130_fd_sc_hd__dfxtp_2,_11260_,picorv32a
sky130_fd_sc_hd__dfxtp_2,_11261_,picorv32a
sky130_fd_sc_hd__dfxtp_2,_11262_,picorv32a
sky130_fd_sc_hd__dfxtp_2,_11263_,picorv32a
sky130_fd_sc_hd__dfxtp_2,_11264_,picorv32a
sky130_fd_sc_hd__dfxtp_2,_11265_,picorv32a
sky130_fd_sc_hd__dfxtp_2,_11266_,picorv32a
sky130_fd_sc_hd__dfxtp_2,_11267_,picorv32a
sky130_fd_sc_hd__dfxtp_2,_11268_,picorv32a
sky130_fd_sc_hd__dfxtp_2,_11269_,picorv32a
sky130_fd_sc_hd__dfxtp_2,_11270_,picorv32a
sky130_fd_sc_hd__dfxtp_2,_11271_,picorv32a
sky130_fd_sc_hd__dfxtp_2,_11272_,picorv32a
sky130_fd_sc_hd__dfxtp_2,_11273_,picorv32a
sky130_fd_sc_hd__dfxtp_2,_11274_,picorv32a
sky130_fd_sc_hd__dfxtp_2,_11275_,picorv32a
sky130_fd_sc_hd__dfxtp_2,_11276_,picorv32a
sky130_fd_sc_hd__dfxtp_2,_11277_,picorv32a
sky130_fd_sc_hd__dfxtp_2,_11278_,picorv32a
sky130_fd_sc_hd__dfxtp_2,_11279_,picorv32a
sky130_fd_sc_hd__dfxtp_2,_11280_,picorv32a
sky130_fd_sc_hd__dfxtp_2,_11281_,picorv32a
sky130_fd_sc_hd__dfxtp_2,_11282_,picorv32a
sky130_fd_sc_hd__dfxtp_2,_11283_,picorv32a
sky130_fd_sc_hd__dfxtp_2,_11284_,picorv32a
sky130_fd_sc_hd__dfxtp_2,_11285_,picorv32a
sky130_fd_sc_hd__dfxtp_2,_11286_,picorv32a
sky130_fd_sc_hd__dfxtp_2,_11287_,picorv32a
sky130_fd_sc_hd__dfxtp_2,_11288_,picorv32a
sky130_fd_sc_hd__dfxtp_2,_11289_,picorv32a
sky130_fd_sc_hd__dfxtp_2,_11290_,picorv32a
sky130_fd_sc_hd__dfxtp_2,_11291_,picorv32a
sky130_fd_sc_hd__dfxtp_2,_11292_,picorv32a
sky130_fd_sc_hd__dfxtp_2,_11293_,picorv32a
sky130_fd_sc_hd__dfxtp_2,_11294_,picorv32a
sky130_fd_sc_hd__dfxtp_2,_11295_,picorv32a
sky130_fd_sc_hd__dfxtp_2,_11296_,picorv32a
sky130_fd_sc_hd__dfxtp_2,_11297_,picorv32a
sky130_fd_sc_hd__dfxtp_2,_11298_,picorv32a
sky130_fd_sc_hd__dfxtp_2,_11299_,picorv32a
sky130_fd_sc_hd__dfxtp_2,_11300_,picorv32a
sky130_fd_sc_hd__dfxtp_2,_11301_,picorv32a
sky130_fd_sc_hd__dfxtp_2,_11302_,picorv32a
sky130_fd_sc_hd__dfxtp_2,_11303_,picorv32a
sky130_fd_sc_hd__dfxtp_2,_11304_,picorv32a
sky130_fd_sc_hd__dfxtp_2,_11305_,picorv32a
sky130_fd_sc_hd__dfxtp_2,_11306_,picorv32a
sky130_fd_sc_hd__dfxtp_2,_11307_,picorv32a
sky130_fd_sc_hd__dfxtp_2,_11308_,picorv32a
sky130_fd_sc_hd__dfxtp_2,_11309_,picorv32a
sky130_fd_sc_hd__dfxtp_2,_11310_,picorv32a
sky130_fd_sc_hd__dfxtp_2,_11311_,picorv32a
sky130_fd_sc_hd__dfxtp_2,_11312_,picorv32a
sky130_fd_sc_hd__dfxtp_2,_11313_,picorv32a
sky130_fd_sc_hd__dfxtp_2,_11314_,picorv32a
sky130_fd_sc_hd__dfxtp_2,_11315_,picorv32a
sky130_fd_sc_hd__dfxtp_2,_11316_,picorv32a
sky130_fd_sc_hd__dfxtp_2,_11317_,picorv32a
sky130_fd_sc_hd__dfxtp_2,_11318_,picorv32a
sky130_fd_sc_hd__dfxtp_2,_11319_,picorv32a
sky130_fd_sc_hd__dfxtp_2,_11320_,picorv32a
sky130_fd_sc_hd__dfxtp_2,_11321_,picorv32a
sky130_fd_sc_hd__dfxtp_2,_11322_,picorv32a
sky130_fd_sc_hd__dfxtp_2,_11323_,picorv32a
sky130_fd_sc_hd__dfxtp_2,_11324_,picorv32a
sky130_fd_sc_hd__dfxtp_2,_11325_,picorv32a
sky130_fd_sc_hd__dfxtp_2,_11326_,picorv32a
sky130_fd_sc_hd__dfxtp_2,_11327_,picorv32a
sky130_fd_sc_hd__dfxtp_2,_11328_,picorv32a
sky130_fd_sc_hd__dfxtp_2,_11329_,picorv32a
sky130_fd_sc_hd__dfxtp_2,_11330_,picorv32a
sky130_fd_sc_hd__dfxtp_2,_11331_,picorv32a
sky130_fd_sc_hd__dfxtp_2,_11332_,picorv32a
sky130_fd_sc_hd__dfxtp_2,_11333_,picorv32a
sky130_fd_sc_hd__dfxtp_2,_11334_,picorv32a
sky130_fd_sc_hd__dfxtp_2,_11335_,picorv32a
sky130_fd_sc_hd__dfxtp_2,_11336_,picorv32a
sky130_fd_sc_hd__dfxtp_2,_11337_,picorv32a
sky130_fd_sc_hd__dfxtp_2,_11338_,picorv32a
sky130_fd_sc_hd__dfxtp_2,_11339_,picorv32a
sky130_fd_sc_hd__dfxtp_2,_11340_,picorv32a
sky130_fd_sc_hd__dfxtp_2,_11341_,picorv32a
sky130_fd_sc_hd__dfxtp_2,_11342_,picorv32a
sky130_fd_sc_hd__dfxtp_2,_11343_,picorv32a
sky130_fd_sc_hd__dfxtp_2,_11344_,picorv32a
sky130_fd_sc_hd__dfxtp_2,_11345_,picorv32a
sky130_fd_sc_hd__dfxtp_2,_11346_,picorv32a
sky130_fd_sc_hd__dfxtp_2,_11347_,picorv32a
sky130_fd_sc_hd__dfxtp_2,_11348_,picorv32a
sky130_fd_sc_hd__dfxtp_2,_11349_,picorv32a
sky130_fd_sc_hd__dfxtp_2,_11350_,picorv32a
sky130_fd_sc_hd__dfxtp_2,_11351_,picorv32a
sky130_fd_sc_hd__dfxtp_2,_11352_,picorv32a
sky130_fd_sc_hd__dfxtp_2,_11353_,picorv32a
sky130_fd_sc_hd__dfxtp_2,_11354_,picorv32a
sky130_fd_sc_hd__dfxtp_2,_11355_,picorv32a
sky130_fd_sc_hd__dfxtp_2,_11356_,picorv32a
sky130_fd_sc_hd__dfxtp_2,_11357_,picorv32a
sky130_fd_sc_hd__dfxtp_2,_11358_,picorv32a
sky130_fd_sc_hd__dfxtp_2,_11359_,picorv32a
sky130_fd_sc_hd__dfxtp_2,_11360_,picorv32a
sky130_fd_sc_hd__dfxtp_2,_11361_,picorv32a
sky130_fd_sc_hd__dfxtp_2,_11362_,picorv32a
sky130_fd_sc_hd__dfxtp_2,_11363_,picorv32a
sky130_fd_sc_hd__dfxtp_2,_11364_,picorv32a
sky130_fd_sc_hd__dfxtp_2,_11365_,picorv32a
sky130_fd_sc_hd__dfxtp_2,_11366_,picorv32a
sky130_fd_sc_hd__dfxtp_2,_11367_,picorv32a
sky130_fd_sc_hd__dfxtp_2,_11368_,picorv32a
sky130_fd_sc_hd__dfxtp_2,_11369_,picorv32a
sky130_fd_sc_hd__dfxtp_2,_11370_,picorv32a
sky130_fd_sc_hd__dfxtp_2,_11371_,picorv32a
sky130_fd_sc_hd__dfxtp_2,_11372_,picorv32a
sky130_fd_sc_hd__dfxtp_2,_11373_,picorv32a
sky130_fd_sc_hd__dfxtp_2,_11374_,picorv32a
sky130_fd_sc_hd__dfxtp_2,_11375_,picorv32a
sky130_fd_sc_hd__dfxtp_2,_11376_,picorv32a
sky130_fd_sc_hd__dfxtp_2,_11377_,picorv32a
sky130_fd_sc_hd__dfxtp_2,_11378_,picorv32a
sky130_fd_sc_hd__dfxtp_2,_11379_,picorv32a
sky130_fd_sc_hd__dfxtp_2,_11380_,picorv32a
sky130_fd_sc_hd__dfxtp_2,_11381_,picorv32a
sky130_fd_sc_hd__dfxtp_2,_11382_,picorv32a
sky130_fd_sc_hd__dfxtp_2,_11383_,picorv32a
sky130_fd_sc_hd__dfxtp_2,_11384_,picorv32a
sky130_fd_sc_hd__dfxtp_2,_11385_,picorv32a
sky130_fd_sc_hd__dfxtp_2,_11386_,picorv32a
sky130_fd_sc_hd__dfxtp_2,_11387_,picorv32a
sky130_fd_sc_hd__dfxtp_2,_11388_,picorv32a
sky130_fd_sc_hd__dfxtp_2,_11389_,picorv32a
sky130_fd_sc_hd__dfxtp_2,_11390_,picorv32a
sky130_fd_sc_hd__dfxtp_2,_11391_,picorv32a
sky130_fd_sc_hd__dfxtp_2,_11392_,picorv32a
sky130_fd_sc_hd__dfxtp_2,_11393_,picorv32a
sky130_fd_sc_hd__dfxtp_2,_11394_,picorv32a
sky130_fd_sc_hd__dfxtp_2,_11395_,picorv32a
sky130_fd_sc_hd__dfxtp_2,_11396_,picorv32a
sky130_fd_sc_hd__dfxtp_2,_11397_,picorv32a
sky130_fd_sc_hd__dfxtp_2,_11398_,picorv32a
sky130_fd_sc_hd__dfxtp_2,_11399_,picorv32a
sky130_fd_sc_hd__dfxtp_2,_11400_,picorv32a
sky130_fd_sc_hd__dfxtp_2,_11401_,picorv32a
sky130_fd_sc_hd__dfxtp_2,_11402_,picorv32a
sky130_fd_sc_hd__dfxtp_2,_11403_,picorv32a
sky130_fd_sc_hd__dfxtp_2,_11404_,picorv32a
sky130_fd_sc_hd__dfxtp_2,_11405_,picorv32a
sky130_fd_sc_hd__dfxtp_2,_11406_,picorv32a
sky130_fd_sc_hd__dfxtp_2,_11407_,picorv32a
sky130_fd_sc_hd__dfxtp_2,_11408_,picorv32a
sky130_fd_sc_hd__dfxtp_2,_11409_,picorv32a
sky130_fd_sc_hd__dfxtp_2,_11410_,picorv32a
sky130_fd_sc_hd__dfxtp_2,_11411_,picorv32a
sky130_fd_sc_hd__dfxtp_2,_11412_,picorv32a
sky130_fd_sc_hd__dfxtp_2,_11413_,picorv32a
sky130_fd_sc_hd__dfxtp_2,_11414_,picorv32a
sky130_fd_sc_hd__dfxtp_2,_11415_,picorv32a
sky130_fd_sc_hd__dfxtp_2,_11416_,picorv32a
sky130_fd_sc_hd__dfxtp_2,_11417_,picorv32a
sky130_fd_sc_hd__dfxtp_2,_11418_,picorv32a
sky130_fd_sc_hd__dfxtp_2,_11419_,picorv32a
sky130_fd_sc_hd__dfxtp_2,_11420_,picorv32a
sky130_fd_sc_hd__dfxtp_2,_11421_,picorv32a
sky130_fd_sc_hd__dfxtp_2,_11422_,picorv32a
sky130_fd_sc_hd__dfxtp_2,_11423_,picorv32a
sky130_fd_sc_hd__dfxtp_2,_11424_,picorv32a
sky130_fd_sc_hd__dfxtp_2,_11425_,picorv32a
sky130_fd_sc_hd__dfxtp_2,_11426_,picorv32a
sky130_fd_sc_hd__dfxtp_2,_11427_,picorv32a
sky130_fd_sc_hd__dfxtp_2,_11428_,picorv32a
sky130_fd_sc_hd__dfxtp_2,_11429_,picorv32a
sky130_fd_sc_hd__dfxtp_2,_11430_,picorv32a
sky130_fd_sc_hd__dfxtp_2,_11431_,picorv32a
sky130_fd_sc_hd__dfxtp_2,_11432_,picorv32a
sky130_fd_sc_hd__dfxtp_2,_11433_,picorv32a
sky130_fd_sc_hd__dfxtp_2,_11434_,picorv32a
sky130_fd_sc_hd__dfxtp_2,_11435_,picorv32a
sky130_fd_sc_hd__dfxtp_2,_11436_,picorv32a
sky130_fd_sc_hd__dfxtp_2,_11437_,picorv32a
sky130_fd_sc_hd__dfxtp_2,_11438_,picorv32a
sky130_fd_sc_hd__dfxtp_2,_11439_,picorv32a
sky130_fd_sc_hd__dfxtp_2,_11440_,picorv32a
sky130_fd_sc_hd__dfxtp_2,_11441_,picorv32a
sky130_fd_sc_hd__dfxtp_2,_11442_,picorv32a
sky130_fd_sc_hd__dfxtp_2,_11443_,picorv32a
sky130_fd_sc_hd__dfxtp_2,_11444_,picorv32a
sky130_fd_sc_hd__dfxtp_2,_11445_,picorv32a
sky130_fd_sc_hd__dfxtp_2,_11446_,picorv32a
sky130_fd_sc_hd__dfxtp_2,_11447_,picorv32a
sky130_fd_sc_hd__dfxtp_2,_11448_,picorv32a
sky130_fd_sc_hd__dfxtp_2,_11449_,picorv32a
sky130_fd_sc_hd__dfxtp_2,_11450_,picorv32a
sky130_fd_sc_hd__dfxtp_2,_11451_,picorv32a
sky130_fd_sc_hd__dfxtp_2,_11452_,picorv32a
sky130_fd_sc_hd__dfxtp_2,_11453_,picorv32a
sky130_fd_sc_hd__dfxtp_2,_11454_,picorv32a
sky130_fd_sc_hd__dfxtp_2,_11455_,picorv32a
sky130_fd_sc_hd__dfxtp_2,_11456_,picorv32a
sky130_fd_sc_hd__dfxtp_2,_11457_,picorv32a
sky130_fd_sc_hd__dfxtp_2,_11458_,picorv32a
sky130_fd_sc_hd__dfxtp_2,_11459_,picorv32a
sky130_fd_sc_hd__dfxtp_2,_11460_,picorv32a
sky130_fd_sc_hd__dfxtp_2,_11461_,picorv32a
sky130_fd_sc_hd__dfxtp_2,_11462_,picorv32a
sky130_fd_sc_hd__dfxtp_2,_11463_,picorv32a
sky130_fd_sc_hd__dfxtp_2,_11464_,picorv32a
sky130_fd_sc_hd__dfxtp_2,_11465_,picorv32a
sky130_fd_sc_hd__dfxtp_2,_11466_,picorv32a
sky130_fd_sc_hd__dfxtp_2,_11467_,picorv32a
sky130_fd_sc_hd__dfxtp_2,_11468_,picorv32a
sky130_fd_sc_hd__dfxtp_2,_11469_,picorv32a
sky130_fd_sc_hd__dfxtp_2,_11470_,picorv32a
sky130_fd_sc_hd__dfxtp_2,_11471_,picorv32a
sky130_fd_sc_hd__dfxtp_2,_11472_,picorv32a
sky130_fd_sc_hd__dfxtp_2,_11473_,picorv32a
sky130_fd_sc_hd__dfxtp_2,_11474_,picorv32a
sky130_fd_sc_hd__dfxtp_2,_11475_,picorv32a
sky130_fd_sc_hd__dfxtp_2,_11476_,picorv32a
sky130_fd_sc_hd__dfxtp_2,_11477_,picorv32a
sky130_fd_sc_hd__dfxtp_2,_11478_,picorv32a
sky130_fd_sc_hd__dfxtp_2,_11479_,picorv32a
sky130_fd_sc_hd__dfxtp_2,_11480_,picorv32a
sky130_fd_sc_hd__dfxtp_2,_11481_,picorv32a
sky130_fd_sc_hd__dfxtp_2,_11482_,picorv32a
sky130_fd_sc_hd__dfxtp_2,_11483_,picorv32a
sky130_fd_sc_hd__dfxtp_2,_11484_,picorv32a
sky130_fd_sc_hd__dfxtp_2,_11485_,picorv32a
sky130_fd_sc_hd__dfxtp_2,_11486_,picorv32a
sky130_fd_sc_hd__dfxtp_2,_11487_,picorv32a
sky130_fd_sc_hd__dfxtp_2,_11488_,picorv32a
sky130_fd_sc_hd__dfxtp_2,_11489_,picorv32a
sky130_fd_sc_hd__dfxtp_2,_11490_,picorv32a
sky130_fd_sc_hd__dfxtp_2,_11491_,picorv32a
sky130_fd_sc_hd__dfxtp_2,_11492_,picorv32a
sky130_fd_sc_hd__dfxtp_2,_11493_,picorv32a
sky130_fd_sc_hd__dfxtp_2,_11494_,picorv32a
sky130_fd_sc_hd__dfxtp_2,_11495_,picorv32a
sky130_fd_sc_hd__dfxtp_2,_11496_,picorv32a
sky130_fd_sc_hd__dfxtp_2,_11497_,picorv32a
sky130_fd_sc_hd__dfxtp_2,_11498_,picorv32a
sky130_fd_sc_hd__dfxtp_2,_11499_,picorv32a
sky130_fd_sc_hd__dfxtp_2,_11500_,picorv32a
sky130_fd_sc_hd__dfxtp_2,_11501_,picorv32a
sky130_fd_sc_hd__dfxtp_2,_11502_,picorv32a
sky130_fd_sc_hd__dfxtp_2,_11503_,picorv32a
sky130_fd_sc_hd__dfxtp_2,_11504_,picorv32a
sky130_fd_sc_hd__dfxtp_2,_11505_,picorv32a
sky130_fd_sc_hd__dfxtp_2,_11506_,picorv32a
sky130_fd_sc_hd__dfxtp_2,_11507_,picorv32a
sky130_fd_sc_hd__dfxtp_2,_11508_,picorv32a
sky130_fd_sc_hd__dfxtp_2,_11509_,picorv32a
sky130_fd_sc_hd__dfxtp_2,_11510_,picorv32a
sky130_fd_sc_hd__dfxtp_2,_11511_,picorv32a
sky130_fd_sc_hd__dfxtp_2,_11512_,picorv32a
sky130_fd_sc_hd__dfxtp_2,_11513_,picorv32a
sky130_fd_sc_hd__dfxtp_2,_11514_,picorv32a
sky130_fd_sc_hd__dfxtp_2,_11515_,picorv32a
sky130_fd_sc_hd__dfxtp_2,_11516_,picorv32a
sky130_fd_sc_hd__dfxtp_2,_11517_,picorv32a
sky130_fd_sc_hd__dfxtp_2,_11518_,picorv32a
sky130_fd_sc_hd__dfxtp_2,_11519_,picorv32a
sky130_fd_sc_hd__dfxtp_2,_11520_,picorv32a
sky130_fd_sc_hd__dfxtp_2,_11521_,picorv32a
sky130_fd_sc_hd__dfxtp_2,_11522_,picorv32a
sky130_fd_sc_hd__dfxtp_2,_11523_,picorv32a
sky130_fd_sc_hd__dfxtp_2,_11524_,picorv32a
sky130_fd_sc_hd__dfxtp_2,_11525_,picorv32a
sky130_fd_sc_hd__dfxtp_2,_11526_,picorv32a
sky130_fd_sc_hd__dfxtp_2,_11527_,picorv32a
sky130_fd_sc_hd__dfxtp_2,_11528_,picorv32a
sky130_fd_sc_hd__dfxtp_2,_11529_,picorv32a
sky130_fd_sc_hd__dfxtp_2,_11530_,picorv32a
sky130_fd_sc_hd__dfxtp_2,_11531_,picorv32a
sky130_fd_sc_hd__dfxtp_2,_11532_,picorv32a
sky130_fd_sc_hd__dfxtp_2,_11533_,picorv32a
sky130_fd_sc_hd__dfxtp_2,_11534_,picorv32a
sky130_fd_sc_hd__dfxtp_2,_11535_,picorv32a
sky130_fd_sc_hd__dfxtp_2,_11536_,picorv32a
sky130_fd_sc_hd__dfxtp_2,_11537_,picorv32a
sky130_fd_sc_hd__dfxtp_2,_11538_,picorv32a
sky130_fd_sc_hd__dfxtp_2,_11539_,picorv32a
sky130_fd_sc_hd__dfxtp_2,_11540_,picorv32a
sky130_fd_sc_hd__dfxtp_2,_11541_,picorv32a
sky130_fd_sc_hd__dfxtp_2,_11542_,picorv32a
sky130_fd_sc_hd__dfxtp_2,_11543_,picorv32a
sky130_fd_sc_hd__dfxtp_2,_11544_,picorv32a
sky130_fd_sc_hd__dfxtp_2,_11545_,picorv32a
sky130_fd_sc_hd__dfxtp_2,_11546_,picorv32a
sky130_fd_sc_hd__dfxtp_2,_11547_,picorv32a
sky130_fd_sc_hd__dfxtp_2,_11548_,picorv32a
sky130_fd_sc_hd__dfxtp_2,_11549_,picorv32a
sky130_fd_sc_hd__dfxtp_2,_11550_,picorv32a
sky130_fd_sc_hd__dfxtp_2,_11551_,picorv32a
sky130_fd_sc_hd__dfxtp_2,_11552_,picorv32a
sky130_fd_sc_hd__dfxtp_2,_11553_,picorv32a
sky130_fd_sc_hd__dfxtp_2,_11554_,picorv32a
sky130_fd_sc_hd__dfxtp_2,_11555_,picorv32a
sky130_fd_sc_hd__dfxtp_2,_11556_,picorv32a
sky130_fd_sc_hd__dfxtp_2,_11557_,picorv32a
sky130_fd_sc_hd__dfxtp_2,_11558_,picorv32a
sky130_fd_sc_hd__dfxtp_2,_11559_,picorv32a
sky130_fd_sc_hd__dfxtp_2,_11560_,picorv32a
sky130_fd_sc_hd__dfxtp_2,_11561_,picorv32a
sky130_fd_sc_hd__dfxtp_2,_11562_,picorv32a
sky130_fd_sc_hd__dfxtp_2,_11563_,picorv32a
sky130_fd_sc_hd__dfxtp_2,_11564_,picorv32a
sky130_fd_sc_hd__dfxtp_2,_11565_,picorv32a
sky130_fd_sc_hd__dfxtp_2,_11566_,picorv32a
sky130_fd_sc_hd__dfxtp_2,_11567_,picorv32a
sky130_fd_sc_hd__dfxtp_2,_11568_,picorv32a
sky130_fd_sc_hd__dfxtp_2,_11569_,picorv32a
sky130_fd_sc_hd__dfxtp_2,_11570_,picorv32a
sky130_fd_sc_hd__dfxtp_2,_11571_,picorv32a
sky130_fd_sc_hd__dfxtp_2,_11572_,picorv32a
sky130_fd_sc_hd__dfxtp_2,_11573_,picorv32a
sky130_fd_sc_hd__dfxtp_2,_11574_,picorv32a
sky130_fd_sc_hd__dfxtp_2,_11575_,picorv32a
sky130_fd_sc_hd__dfxtp_2,_11576_,picorv32a
sky130_fd_sc_hd__dfxtp_2,_11577_,picorv32a
sky130_fd_sc_hd__dfxtp_2,_11578_,picorv32a
sky130_fd_sc_hd__dfxtp_2,_11579_,picorv32a
sky130_fd_sc_hd__dfxtp_2,_11580_,picorv32a
sky130_fd_sc_hd__dfxtp_2,_11581_,picorv32a
sky130_fd_sc_hd__dfxtp_2,_11582_,picorv32a
sky130_fd_sc_hd__dfxtp_2,_11583_,picorv32a
sky130_fd_sc_hd__dfxtp_2,_11584_,picorv32a
sky130_fd_sc_hd__dfxtp_2,_11585_,picorv32a
sky130_fd_sc_hd__dfxtp_2,_11586_,picorv32a
sky130_fd_sc_hd__dfxtp_2,_11587_,picorv32a
sky130_fd_sc_hd__dfxtp_2,_11588_,picorv32a
sky130_fd_sc_hd__dfxtp_2,_11589_,picorv32a
sky130_fd_sc_hd__dfxtp_2,_11590_,picorv32a
sky130_fd_sc_hd__dfxtp_2,_11591_,picorv32a
sky130_fd_sc_hd__dfxtp_2,_11592_,picorv32a
sky130_fd_sc_hd__dfxtp_2,_11593_,picorv32a
sky130_fd_sc_hd__dfxtp_2,_11594_,picorv32a
sky130_fd_sc_hd__dfxtp_2,_11595_,picorv32a
sky130_fd_sc_hd__dfxtp_2,_11596_,picorv32a
sky130_fd_sc_hd__dfxtp_2,_11597_,picorv32a
sky130_fd_sc_hd__dfxtp_2,_11598_,picorv32a
sky130_fd_sc_hd__dfxtp_2,_11599_,picorv32a
sky130_fd_sc_hd__dfxtp_2,_11600_,picorv32a
sky130_fd_sc_hd__dfxtp_2,_11601_,picorv32a
sky130_fd_sc_hd__dfxtp_2,_11602_,picorv32a
sky130_fd_sc_hd__dfxtp_2,_11603_,picorv32a
sky130_fd_sc_hd__dfxtp_2,_11604_,picorv32a
sky130_fd_sc_hd__dfxtp_2,_11605_,picorv32a
sky130_fd_sc_hd__dfxtp_2,_11606_,picorv32a
sky130_fd_sc_hd__dfxtp_2,_11607_,picorv32a
sky130_fd_sc_hd__dfxtp_2,_11608_,picorv32a
sky130_fd_sc_hd__dfxtp_2,_11609_,picorv32a
sky130_fd_sc_hd__dfxtp_2,_11610_,picorv32a
sky130_fd_sc_hd__dfxtp_2,_11611_,picorv32a
sky130_fd_sc_hd__dfxtp_2,_11612_,picorv32a
sky130_fd_sc_hd__dfxtp_2,_11613_,picorv32a
sky130_fd_sc_hd__dfxtp_2,_11614_,picorv32a
sky130_fd_sc_hd__dfxtp_2,_11615_,picorv32a
sky130_fd_sc_hd__dfxtp_2,_11616_,picorv32a
sky130_fd_sc_hd__dfxtp_2,_11617_,picorv32a
sky130_fd_sc_hd__dfxtp_2,_11618_,picorv32a
sky130_fd_sc_hd__dfxtp_2,_11619_,picorv32a
sky130_fd_sc_hd__dfxtp_2,_11620_,picorv32a
sky130_fd_sc_hd__dfxtp_2,_11621_,picorv32a
sky130_fd_sc_hd__dfxtp_2,_11622_,picorv32a
sky130_fd_sc_hd__dfxtp_2,_11623_,picorv32a
sky130_fd_sc_hd__dfxtp_2,_11624_,picorv32a
sky130_fd_sc_hd__dfxtp_2,_11625_,picorv32a
sky130_fd_sc_hd__dfxtp_2,_11626_,picorv32a
sky130_fd_sc_hd__dfxtp_2,_11627_,picorv32a
sky130_fd_sc_hd__dfxtp_2,_11628_,picorv32a
sky130_fd_sc_hd__dfxtp_2,_11629_,picorv32a
sky130_fd_sc_hd__dfxtp_2,_11630_,picorv32a
sky130_fd_sc_hd__dfxtp_2,_11631_,picorv32a
sky130_fd_sc_hd__dfxtp_2,_11632_,picorv32a
sky130_fd_sc_hd__dfxtp_2,_11633_,picorv32a
sky130_fd_sc_hd__dfxtp_2,_11634_,picorv32a
sky130_fd_sc_hd__dfxtp_2,_11635_,picorv32a
sky130_fd_sc_hd__dfxtp_2,_11636_,picorv32a
sky130_fd_sc_hd__dfxtp_2,_11637_,picorv32a
sky130_fd_sc_hd__dfxtp_2,_11638_,picorv32a
sky130_fd_sc_hd__dfxtp_2,_11639_,picorv32a
sky130_fd_sc_hd__dfxtp_2,_11640_,picorv32a
sky130_fd_sc_hd__dfxtp_2,_11641_,picorv32a
sky130_fd_sc_hd__dfxtp_2,_11642_,picorv32a
sky130_fd_sc_hd__dfxtp_2,_11643_,picorv32a
sky130_fd_sc_hd__dfxtp_2,_11644_,picorv32a
sky130_fd_sc_hd__dfxtp_2,_11645_,picorv32a
sky130_fd_sc_hd__dfxtp_2,_11646_,picorv32a
sky130_fd_sc_hd__dfxtp_2,_11647_,picorv32a
sky130_fd_sc_hd__dfxtp_2,_11648_,picorv32a
sky130_fd_sc_hd__dfxtp_2,_11649_,picorv32a
sky130_fd_sc_hd__dfxtp_2,_11650_,picorv32a
sky130_fd_sc_hd__dfxtp_2,_11651_,picorv32a
sky130_fd_sc_hd__dfxtp_2,_11652_,picorv32a
sky130_fd_sc_hd__dfxtp_2,_11653_,picorv32a
sky130_fd_sc_hd__dfxtp_2,_11654_,picorv32a
sky130_fd_sc_hd__dfxtp_2,_11655_,picorv32a
sky130_fd_sc_hd__dfxtp_2,_11656_,picorv32a
sky130_fd_sc_hd__dfxtp_2,_11657_,picorv32a
sky130_fd_sc_hd__dfxtp_2,_11658_,picorv32a
sky130_fd_sc_hd__dfxtp_2,_11659_,picorv32a
sky130_fd_sc_hd__dfxtp_2,_11660_,picorv32a
sky130_fd_sc_hd__dfxtp_2,_11661_,picorv32a
sky130_fd_sc_hd__dfxtp_2,_11662_,picorv32a
sky130_fd_sc_hd__dfxtp_2,_11663_,picorv32a
sky130_fd_sc_hd__dfxtp_2,_11664_,picorv32a
sky130_fd_sc_hd__dfxtp_2,_11665_,picorv32a
sky130_fd_sc_hd__dfxtp_2,_11666_,picorv32a
sky130_fd_sc_hd__dfxtp_2,_11667_,picorv32a
sky130_fd_sc_hd__dfxtp_2,_11668_,picorv32a
sky130_fd_sc_hd__dfxtp_2,_11669_,picorv32a
sky130_fd_sc_hd__dfxtp_2,_11670_,picorv32a
sky130_fd_sc_hd__dfxtp_2,_11671_,picorv32a
sky130_fd_sc_hd__dfxtp_2,_11672_,picorv32a
sky130_fd_sc_hd__dfxtp_2,_11673_,picorv32a
sky130_fd_sc_hd__dfxtp_2,_11674_,picorv32a
sky130_fd_sc_hd__dfxtp_2,_11675_,picorv32a
sky130_fd_sc_hd__dfxtp_2,_11676_,picorv32a
sky130_fd_sc_hd__dfxtp_2,_11677_,picorv32a
sky130_fd_sc_hd__dfxtp_2,_11678_,picorv32a
sky130_fd_sc_hd__dfxtp_2,_11679_,picorv32a
sky130_fd_sc_hd__dfxtp_2,_11680_,picorv32a
sky130_fd_sc_hd__dfxtp_2,_11681_,picorv32a
sky130_fd_sc_hd__dfxtp_2,_11682_,picorv32a
sky130_fd_sc_hd__dfxtp_2,_11683_,picorv32a
sky130_fd_sc_hd__dfxtp_2,_11684_,picorv32a
sky130_fd_sc_hd__dfxtp_2,_11685_,picorv32a
sky130_fd_sc_hd__dfxtp_2,_11686_,picorv32a
sky130_fd_sc_hd__dfxtp_2,_11687_,picorv32a
sky130_fd_sc_hd__dfxtp_2,_11688_,picorv32a
sky130_fd_sc_hd__dfxtp_2,_11689_,picorv32a
sky130_fd_sc_hd__dfxtp_2,_11690_,picorv32a
sky130_fd_sc_hd__dfxtp_2,_11691_,picorv32a
sky130_fd_sc_hd__dfxtp_2,_11692_,picorv32a
sky130_fd_sc_hd__dfxtp_2,_11693_,picorv32a
sky130_fd_sc_hd__dfxtp_2,_11694_,picorv32a
sky130_fd_sc_hd__dfxtp_2,_11695_,picorv32a
sky130_fd_sc_hd__dfxtp_2,_11696_,picorv32a
sky130_fd_sc_hd__dfxtp_2,_11697_,picorv32a
sky130_fd_sc_hd__dfxtp_2,_11698_,picorv32a
sky130_fd_sc_hd__dfxtp_2,_11699_,picorv32a
sky130_fd_sc_hd__dfxtp_2,_11700_,picorv32a
sky130_fd_sc_hd__dfxtp_2,_11701_,picorv32a
sky130_fd_sc_hd__dfxtp_2,_11702_,picorv32a
sky130_fd_sc_hd__dfxtp_2,_11703_,picorv32a
sky130_fd_sc_hd__dfxtp_2,_11704_,picorv32a
sky130_fd_sc_hd__dfxtp_2,_11705_,picorv32a
sky130_fd_sc_hd__dfxtp_2,_11706_,picorv32a
sky130_fd_sc_hd__dfxtp_2,_11707_,picorv32a
sky130_fd_sc_hd__dfxtp_2,_11708_,picorv32a
sky130_fd_sc_hd__dfxtp_2,_11709_,picorv32a
sky130_fd_sc_hd__dfxtp_2,_11710_,picorv32a
sky130_fd_sc_hd__dfxtp_2,_11711_,picorv32a
sky130_fd_sc_hd__dfxtp_2,_11712_,picorv32a
sky130_fd_sc_hd__dfxtp_2,_11713_,picorv32a
sky130_fd_sc_hd__dfxtp_2,_11714_,picorv32a
sky130_fd_sc_hd__dfxtp_2,_11715_,picorv32a
sky130_fd_sc_hd__dfxtp_2,_11716_,picorv32a
sky130_fd_sc_hd__dfxtp_2,_11717_,picorv32a
sky130_fd_sc_hd__dfxtp_2,_11718_,picorv32a
sky130_fd_sc_hd__dfxtp_2,_11719_,picorv32a
sky130_fd_sc_hd__dfxtp_2,_11720_,picorv32a
sky130_fd_sc_hd__dfxtp_2,_11721_,picorv32a
sky130_fd_sc_hd__dfxtp_2,_11722_,picorv32a
sky130_fd_sc_hd__dfxtp_2,_11723_,picorv32a
sky130_fd_sc_hd__dfxtp_2,_11724_,picorv32a
sky130_fd_sc_hd__dfxtp_2,_11725_,picorv32a
sky130_fd_sc_hd__dfxtp_2,_11726_,picorv32a
sky130_fd_sc_hd__dfxtp_2,_11727_,picorv32a
sky130_fd_sc_hd__dfxtp_2,_11728_,picorv32a
sky130_fd_sc_hd__dfxtp_2,_11729_,picorv32a
sky130_fd_sc_hd__dfxtp_2,_11730_,picorv32a
sky130_fd_sc_hd__dfxtp_2,_11731_,picorv32a
sky130_fd_sc_hd__dfxtp_2,_11732_,picorv32a
sky130_fd_sc_hd__dfxtp_2,_11733_,picorv32a
sky130_fd_sc_hd__dfxtp_2,_11734_,picorv32a
sky130_fd_sc_hd__dfxtp_2,_11735_,picorv32a
sky130_fd_sc_hd__dfxtp_2,_11736_,picorv32a
sky130_fd_sc_hd__dfxtp_2,_11737_,picorv32a
sky130_fd_sc_hd__dfxtp_2,_11738_,picorv32a
sky130_fd_sc_hd__dfxtp_2,_11739_,picorv32a
sky130_fd_sc_hd__dfxtp_2,_11740_,picorv32a
sky130_fd_sc_hd__dfxtp_2,_11741_,picorv32a
sky130_fd_sc_hd__dfxtp_2,_11742_,picorv32a
sky130_fd_sc_hd__dfxtp_2,_11743_,picorv32a
sky130_fd_sc_hd__dfxtp_2,_11744_,picorv32a
sky130_fd_sc_hd__dfxtp_2,_11745_,picorv32a
sky130_fd_sc_hd__dfxtp_2,_11746_,picorv32a
sky130_fd_sc_hd__dfxtp_2,_11747_,picorv32a
sky130_fd_sc_hd__dfxtp_2,_11748_,picorv32a
sky130_fd_sc_hd__dfxtp_2,_11749_,picorv32a
sky130_fd_sc_hd__dfxtp_2,_11750_,picorv32a
sky130_fd_sc_hd__dfxtp_2,_11751_,picorv32a
sky130_fd_sc_hd__dfxtp_2,_11752_,picorv32a
sky130_fd_sc_hd__dfxtp_2,_11753_,picorv32a
sky130_fd_sc_hd__dfxtp_2,_11754_,picorv32a
sky130_fd_sc_hd__dfxtp_2,_11755_,picorv32a
sky130_fd_sc_hd__dfxtp_2,_11756_,picorv32a
sky130_fd_sc_hd__dfxtp_2,_11757_,picorv32a
sky130_fd_sc_hd__dfxtp_2,_11758_,picorv32a
sky130_fd_sc_hd__dfxtp_2,_11759_,picorv32a
sky130_fd_sc_hd__dfxtp_2,_11760_,picorv32a
sky130_fd_sc_hd__dfxtp_2,_11761_,picorv32a
sky130_fd_sc_hd__dfxtp_2,_11762_,picorv32a
sky130_fd_sc_hd__dfxtp_2,_11763_,picorv32a
sky130_fd_sc_hd__dfxtp_2,_11764_,picorv32a
sky130_fd_sc_hd__dfxtp_2,_11765_,picorv32a
sky130_fd_sc_hd__dfxtp_2,_11766_,picorv32a
sky130_fd_sc_hd__dfxtp_2,_11767_,picorv32a
sky130_fd_sc_hd__dfxtp_2,_11768_,picorv32a
sky130_fd_sc_hd__dfxtp_2,_11769_,picorv32a
sky130_fd_sc_hd__dfxtp_2,_11770_,picorv32a
sky130_fd_sc_hd__dfxtp_2,_11771_,picorv32a
sky130_fd_sc_hd__dfxtp_2,_11772_,picorv32a
sky130_fd_sc_hd__dfxtp_2,_11773_,picorv32a
sky130_fd_sc_hd__dfxtp_2,_11774_,picorv32a
sky130_fd_sc_hd__dfxtp_2,_11775_,picorv32a
sky130_fd_sc_hd__dfxtp_2,_11776_,picorv32a
sky130_fd_sc_hd__dfxtp_2,_11777_,picorv32a
sky130_fd_sc_hd__dfxtp_2,_11778_,picorv32a
sky130_fd_sc_hd__dfxtp_2,_11779_,picorv32a
sky130_fd_sc_hd__dfxtp_2,_11780_,picorv32a
sky130_fd_sc_hd__dfxtp_2,_11781_,picorv32a
sky130_fd_sc_hd__dfxtp_2,_11782_,picorv32a
sky130_fd_sc_hd__dfxtp_2,_11783_,picorv32a
sky130_fd_sc_hd__dfxtp_2,_11784_,picorv32a
sky130_fd_sc_hd__dfxtp_2,_11785_,picorv32a
sky130_fd_sc_hd__dfxtp_2,_11786_,picorv32a
sky130_fd_sc_hd__dfxtp_2,_11787_,picorv32a
sky130_fd_sc_hd__dfxtp_2,_11788_,picorv32a
sky130_fd_sc_hd__dfxtp_2,_11789_,picorv32a
sky130_fd_sc_hd__dfxtp_2,_11790_,picorv32a
sky130_fd_sc_hd__dfxtp_2,_11791_,picorv32a
sky130_fd_sc_hd__dfxtp_2,_11792_,picorv32a
sky130_fd_sc_hd__dfxtp_2,_11793_,picorv32a
sky130_fd_sc_hd__dfxtp_2,_11794_,picorv32a
sky130_fd_sc_hd__dfxtp_2,_11795_,picorv32a
sky130_fd_sc_hd__dfxtp_2,_11796_,picorv32a
sky130_fd_sc_hd__dfxtp_2,_11797_,picorv32a
sky130_fd_sc_hd__dfxtp_2,_11798_,picorv32a
sky130_fd_sc_hd__dfxtp_2,_11799_,picorv32a
sky130_fd_sc_hd__dfxtp_2,_11800_,picorv32a
sky130_fd_sc_hd__dfxtp_2,_11801_,picorv32a
sky130_fd_sc_hd__dfxtp_2,_11802_,picorv32a
sky130_fd_sc_hd__dfxtp_2,_11803_,picorv32a
sky130_fd_sc_hd__dfxtp_2,_11804_,picorv32a
sky130_fd_sc_hd__dfxtp_2,_11805_,picorv32a
sky130_fd_sc_hd__dfxtp_2,_11806_,picorv32a
sky130_fd_sc_hd__dfxtp_2,_11807_,picorv32a
sky130_fd_sc_hd__dfxtp_2,_11808_,picorv32a
sky130_fd_sc_hd__dfxtp_2,_11809_,picorv32a
sky130_fd_sc_hd__dfxtp_2,_11810_,picorv32a
sky130_fd_sc_hd__dfxtp_2,_11811_,picorv32a
sky130_fd_sc_hd__dfxtp_2,_11812_,picorv32a
sky130_fd_sc_hd__dfxtp_2,_11813_,picorv32a
sky130_fd_sc_hd__dfxtp_2,_11814_,picorv32a
sky130_fd_sc_hd__dfxtp_2,_11815_,picorv32a
sky130_fd_sc_hd__dfxtp_2,_11816_,picorv32a
sky130_fd_sc_hd__dfxtp_2,_11817_,picorv32a
sky130_fd_sc_hd__dfxtp_2,_11818_,picorv32a
sky130_fd_sc_hd__dfxtp_2,_11819_,picorv32a
sky130_fd_sc_hd__dfxtp_2,_11820_,picorv32a
sky130_fd_sc_hd__dfxtp_2,_11821_,picorv32a
sky130_fd_sc_hd__dfxtp_2,_11822_,picorv32a
sky130_fd_sc_hd__dfxtp_2,_11823_,picorv32a
sky130_fd_sc_hd__dfxtp_2,_11824_,picorv32a
sky130_fd_sc_hd__dfxtp_2,_11825_,picorv32a
sky130_fd_sc_hd__dfxtp_2,_11826_,picorv32a
sky130_fd_sc_hd__dfxtp_2,_11827_,picorv32a
sky130_fd_sc_hd__dfxtp_2,_11828_,picorv32a
sky130_fd_sc_hd__dfxtp_2,_11829_,picorv32a
sky130_fd_sc_hd__dfxtp_2,_11830_,picorv32a
sky130_fd_sc_hd__dfxtp_2,_11831_,picorv32a
sky130_fd_sc_hd__dfxtp_2,_11832_,picorv32a
sky130_fd_sc_hd__dfxtp_2,_11833_,picorv32a
sky130_fd_sc_hd__dfxtp_2,_11834_,picorv32a
sky130_fd_sc_hd__dfxtp_2,_11835_,picorv32a
sky130_fd_sc_hd__dfxtp_2,_11836_,picorv32a
sky130_fd_sc_hd__dfxtp_2,_11837_,picorv32a
sky130_fd_sc_hd__dfxtp_2,_11838_,picorv32a
sky130_fd_sc_hd__dfxtp_2,_11839_,picorv32a
sky130_fd_sc_hd__dfxtp_2,_11840_,picorv32a
sky130_fd_sc_hd__dfxtp_2,_11841_,picorv32a
sky130_fd_sc_hd__dfxtp_2,_11842_,picorv32a
sky130_fd_sc_hd__dfxtp_2,_11843_,picorv32a
sky130_fd_sc_hd__dfxtp_2,_11844_,picorv32a
sky130_fd_sc_hd__dfxtp_2,_11845_,picorv32a
sky130_fd_sc_hd__dfxtp_2,_11846_,picorv32a
sky130_fd_sc_hd__dfxtp_2,_11847_,picorv32a
sky130_fd_sc_hd__dfxtp_2,_11848_,picorv32a
sky130_fd_sc_hd__dfxtp_2,_11849_,picorv32a
sky130_fd_sc_hd__dfxtp_2,_11850_,picorv32a
sky130_fd_sc_hd__dfxtp_2,_11851_,picorv32a
sky130_fd_sc_hd__dfxtp_2,_11852_,picorv32a
sky130_fd_sc_hd__dfxtp_2,_11853_,picorv32a
sky130_fd_sc_hd__dfxtp_2,_11854_,picorv32a
sky130_fd_sc_hd__dfxtp_2,_11855_,picorv32a
sky130_fd_sc_hd__dfxtp_2,_11856_,picorv32a
sky130_fd_sc_hd__dfxtp_2,_11857_,picorv32a
sky130_fd_sc_hd__dfxtp_2,_11858_,picorv32a
sky130_fd_sc_hd__dfxtp_2,_11859_,picorv32a
sky130_fd_sc_hd__dfxtp_2,_11860_,picorv32a
sky130_fd_sc_hd__dfxtp_2,_11861_,picorv32a
sky130_fd_sc_hd__dfxtp_2,_11862_,picorv32a
sky130_fd_sc_hd__dfxtp_2,_11863_,picorv32a
sky130_fd_sc_hd__dfxtp_2,_11864_,picorv32a
sky130_fd_sc_hd__dfxtp_2,_11865_,picorv32a
sky130_fd_sc_hd__dfxtp_2,_11866_,picorv32a
sky130_fd_sc_hd__dfxtp_2,_11867_,picorv32a
sky130_fd_sc_hd__dfxtp_2,_11868_,picorv32a
sky130_fd_sc_hd__dfxtp_2,_11869_,picorv32a
sky130_fd_sc_hd__dfxtp_2,_11870_,picorv32a
sky130_fd_sc_hd__dfxtp_2,_11871_,picorv32a
sky130_fd_sc_hd__dfxtp_2,_11872_,picorv32a
sky130_fd_sc_hd__dfxtp_2,_11873_,picorv32a
sky130_fd_sc_hd__dfxtp_2,_11874_,picorv32a
sky130_fd_sc_hd__dfxtp_2,_11875_,picorv32a
sky130_fd_sc_hd__dfxtp_2,_11876_,picorv32a
sky130_fd_sc_hd__dfxtp_2,_11877_,picorv32a
sky130_fd_sc_hd__dfxtp_2,_11878_,picorv32a
sky130_fd_sc_hd__dfxtp_2,_11879_,picorv32a
sky130_fd_sc_hd__dfxtp_2,_11880_,picorv32a
sky130_fd_sc_hd__dfxtp_2,_11881_,picorv32a
sky130_fd_sc_hd__dfxtp_2,_11882_,picorv32a
sky130_fd_sc_hd__dfxtp_2,_11883_,picorv32a
sky130_fd_sc_hd__dfxtp_2,_11884_,picorv32a
sky130_fd_sc_hd__dfxtp_2,_11885_,picorv32a
sky130_fd_sc_hd__dfxtp_2,_11886_,picorv32a
sky130_fd_sc_hd__dfxtp_2,_11887_,picorv32a
sky130_fd_sc_hd__dfxtp_2,_11888_,picorv32a
sky130_fd_sc_hd__dfxtp_2,_11889_,picorv32a
sky130_fd_sc_hd__dfxtp_2,_11890_,picorv32a
sky130_fd_sc_hd__dfxtp_2,_11891_,picorv32a
sky130_fd_sc_hd__dfxtp_2,_11892_,picorv32a
sky130_fd_sc_hd__dfxtp_2,_11893_,picorv32a
sky130_fd_sc_hd__dfxtp_2,_11894_,picorv32a
sky130_fd_sc_hd__dfxtp_2,_11895_,picorv32a
sky130_fd_sc_hd__dfxtp_2,_11896_,picorv32a
sky130_fd_sc_hd__dfxtp_2,_11897_,picorv32a
sky130_fd_sc_hd__dfxtp_2,_11898_,picorv32a
sky130_fd_sc_hd__dfxtp_2,_11899_,picorv32a
sky130_fd_sc_hd__dfxtp_2,_11900_,picorv32a
sky130_fd_sc_hd__dfxtp_2,_11901_,picorv32a
sky130_fd_sc_hd__dfxtp_2,_11902_,picorv32a
sky130_fd_sc_hd__dfxtp_2,_11903_,picorv32a
sky130_fd_sc_hd__dfxtp_2,_11904_,picorv32a
sky130_fd_sc_hd__dfxtp_2,_11905_,picorv32a
sky130_fd_sc_hd__dfxtp_2,_11906_,picorv32a
sky130_fd_sc_hd__dfxtp_2,_11907_,picorv32a
sky130_fd_sc_hd__dfxtp_2,_11908_,picorv32a
sky130_fd_sc_hd__dfxtp_2,_11909_,picorv32a
sky130_fd_sc_hd__dfxtp_2,_11910_,picorv32a
sky130_fd_sc_hd__dfxtp_2,_11911_,picorv32a
sky130_fd_sc_hd__dfxtp_2,_11912_,picorv32a
sky130_fd_sc_hd__dfxtp_2,_11913_,picorv32a
sky130_fd_sc_hd__dfxtp_2,_11914_,picorv32a
sky130_fd_sc_hd__dfxtp_2,_11915_,picorv32a
sky130_fd_sc_hd__dfxtp_2,_11916_,picorv32a
sky130_fd_sc_hd__dfxtp_2,_11917_,picorv32a
sky130_fd_sc_hd__dfxtp_2,_11918_,picorv32a
sky130_fd_sc_hd__dfxtp_2,_11919_,picorv32a
sky130_fd_sc_hd__dfxtp_2,_11920_,picorv32a
sky130_fd_sc_hd__dfxtp_2,_11921_,picorv32a
sky130_fd_sc_hd__dfxtp_2,_11922_,picorv32a
sky130_fd_sc_hd__dfxtp_2,_11923_,picorv32a
sky130_fd_sc_hd__dfxtp_2,_11924_,picorv32a
sky130_fd_sc_hd__dfxtp_2,_11925_,picorv32a
sky130_fd_sc_hd__dfxtp_2,_11926_,picorv32a
sky130_fd_sc_hd__dfxtp_2,_11927_,picorv32a
sky130_fd_sc_hd__dfxtp_2,_11928_,picorv32a
sky130_fd_sc_hd__dfxtp_2,_11929_,picorv32a
sky130_fd_sc_hd__dfxtp_2,_11930_,picorv32a
sky130_fd_sc_hd__dfxtp_2,_11931_,picorv32a
sky130_fd_sc_hd__dfxtp_2,_11932_,picorv32a
sky130_fd_sc_hd__dfxtp_2,_11933_,picorv32a
sky130_fd_sc_hd__dfxtp_2,_11934_,picorv32a
sky130_fd_sc_hd__dfxtp_2,_11935_,picorv32a
sky130_fd_sc_hd__dfxtp_2,_11936_,picorv32a
sky130_fd_sc_hd__dfxtp_2,_11937_,picorv32a
sky130_fd_sc_hd__dfxtp_2,_11938_,picorv32a
sky130_fd_sc_hd__dfxtp_2,_11939_,picorv32a
sky130_fd_sc_hd__dfxtp_2,_11940_,picorv32a
sky130_fd_sc_hd__dfxtp_2,_11941_,picorv32a
sky130_fd_sc_hd__dfxtp_2,_11942_,picorv32a
sky130_fd_sc_hd__dfxtp_2,_11943_,picorv32a
sky130_fd_sc_hd__dfxtp_2,_11944_,picorv32a
sky130_fd_sc_hd__dfxtp_2,_11945_,picorv32a
sky130_fd_sc_hd__dfxtp_2,_11946_,picorv32a
sky130_fd_sc_hd__dfxtp_2,_11947_,picorv32a
sky130_fd_sc_hd__dfxtp_2,_11948_,picorv32a
sky130_fd_sc_hd__dfxtp_2,_11949_,picorv32a
sky130_fd_sc_hd__dfxtp_2,_11950_,picorv32a
sky130_fd_sc_hd__dfxtp_2,_11951_,picorv32a
sky130_fd_sc_hd__dfxtp_2,_11952_,picorv32a
sky130_fd_sc_hd__dfxtp_2,_11953_,picorv32a
sky130_fd_sc_hd__dfxtp_2,_11954_,picorv32a
sky130_fd_sc_hd__dfxtp_2,_11955_,picorv32a
sky130_fd_sc_hd__dfxtp_2,_11956_,picorv32a
sky130_fd_sc_hd__dfxtp_2,_11957_,picorv32a
sky130_fd_sc_hd__dfxtp_2,_11958_,picorv32a
sky130_fd_sc_hd__dfxtp_2,_11959_,picorv32a
sky130_fd_sc_hd__conb_1,_11960_,picorv32a
sky130_fd_sc_hd__conb_1,_11961_,picorv32a
sky130_fd_sc_hd__conb_1,_11962_,picorv32a
sky130_fd_sc_hd__conb_1,_11963_,picorv32a
sky130_fd_sc_hd__conb_1,_11964_,picorv32a
sky130_fd_sc_hd__conb_1,_11965_,picorv32a
sky130_fd_sc_hd__conb_1,_11966_,picorv32a
sky130_fd_sc_hd__conb_1,_11967_,picorv32a
sky130_fd_sc_hd__conb_1,_11968_,picorv32a
sky130_fd_sc_hd__conb_1,_11969_,picorv32a
sky130_fd_sc_hd__conb_1,_11970_,picorv32a
sky130_fd_sc_hd__conb_1,_11971_,picorv32a
sky130_fd_sc_hd__conb_1,_11972_,picorv32a
sky130_fd_sc_hd__conb_1,_11973_,picorv32a
sky130_fd_sc_hd__conb_1,_11974_,picorv32a
sky130_fd_sc_hd__conb_1,_11975_,picorv32a
sky130_fd_sc_hd__conb_1,_11976_,picorv32a
sky130_fd_sc_hd__conb_1,_11977_,picorv32a
sky130_fd_sc_hd__conb_1,_11978_,picorv32a
sky130_fd_sc_hd__conb_1,_11979_,picorv32a
sky130_fd_sc_hd__conb_1,_11980_,picorv32a
sky130_fd_sc_hd__conb_1,_11981_,picorv32a
sky130_fd_sc_hd__conb_1,_11982_,picorv32a
sky130_fd_sc_hd__conb_1,_11983_,picorv32a
sky130_fd_sc_hd__conb_1,_11984_,picorv32a
sky130_fd_sc_hd__conb_1,_11985_,picorv32a
sky130_fd_sc_hd__conb_1,_11986_,picorv32a
sky130_fd_sc_hd__conb_1,_11987_,picorv32a
sky130_fd_sc_hd__conb_1,_11988_,picorv32a
sky130_fd_sc_hd__conb_1,_11989_,picorv32a
sky130_fd_sc_hd__conb_1,_11990_,picorv32a
sky130_fd_sc_hd__conb_1,_11991_,picorv32a
sky130_fd_sc_hd__conb_1,_11992_,picorv32a
sky130_fd_sc_hd__conb_1,_11993_,picorv32a
sky130_fd_sc_hd__conb_1,_11994_,picorv32a
sky130_fd_sc_hd__conb_1,_11995_,picorv32a
sky130_fd_sc_hd__conb_1,_11996_,picorv32a
sky130_fd_sc_hd__conb_1,_11997_,picorv32a
sky130_fd_sc_hd__conb_1,_11998_,picorv32a
sky130_fd_sc_hd__conb_1,_11999_,picorv32a
sky130_fd_sc_hd__conb_1,_12000_,picorv32a
sky130_fd_sc_hd__buf_2,_12001_,picorv32a
sky130_fd_sc_hd__buf_2,_12002_,picorv32a
sky130_fd_sc_hd__buf_2,_12003_,picorv32a
sky130_fd_sc_hd__buf_2,_12004_,picorv32a
sky130_fd_sc_hd__buf_2,_12005_,picorv32a
sky130_fd_sc_hd__buf_2,_12006_,picorv32a
sky130_fd_sc_hd__buf_2,_12007_,picorv32a
sky130_fd_sc_hd__buf_2,_12008_,picorv32a
